ISO-10303-21;
HEADER;
/* Generated by software containing ST-Developer
 * from STEP Tools, Inc. (www.steptools.com) 
 */

FILE_DESCRIPTION(
/* description */ (''),
/* implementation_level */ '2;1');

FILE_NAME(
/* name */ 'J1.step',
/* time_stamp */ '2026-10-02T22:14:40+08:00',
/* author */ (''),
/* organization */ (''),
/* preprocessor_version */ 'ST-DEVELOPER v20.2',
/* originating_system */ 'Autodesk Translation Framework v15.15.0.0',
/* authorisation */ '');

FILE_SCHEMA (('AUTOMOTIVE_DESIGN { 1 0 10303 214 3 1 1 }'));
ENDSEC;

DATA;
#10=MECHANICAL_DESIGN_GEOMETRIC_PRESENTATION_REPRESENTATION('',(#13,#14,
#15,#16,#17,#18,#19,#20,#21,#22,#23,#24,#25,#26,#27,#28,#29,#30,#31,#32,
#33,#34,#35,#36,#37,#38,#39,#40,#41,#42),#4562);
#11=SHAPE_REPRESENTATION_RELATIONSHIP('SRR','None',#4569,#12);
#12=ADVANCED_BREP_SHAPE_REPRESENTATION('',(#43,#44,#45,#46,#47,#48,#49,
#50,#51,#52,#53,#54,#55,#56,#57,#58,#59,#60,#61,#62,#63,#64,#65,#66,#67,
#68,#69,#70,#71,#72),#4561);
#13=STYLED_ITEM('',(#4579),#43);
#14=STYLED_ITEM('',(#4580),#44);
#15=STYLED_ITEM('',(#4580),#45);
#16=STYLED_ITEM('',(#4580),#46);
#17=STYLED_ITEM('',(#4580),#47);
#18=STYLED_ITEM('',(#4580),#48);
#19=STYLED_ITEM('',(#4580),#49);
#20=STYLED_ITEM('',(#4580),#50);
#21=STYLED_ITEM('',(#4580),#51);
#22=STYLED_ITEM('',(#4580),#52);
#23=STYLED_ITEM('',(#4580),#53);
#24=STYLED_ITEM('',(#4580),#54);
#25=STYLED_ITEM('',(#4580),#55);
#26=STYLED_ITEM('',(#4580),#56);
#27=STYLED_ITEM('',(#4580),#57);
#28=STYLED_ITEM('',(#4580),#58);
#29=STYLED_ITEM('',(#4580),#59);
#30=STYLED_ITEM('',(#4580),#60);
#31=STYLED_ITEM('',(#4580),#61);
#32=STYLED_ITEM('',(#4580),#62);
#33=STYLED_ITEM('',(#4580),#63);
#34=STYLED_ITEM('',(#4580),#64);
#35=STYLED_ITEM('',(#4580),#65);
#36=STYLED_ITEM('',(#4580),#66);
#37=STYLED_ITEM('',(#4580),#67);
#38=STYLED_ITEM('',(#4580),#68);
#39=STYLED_ITEM('',(#4580),#69);
#40=STYLED_ITEM('',(#4580),#70);
#41=STYLED_ITEM('',(#4580),#71);
#42=STYLED_ITEM('',(#4580),#72);
#43=MANIFOLD_SOLID_BREP('Header insulator',#2833);
#44=MANIFOLD_SOLID_BREP('Header pin 1',#2834);
#45=MANIFOLD_SOLID_BREP('Header pin 2',#2835);
#46=MANIFOLD_SOLID_BREP('Header pin 3',#2836);
#47=MANIFOLD_SOLID_BREP('Header pin 4',#2837);
#48=MANIFOLD_SOLID_BREP('Header pin 5',#2838);
#49=MANIFOLD_SOLID_BREP('Header pin 6',#2839);
#50=MANIFOLD_SOLID_BREP('Header pin 7',#2840);
#51=MANIFOLD_SOLID_BREP('Header pin 8',#2841);
#52=MANIFOLD_SOLID_BREP('Header pin 9',#2842);
#53=MANIFOLD_SOLID_BREP('Header pin 10',#2843);
#54=MANIFOLD_SOLID_BREP('Header pin 11',#2844);
#55=MANIFOLD_SOLID_BREP('Header pin 12',#2845);
#56=MANIFOLD_SOLID_BREP('Header pin 13',#2846);
#57=MANIFOLD_SOLID_BREP('Header pin 14',#2847);
#58=MANIFOLD_SOLID_BREP('Header pin 15',#2848);
#59=MANIFOLD_SOLID_BREP('Header pin 16',#2849);
#60=MANIFOLD_SOLID_BREP('Header pin 17',#2850);
#61=MANIFOLD_SOLID_BREP('Header pin 18',#2851);
#62=MANIFOLD_SOLID_BREP('Header pin 19',#2852);
#63=MANIFOLD_SOLID_BREP('Header pin 20',#2853);
#64=MANIFOLD_SOLID_BREP('Header pin 21',#2854);
#65=MANIFOLD_SOLID_BREP('Header pin 22',#2855);
#66=MANIFOLD_SOLID_BREP('Header pin 23',#2856);
#67=MANIFOLD_SOLID_BREP('Header pin 24',#2857);
#68=MANIFOLD_SOLID_BREP('Header pin 25',#2858);
#69=MANIFOLD_SOLID_BREP('Header pin 26',#2859);
#70=MANIFOLD_SOLID_BREP('Header pin 27',#2860);
#71=MANIFOLD_SOLID_BREP('Header pin 28',#2861);
#72=MANIFOLD_SOLID_BREP('Header pin 29',#2862);
#73=FACE_OUTER_BOUND('',#253,.T.);
#74=FACE_OUTER_BOUND('',#254,.T.);
#75=FACE_OUTER_BOUND('',#255,.T.);
#76=FACE_OUTER_BOUND('',#256,.T.);
#77=FACE_OUTER_BOUND('',#257,.T.);
#78=FACE_OUTER_BOUND('',#258,.T.);
#79=FACE_OUTER_BOUND('',#259,.T.);
#80=FACE_OUTER_BOUND('',#260,.T.);
#81=FACE_OUTER_BOUND('',#261,.T.);
#82=FACE_OUTER_BOUND('',#262,.T.);
#83=FACE_OUTER_BOUND('',#263,.T.);
#84=FACE_OUTER_BOUND('',#264,.T.);
#85=FACE_OUTER_BOUND('',#265,.T.);
#86=FACE_OUTER_BOUND('',#266,.T.);
#87=FACE_OUTER_BOUND('',#267,.T.);
#88=FACE_OUTER_BOUND('',#268,.T.);
#89=FACE_OUTER_BOUND('',#269,.T.);
#90=FACE_OUTER_BOUND('',#270,.T.);
#91=FACE_OUTER_BOUND('',#271,.T.);
#92=FACE_OUTER_BOUND('',#272,.T.);
#93=FACE_OUTER_BOUND('',#273,.T.);
#94=FACE_OUTER_BOUND('',#274,.T.);
#95=FACE_OUTER_BOUND('',#275,.T.);
#96=FACE_OUTER_BOUND('',#276,.T.);
#97=FACE_OUTER_BOUND('',#277,.T.);
#98=FACE_OUTER_BOUND('',#278,.T.);
#99=FACE_OUTER_BOUND('',#279,.T.);
#100=FACE_OUTER_BOUND('',#280,.T.);
#101=FACE_OUTER_BOUND('',#281,.T.);
#102=FACE_OUTER_BOUND('',#282,.T.);
#103=FACE_OUTER_BOUND('',#283,.T.);
#104=FACE_OUTER_BOUND('',#284,.T.);
#105=FACE_OUTER_BOUND('',#285,.T.);
#106=FACE_OUTER_BOUND('',#286,.T.);
#107=FACE_OUTER_BOUND('',#287,.T.);
#108=FACE_OUTER_BOUND('',#288,.T.);
#109=FACE_OUTER_BOUND('',#289,.T.);
#110=FACE_OUTER_BOUND('',#290,.T.);
#111=FACE_OUTER_BOUND('',#291,.T.);
#112=FACE_OUTER_BOUND('',#292,.T.);
#113=FACE_OUTER_BOUND('',#293,.T.);
#114=FACE_OUTER_BOUND('',#294,.T.);
#115=FACE_OUTER_BOUND('',#295,.T.);
#116=FACE_OUTER_BOUND('',#296,.T.);
#117=FACE_OUTER_BOUND('',#297,.T.);
#118=FACE_OUTER_BOUND('',#298,.T.);
#119=FACE_OUTER_BOUND('',#299,.T.);
#120=FACE_OUTER_BOUND('',#300,.T.);
#121=FACE_OUTER_BOUND('',#301,.T.);
#122=FACE_OUTER_BOUND('',#302,.T.);
#123=FACE_OUTER_BOUND('',#303,.T.);
#124=FACE_OUTER_BOUND('',#304,.T.);
#125=FACE_OUTER_BOUND('',#305,.T.);
#126=FACE_OUTER_BOUND('',#306,.T.);
#127=FACE_OUTER_BOUND('',#307,.T.);
#128=FACE_OUTER_BOUND('',#308,.T.);
#129=FACE_OUTER_BOUND('',#309,.T.);
#130=FACE_OUTER_BOUND('',#310,.T.);
#131=FACE_OUTER_BOUND('',#311,.T.);
#132=FACE_OUTER_BOUND('',#312,.T.);
#133=FACE_OUTER_BOUND('',#313,.T.);
#134=FACE_OUTER_BOUND('',#314,.T.);
#135=FACE_OUTER_BOUND('',#315,.T.);
#136=FACE_OUTER_BOUND('',#316,.T.);
#137=FACE_OUTER_BOUND('',#317,.T.);
#138=FACE_OUTER_BOUND('',#318,.T.);
#139=FACE_OUTER_BOUND('',#319,.T.);
#140=FACE_OUTER_BOUND('',#320,.T.);
#141=FACE_OUTER_BOUND('',#321,.T.);
#142=FACE_OUTER_BOUND('',#322,.T.);
#143=FACE_OUTER_BOUND('',#323,.T.);
#144=FACE_OUTER_BOUND('',#324,.T.);
#145=FACE_OUTER_BOUND('',#325,.T.);
#146=FACE_OUTER_BOUND('',#326,.T.);
#147=FACE_OUTER_BOUND('',#327,.T.);
#148=FACE_OUTER_BOUND('',#328,.T.);
#149=FACE_OUTER_BOUND('',#329,.T.);
#150=FACE_OUTER_BOUND('',#330,.T.);
#151=FACE_OUTER_BOUND('',#331,.T.);
#152=FACE_OUTER_BOUND('',#332,.T.);
#153=FACE_OUTER_BOUND('',#333,.T.);
#154=FACE_OUTER_BOUND('',#334,.T.);
#155=FACE_OUTER_BOUND('',#335,.T.);
#156=FACE_OUTER_BOUND('',#336,.T.);
#157=FACE_OUTER_BOUND('',#337,.T.);
#158=FACE_OUTER_BOUND('',#338,.T.);
#159=FACE_OUTER_BOUND('',#339,.T.);
#160=FACE_OUTER_BOUND('',#340,.T.);
#161=FACE_OUTER_BOUND('',#341,.T.);
#162=FACE_OUTER_BOUND('',#342,.T.);
#163=FACE_OUTER_BOUND('',#343,.T.);
#164=FACE_OUTER_BOUND('',#344,.T.);
#165=FACE_OUTER_BOUND('',#345,.T.);
#166=FACE_OUTER_BOUND('',#346,.T.);
#167=FACE_OUTER_BOUND('',#347,.T.);
#168=FACE_OUTER_BOUND('',#348,.T.);
#169=FACE_OUTER_BOUND('',#349,.T.);
#170=FACE_OUTER_BOUND('',#350,.T.);
#171=FACE_OUTER_BOUND('',#351,.T.);
#172=FACE_OUTER_BOUND('',#352,.T.);
#173=FACE_OUTER_BOUND('',#353,.T.);
#174=FACE_OUTER_BOUND('',#354,.T.);
#175=FACE_OUTER_BOUND('',#355,.T.);
#176=FACE_OUTER_BOUND('',#356,.T.);
#177=FACE_OUTER_BOUND('',#357,.T.);
#178=FACE_OUTER_BOUND('',#358,.T.);
#179=FACE_OUTER_BOUND('',#359,.T.);
#180=FACE_OUTER_BOUND('',#360,.T.);
#181=FACE_OUTER_BOUND('',#361,.T.);
#182=FACE_OUTER_BOUND('',#362,.T.);
#183=FACE_OUTER_BOUND('',#363,.T.);
#184=FACE_OUTER_BOUND('',#364,.T.);
#185=FACE_OUTER_BOUND('',#365,.T.);
#186=FACE_OUTER_BOUND('',#366,.T.);
#187=FACE_OUTER_BOUND('',#367,.T.);
#188=FACE_OUTER_BOUND('',#368,.T.);
#189=FACE_OUTER_BOUND('',#369,.T.);
#190=FACE_OUTER_BOUND('',#370,.T.);
#191=FACE_OUTER_BOUND('',#371,.T.);
#192=FACE_OUTER_BOUND('',#372,.T.);
#193=FACE_OUTER_BOUND('',#373,.T.);
#194=FACE_OUTER_BOUND('',#374,.T.);
#195=FACE_OUTER_BOUND('',#375,.T.);
#196=FACE_OUTER_BOUND('',#376,.T.);
#197=FACE_OUTER_BOUND('',#377,.T.);
#198=FACE_OUTER_BOUND('',#378,.T.);
#199=FACE_OUTER_BOUND('',#379,.T.);
#200=FACE_OUTER_BOUND('',#380,.T.);
#201=FACE_OUTER_BOUND('',#381,.T.);
#202=FACE_OUTER_BOUND('',#382,.T.);
#203=FACE_OUTER_BOUND('',#383,.T.);
#204=FACE_OUTER_BOUND('',#384,.T.);
#205=FACE_OUTER_BOUND('',#385,.T.);
#206=FACE_OUTER_BOUND('',#386,.T.);
#207=FACE_OUTER_BOUND('',#387,.T.);
#208=FACE_OUTER_BOUND('',#388,.T.);
#209=FACE_OUTER_BOUND('',#389,.T.);
#210=FACE_OUTER_BOUND('',#390,.T.);
#211=FACE_OUTER_BOUND('',#391,.T.);
#212=FACE_OUTER_BOUND('',#392,.T.);
#213=FACE_OUTER_BOUND('',#393,.T.);
#214=FACE_OUTER_BOUND('',#394,.T.);
#215=FACE_OUTER_BOUND('',#395,.T.);
#216=FACE_OUTER_BOUND('',#396,.T.);
#217=FACE_OUTER_BOUND('',#397,.T.);
#218=FACE_OUTER_BOUND('',#398,.T.);
#219=FACE_OUTER_BOUND('',#399,.T.);
#220=FACE_OUTER_BOUND('',#400,.T.);
#221=FACE_OUTER_BOUND('',#401,.T.);
#222=FACE_OUTER_BOUND('',#402,.T.);
#223=FACE_OUTER_BOUND('',#403,.T.);
#224=FACE_OUTER_BOUND('',#404,.T.);
#225=FACE_OUTER_BOUND('',#405,.T.);
#226=FACE_OUTER_BOUND('',#406,.T.);
#227=FACE_OUTER_BOUND('',#407,.T.);
#228=FACE_OUTER_BOUND('',#408,.T.);
#229=FACE_OUTER_BOUND('',#409,.T.);
#230=FACE_OUTER_BOUND('',#410,.T.);
#231=FACE_OUTER_BOUND('',#411,.T.);
#232=FACE_OUTER_BOUND('',#412,.T.);
#233=FACE_OUTER_BOUND('',#413,.T.);
#234=FACE_OUTER_BOUND('',#414,.T.);
#235=FACE_OUTER_BOUND('',#415,.T.);
#236=FACE_OUTER_BOUND('',#416,.T.);
#237=FACE_OUTER_BOUND('',#417,.T.);
#238=FACE_OUTER_BOUND('',#418,.T.);
#239=FACE_OUTER_BOUND('',#419,.T.);
#240=FACE_OUTER_BOUND('',#420,.T.);
#241=FACE_OUTER_BOUND('',#421,.T.);
#242=FACE_OUTER_BOUND('',#422,.T.);
#243=FACE_OUTER_BOUND('',#423,.T.);
#244=FACE_OUTER_BOUND('',#424,.T.);
#245=FACE_OUTER_BOUND('',#425,.T.);
#246=FACE_OUTER_BOUND('',#426,.T.);
#247=FACE_OUTER_BOUND('',#427,.T.);
#248=FACE_OUTER_BOUND('',#428,.T.);
#249=FACE_OUTER_BOUND('',#429,.T.);
#250=FACE_OUTER_BOUND('',#430,.T.);
#251=FACE_OUTER_BOUND('',#431,.T.);
#252=FACE_OUTER_BOUND('',#432,.T.);
#253=EDGE_LOOP('',(#1753,#1754,#1755,#1756));
#254=EDGE_LOOP('',(#1757,#1758,#1759,#1760));
#255=EDGE_LOOP('',(#1761,#1762,#1763,#1764));
#256=EDGE_LOOP('',(#1765,#1766,#1767,#1768));
#257=EDGE_LOOP('',(#1769,#1770,#1771,#1772));
#258=EDGE_LOOP('',(#1773,#1774,#1775,#1776));
#259=EDGE_LOOP('',(#1777,#1778,#1779,#1780));
#260=EDGE_LOOP('',(#1781,#1782,#1783,#1784));
#261=EDGE_LOOP('',(#1785,#1786,#1787,#1788));
#262=EDGE_LOOP('',(#1789,#1790,#1791,#1792));
#263=EDGE_LOOP('',(#1793,#1794,#1795,#1796));
#264=EDGE_LOOP('',(#1797,#1798,#1799,#1800));
#265=EDGE_LOOP('',(#1801,#1802,#1803,#1804));
#266=EDGE_LOOP('',(#1805,#1806,#1807,#1808));
#267=EDGE_LOOP('',(#1809,#1810,#1811,#1812));
#268=EDGE_LOOP('',(#1813,#1814,#1815,#1816));
#269=EDGE_LOOP('',(#1817,#1818,#1819,#1820));
#270=EDGE_LOOP('',(#1821,#1822,#1823,#1824));
#271=EDGE_LOOP('',(#1825,#1826,#1827,#1828));
#272=EDGE_LOOP('',(#1829,#1830,#1831,#1832));
#273=EDGE_LOOP('',(#1833,#1834,#1835,#1836));
#274=EDGE_LOOP('',(#1837,#1838,#1839,#1840));
#275=EDGE_LOOP('',(#1841,#1842,#1843,#1844));
#276=EDGE_LOOP('',(#1845,#1846,#1847,#1848));
#277=EDGE_LOOP('',(#1849,#1850,#1851,#1852));
#278=EDGE_LOOP('',(#1853,#1854,#1855,#1856));
#279=EDGE_LOOP('',(#1857,#1858,#1859,#1860));
#280=EDGE_LOOP('',(#1861,#1862,#1863,#1864));
#281=EDGE_LOOP('',(#1865,#1866,#1867,#1868));
#282=EDGE_LOOP('',(#1869,#1870,#1871,#1872));
#283=EDGE_LOOP('',(#1873,#1874,#1875,#1876));
#284=EDGE_LOOP('',(#1877,#1878,#1879,#1880));
#285=EDGE_LOOP('',(#1881,#1882,#1883,#1884));
#286=EDGE_LOOP('',(#1885,#1886,#1887,#1888));
#287=EDGE_LOOP('',(#1889,#1890,#1891,#1892));
#288=EDGE_LOOP('',(#1893,#1894,#1895,#1896));
#289=EDGE_LOOP('',(#1897,#1898,#1899,#1900));
#290=EDGE_LOOP('',(#1901,#1902,#1903,#1904));
#291=EDGE_LOOP('',(#1905,#1906,#1907,#1908));
#292=EDGE_LOOP('',(#1909,#1910,#1911,#1912));
#293=EDGE_LOOP('',(#1913,#1914,#1915,#1916));
#294=EDGE_LOOP('',(#1917,#1918,#1919,#1920));
#295=EDGE_LOOP('',(#1921,#1922,#1923,#1924));
#296=EDGE_LOOP('',(#1925,#1926,#1927,#1928));
#297=EDGE_LOOP('',(#1929,#1930,#1931,#1932));
#298=EDGE_LOOP('',(#1933,#1934,#1935,#1936));
#299=EDGE_LOOP('',(#1937,#1938,#1939,#1940));
#300=EDGE_LOOP('',(#1941,#1942,#1943,#1944));
#301=EDGE_LOOP('',(#1945,#1946,#1947,#1948));
#302=EDGE_LOOP('',(#1949,#1950,#1951,#1952));
#303=EDGE_LOOP('',(#1953,#1954,#1955,#1956));
#304=EDGE_LOOP('',(#1957,#1958,#1959,#1960));
#305=EDGE_LOOP('',(#1961,#1962,#1963,#1964));
#306=EDGE_LOOP('',(#1965,#1966,#1967,#1968));
#307=EDGE_LOOP('',(#1969,#1970,#1971,#1972));
#308=EDGE_LOOP('',(#1973,#1974,#1975,#1976));
#309=EDGE_LOOP('',(#1977,#1978,#1979,#1980));
#310=EDGE_LOOP('',(#1981,#1982,#1983,#1984));
#311=EDGE_LOOP('',(#1985,#1986,#1987,#1988));
#312=EDGE_LOOP('',(#1989,#1990,#1991,#1992));
#313=EDGE_LOOP('',(#1993,#1994,#1995,#1996));
#314=EDGE_LOOP('',(#1997,#1998,#1999,#2000));
#315=EDGE_LOOP('',(#2001,#2002,#2003,#2004));
#316=EDGE_LOOP('',(#2005,#2006,#2007,#2008));
#317=EDGE_LOOP('',(#2009,#2010,#2011,#2012));
#318=EDGE_LOOP('',(#2013,#2014,#2015,#2016));
#319=EDGE_LOOP('',(#2017,#2018,#2019,#2020));
#320=EDGE_LOOP('',(#2021,#2022,#2023,#2024));
#321=EDGE_LOOP('',(#2025,#2026,#2027,#2028));
#322=EDGE_LOOP('',(#2029,#2030,#2031,#2032));
#323=EDGE_LOOP('',(#2033,#2034,#2035,#2036));
#324=EDGE_LOOP('',(#2037,#2038,#2039,#2040));
#325=EDGE_LOOP('',(#2041,#2042,#2043,#2044));
#326=EDGE_LOOP('',(#2045,#2046,#2047,#2048));
#327=EDGE_LOOP('',(#2049,#2050,#2051,#2052));
#328=EDGE_LOOP('',(#2053,#2054,#2055,#2056));
#329=EDGE_LOOP('',(#2057,#2058,#2059,#2060));
#330=EDGE_LOOP('',(#2061,#2062,#2063,#2064));
#331=EDGE_LOOP('',(#2065,#2066,#2067,#2068));
#332=EDGE_LOOP('',(#2069,#2070,#2071,#2072));
#333=EDGE_LOOP('',(#2073,#2074,#2075,#2076));
#334=EDGE_LOOP('',(#2077,#2078,#2079,#2080));
#335=EDGE_LOOP('',(#2081,#2082,#2083,#2084));
#336=EDGE_LOOP('',(#2085,#2086,#2087,#2088));
#337=EDGE_LOOP('',(#2089,#2090,#2091,#2092));
#338=EDGE_LOOP('',(#2093,#2094,#2095,#2096));
#339=EDGE_LOOP('',(#2097,#2098,#2099,#2100));
#340=EDGE_LOOP('',(#2101,#2102,#2103,#2104));
#341=EDGE_LOOP('',(#2105,#2106,#2107,#2108));
#342=EDGE_LOOP('',(#2109,#2110,#2111,#2112));
#343=EDGE_LOOP('',(#2113,#2114,#2115,#2116));
#344=EDGE_LOOP('',(#2117,#2118,#2119,#2120));
#345=EDGE_LOOP('',(#2121,#2122,#2123,#2124));
#346=EDGE_LOOP('',(#2125,#2126,#2127,#2128));
#347=EDGE_LOOP('',(#2129,#2130,#2131,#2132));
#348=EDGE_LOOP('',(#2133,#2134,#2135,#2136));
#349=EDGE_LOOP('',(#2137,#2138,#2139,#2140));
#350=EDGE_LOOP('',(#2141,#2142,#2143,#2144));
#351=EDGE_LOOP('',(#2145,#2146,#2147,#2148));
#352=EDGE_LOOP('',(#2149,#2150,#2151,#2152));
#353=EDGE_LOOP('',(#2153,#2154,#2155,#2156));
#354=EDGE_LOOP('',(#2157,#2158,#2159,#2160));
#355=EDGE_LOOP('',(#2161,#2162,#2163,#2164));
#356=EDGE_LOOP('',(#2165,#2166,#2167,#2168));
#357=EDGE_LOOP('',(#2169,#2170,#2171,#2172));
#358=EDGE_LOOP('',(#2173,#2174,#2175,#2176));
#359=EDGE_LOOP('',(#2177,#2178,#2179,#2180));
#360=EDGE_LOOP('',(#2181,#2182,#2183,#2184));
#361=EDGE_LOOP('',(#2185,#2186,#2187,#2188));
#362=EDGE_LOOP('',(#2189,#2190,#2191,#2192));
#363=EDGE_LOOP('',(#2193,#2194,#2195,#2196));
#364=EDGE_LOOP('',(#2197,#2198,#2199,#2200));
#365=EDGE_LOOP('',(#2201,#2202,#2203,#2204));
#366=EDGE_LOOP('',(#2205,#2206,#2207,#2208));
#367=EDGE_LOOP('',(#2209,#2210,#2211,#2212));
#368=EDGE_LOOP('',(#2213,#2214,#2215,#2216));
#369=EDGE_LOOP('',(#2217,#2218,#2219,#2220));
#370=EDGE_LOOP('',(#2221,#2222,#2223,#2224));
#371=EDGE_LOOP('',(#2225,#2226,#2227,#2228));
#372=EDGE_LOOP('',(#2229,#2230,#2231,#2232));
#373=EDGE_LOOP('',(#2233,#2234,#2235,#2236));
#374=EDGE_LOOP('',(#2237,#2238,#2239,#2240));
#375=EDGE_LOOP('',(#2241,#2242,#2243,#2244));
#376=EDGE_LOOP('',(#2245,#2246,#2247,#2248));
#377=EDGE_LOOP('',(#2249,#2250,#2251,#2252));
#378=EDGE_LOOP('',(#2253,#2254,#2255,#2256));
#379=EDGE_LOOP('',(#2257,#2258,#2259,#2260));
#380=EDGE_LOOP('',(#2261,#2262,#2263,#2264));
#381=EDGE_LOOP('',(#2265,#2266,#2267,#2268));
#382=EDGE_LOOP('',(#2269,#2270,#2271,#2272));
#383=EDGE_LOOP('',(#2273,#2274,#2275,#2276));
#384=EDGE_LOOP('',(#2277,#2278,#2279,#2280));
#385=EDGE_LOOP('',(#2281,#2282,#2283,#2284));
#386=EDGE_LOOP('',(#2285,#2286,#2287,#2288));
#387=EDGE_LOOP('',(#2289,#2290,#2291,#2292));
#388=EDGE_LOOP('',(#2293,#2294,#2295,#2296));
#389=EDGE_LOOP('',(#2297,#2298,#2299,#2300));
#390=EDGE_LOOP('',(#2301,#2302,#2303,#2304));
#391=EDGE_LOOP('',(#2305,#2306,#2307,#2308));
#392=EDGE_LOOP('',(#2309,#2310,#2311,#2312));
#393=EDGE_LOOP('',(#2313,#2314,#2315,#2316));
#394=EDGE_LOOP('',(#2317,#2318,#2319,#2320));
#395=EDGE_LOOP('',(#2321,#2322,#2323,#2324));
#396=EDGE_LOOP('',(#2325,#2326,#2327,#2328));
#397=EDGE_LOOP('',(#2329,#2330,#2331,#2332));
#398=EDGE_LOOP('',(#2333,#2334,#2335,#2336));
#399=EDGE_LOOP('',(#2337,#2338,#2339,#2340));
#400=EDGE_LOOP('',(#2341,#2342,#2343,#2344));
#401=EDGE_LOOP('',(#2345,#2346,#2347,#2348));
#402=EDGE_LOOP('',(#2349,#2350,#2351,#2352));
#403=EDGE_LOOP('',(#2353,#2354,#2355,#2356));
#404=EDGE_LOOP('',(#2357,#2358,#2359,#2360));
#405=EDGE_LOOP('',(#2361,#2362,#2363,#2364));
#406=EDGE_LOOP('',(#2365,#2366,#2367,#2368));
#407=EDGE_LOOP('',(#2369,#2370,#2371,#2372));
#408=EDGE_LOOP('',(#2373,#2374,#2375,#2376));
#409=EDGE_LOOP('',(#2377,#2378,#2379,#2380));
#410=EDGE_LOOP('',(#2381,#2382,#2383,#2384));
#411=EDGE_LOOP('',(#2385,#2386,#2387,#2388));
#412=EDGE_LOOP('',(#2389,#2390,#2391,#2392));
#413=EDGE_LOOP('',(#2393,#2394,#2395,#2396));
#414=EDGE_LOOP('',(#2397,#2398,#2399,#2400));
#415=EDGE_LOOP('',(#2401,#2402,#2403,#2404));
#416=EDGE_LOOP('',(#2405,#2406,#2407,#2408));
#417=EDGE_LOOP('',(#2409,#2410,#2411,#2412));
#418=EDGE_LOOP('',(#2413,#2414,#2415,#2416));
#419=EDGE_LOOP('',(#2417,#2418,#2419,#2420));
#420=EDGE_LOOP('',(#2421,#2422,#2423,#2424));
#421=EDGE_LOOP('',(#2425,#2426,#2427,#2428));
#422=EDGE_LOOP('',(#2429,#2430,#2431,#2432));
#423=EDGE_LOOP('',(#2433,#2434,#2435,#2436));
#424=EDGE_LOOP('',(#2437,#2438,#2439,#2440));
#425=EDGE_LOOP('',(#2441,#2442,#2443,#2444));
#426=EDGE_LOOP('',(#2445,#2446,#2447,#2448));
#427=EDGE_LOOP('',(#2449,#2450,#2451,#2452));
#428=EDGE_LOOP('',(#2453,#2454,#2455,#2456));
#429=EDGE_LOOP('',(#2457,#2458,#2459,#2460));
#430=EDGE_LOOP('',(#2461,#2462,#2463,#2464));
#431=EDGE_LOOP('',(#2465,#2466,#2467,#2468));
#432=EDGE_LOOP('',(#2469,#2470,#2471,#2472));
#433=LINE('',#3782,#793);
#434=LINE('',#3784,#794);
#435=LINE('',#3786,#795);
#436=LINE('',#3787,#796);
#437=LINE('',#3791,#797);
#438=LINE('',#3793,#798);
#439=LINE('',#3795,#799);
#440=LINE('',#3796,#800);
#441=LINE('',#3798,#801);
#442=LINE('',#3799,#802);
#443=LINE('',#3801,#803);
#444=LINE('',#3803,#804);
#445=LINE('',#3808,#805);
#446=LINE('',#3810,#806);
#447=LINE('',#3812,#807);
#448=LINE('',#3813,#808);
#449=LINE('',#3817,#809);
#450=LINE('',#3819,#810);
#451=LINE('',#3821,#811);
#452=LINE('',#3822,#812);
#453=LINE('',#3824,#813);
#454=LINE('',#3825,#814);
#455=LINE('',#3827,#815);
#456=LINE('',#3829,#816);
#457=LINE('',#3834,#817);
#458=LINE('',#3836,#818);
#459=LINE('',#3838,#819);
#460=LINE('',#3839,#820);
#461=LINE('',#3843,#821);
#462=LINE('',#3845,#822);
#463=LINE('',#3847,#823);
#464=LINE('',#3848,#824);
#465=LINE('',#3850,#825);
#466=LINE('',#3851,#826);
#467=LINE('',#3853,#827);
#468=LINE('',#3855,#828);
#469=LINE('',#3860,#829);
#470=LINE('',#3862,#830);
#471=LINE('',#3864,#831);
#472=LINE('',#3865,#832);
#473=LINE('',#3869,#833);
#474=LINE('',#3871,#834);
#475=LINE('',#3873,#835);
#476=LINE('',#3874,#836);
#477=LINE('',#3876,#837);
#478=LINE('',#3877,#838);
#479=LINE('',#3879,#839);
#480=LINE('',#3881,#840);
#481=LINE('',#3886,#841);
#482=LINE('',#3888,#842);
#483=LINE('',#3890,#843);
#484=LINE('',#3891,#844);
#485=LINE('',#3895,#845);
#486=LINE('',#3897,#846);
#487=LINE('',#3899,#847);
#488=LINE('',#3900,#848);
#489=LINE('',#3902,#849);
#490=LINE('',#3903,#850);
#491=LINE('',#3905,#851);
#492=LINE('',#3907,#852);
#493=LINE('',#3912,#853);
#494=LINE('',#3914,#854);
#495=LINE('',#3916,#855);
#496=LINE('',#3917,#856);
#497=LINE('',#3921,#857);
#498=LINE('',#3923,#858);
#499=LINE('',#3925,#859);
#500=LINE('',#3926,#860);
#501=LINE('',#3928,#861);
#502=LINE('',#3929,#862);
#503=LINE('',#3931,#863);
#504=LINE('',#3933,#864);
#505=LINE('',#3938,#865);
#506=LINE('',#3940,#866);
#507=LINE('',#3942,#867);
#508=LINE('',#3943,#868);
#509=LINE('',#3947,#869);
#510=LINE('',#3949,#870);
#511=LINE('',#3951,#871);
#512=LINE('',#3952,#872);
#513=LINE('',#3954,#873);
#514=LINE('',#3955,#874);
#515=LINE('',#3957,#875);
#516=LINE('',#3959,#876);
#517=LINE('',#3964,#877);
#518=LINE('',#3966,#878);
#519=LINE('',#3968,#879);
#520=LINE('',#3969,#880);
#521=LINE('',#3973,#881);
#522=LINE('',#3975,#882);
#523=LINE('',#3977,#883);
#524=LINE('',#3978,#884);
#525=LINE('',#3980,#885);
#526=LINE('',#3981,#886);
#527=LINE('',#3983,#887);
#528=LINE('',#3985,#888);
#529=LINE('',#3990,#889);
#530=LINE('',#3992,#890);
#531=LINE('',#3994,#891);
#532=LINE('',#3995,#892);
#533=LINE('',#3999,#893);
#534=LINE('',#4001,#894);
#535=LINE('',#4003,#895);
#536=LINE('',#4004,#896);
#537=LINE('',#4006,#897);
#538=LINE('',#4007,#898);
#539=LINE('',#4009,#899);
#540=LINE('',#4011,#900);
#541=LINE('',#4016,#901);
#542=LINE('',#4018,#902);
#543=LINE('',#4020,#903);
#544=LINE('',#4021,#904);
#545=LINE('',#4025,#905);
#546=LINE('',#4027,#906);
#547=LINE('',#4029,#907);
#548=LINE('',#4030,#908);
#549=LINE('',#4032,#909);
#550=LINE('',#4033,#910);
#551=LINE('',#4035,#911);
#552=LINE('',#4037,#912);
#553=LINE('',#4042,#913);
#554=LINE('',#4044,#914);
#555=LINE('',#4046,#915);
#556=LINE('',#4047,#916);
#557=LINE('',#4051,#917);
#558=LINE('',#4053,#918);
#559=LINE('',#4055,#919);
#560=LINE('',#4056,#920);
#561=LINE('',#4058,#921);
#562=LINE('',#4059,#922);
#563=LINE('',#4061,#923);
#564=LINE('',#4063,#924);
#565=LINE('',#4068,#925);
#566=LINE('',#4070,#926);
#567=LINE('',#4072,#927);
#568=LINE('',#4073,#928);
#569=LINE('',#4077,#929);
#570=LINE('',#4079,#930);
#571=LINE('',#4081,#931);
#572=LINE('',#4082,#932);
#573=LINE('',#4084,#933);
#574=LINE('',#4085,#934);
#575=LINE('',#4087,#935);
#576=LINE('',#4089,#936);
#577=LINE('',#4094,#937);
#578=LINE('',#4096,#938);
#579=LINE('',#4098,#939);
#580=LINE('',#4099,#940);
#581=LINE('',#4103,#941);
#582=LINE('',#4105,#942);
#583=LINE('',#4107,#943);
#584=LINE('',#4108,#944);
#585=LINE('',#4110,#945);
#586=LINE('',#4111,#946);
#587=LINE('',#4113,#947);
#588=LINE('',#4115,#948);
#589=LINE('',#4120,#949);
#590=LINE('',#4122,#950);
#591=LINE('',#4124,#951);
#592=LINE('',#4125,#952);
#593=LINE('',#4129,#953);
#594=LINE('',#4131,#954);
#595=LINE('',#4133,#955);
#596=LINE('',#4134,#956);
#597=LINE('',#4136,#957);
#598=LINE('',#4137,#958);
#599=LINE('',#4139,#959);
#600=LINE('',#4141,#960);
#601=LINE('',#4146,#961);
#602=LINE('',#4148,#962);
#603=LINE('',#4150,#963);
#604=LINE('',#4151,#964);
#605=LINE('',#4155,#965);
#606=LINE('',#4157,#966);
#607=LINE('',#4159,#967);
#608=LINE('',#4160,#968);
#609=LINE('',#4162,#969);
#610=LINE('',#4163,#970);
#611=LINE('',#4165,#971);
#612=LINE('',#4167,#972);
#613=LINE('',#4172,#973);
#614=LINE('',#4174,#974);
#615=LINE('',#4176,#975);
#616=LINE('',#4177,#976);
#617=LINE('',#4181,#977);
#618=LINE('',#4183,#978);
#619=LINE('',#4185,#979);
#620=LINE('',#4186,#980);
#621=LINE('',#4188,#981);
#622=LINE('',#4189,#982);
#623=LINE('',#4191,#983);
#624=LINE('',#4193,#984);
#625=LINE('',#4198,#985);
#626=LINE('',#4200,#986);
#627=LINE('',#4202,#987);
#628=LINE('',#4203,#988);
#629=LINE('',#4207,#989);
#630=LINE('',#4209,#990);
#631=LINE('',#4211,#991);
#632=LINE('',#4212,#992);
#633=LINE('',#4214,#993);
#634=LINE('',#4215,#994);
#635=LINE('',#4217,#995);
#636=LINE('',#4219,#996);
#637=LINE('',#4224,#997);
#638=LINE('',#4226,#998);
#639=LINE('',#4228,#999);
#640=LINE('',#4229,#1000);
#641=LINE('',#4233,#1001);
#642=LINE('',#4235,#1002);
#643=LINE('',#4237,#1003);
#644=LINE('',#4238,#1004);
#645=LINE('',#4240,#1005);
#646=LINE('',#4241,#1006);
#647=LINE('',#4243,#1007);
#648=LINE('',#4245,#1008);
#649=LINE('',#4250,#1009);
#650=LINE('',#4252,#1010);
#651=LINE('',#4254,#1011);
#652=LINE('',#4255,#1012);
#653=LINE('',#4259,#1013);
#654=LINE('',#4261,#1014);
#655=LINE('',#4263,#1015);
#656=LINE('',#4264,#1016);
#657=LINE('',#4266,#1017);
#658=LINE('',#4267,#1018);
#659=LINE('',#4269,#1019);
#660=LINE('',#4271,#1020);
#661=LINE('',#4276,#1021);
#662=LINE('',#4278,#1022);
#663=LINE('',#4280,#1023);
#664=LINE('',#4281,#1024);
#665=LINE('',#4285,#1025);
#666=LINE('',#4287,#1026);
#667=LINE('',#4289,#1027);
#668=LINE('',#4290,#1028);
#669=LINE('',#4292,#1029);
#670=LINE('',#4293,#1030);
#671=LINE('',#4295,#1031);
#672=LINE('',#4297,#1032);
#673=LINE('',#4302,#1033);
#674=LINE('',#4304,#1034);
#675=LINE('',#4306,#1035);
#676=LINE('',#4307,#1036);
#677=LINE('',#4311,#1037);
#678=LINE('',#4313,#1038);
#679=LINE('',#4315,#1039);
#680=LINE('',#4316,#1040);
#681=LINE('',#4318,#1041);
#682=LINE('',#4319,#1042);
#683=LINE('',#4321,#1043);
#684=LINE('',#4323,#1044);
#685=LINE('',#4328,#1045);
#686=LINE('',#4330,#1046);
#687=LINE('',#4332,#1047);
#688=LINE('',#4333,#1048);
#689=LINE('',#4337,#1049);
#690=LINE('',#4339,#1050);
#691=LINE('',#4341,#1051);
#692=LINE('',#4342,#1052);
#693=LINE('',#4344,#1053);
#694=LINE('',#4345,#1054);
#695=LINE('',#4347,#1055);
#696=LINE('',#4349,#1056);
#697=LINE('',#4354,#1057);
#698=LINE('',#4356,#1058);
#699=LINE('',#4358,#1059);
#700=LINE('',#4359,#1060);
#701=LINE('',#4363,#1061);
#702=LINE('',#4365,#1062);
#703=LINE('',#4367,#1063);
#704=LINE('',#4368,#1064);
#705=LINE('',#4370,#1065);
#706=LINE('',#4371,#1066);
#707=LINE('',#4373,#1067);
#708=LINE('',#4375,#1068);
#709=LINE('',#4380,#1069);
#710=LINE('',#4382,#1070);
#711=LINE('',#4384,#1071);
#712=LINE('',#4385,#1072);
#713=LINE('',#4389,#1073);
#714=LINE('',#4391,#1074);
#715=LINE('',#4393,#1075);
#716=LINE('',#4394,#1076);
#717=LINE('',#4396,#1077);
#718=LINE('',#4397,#1078);
#719=LINE('',#4399,#1079);
#720=LINE('',#4401,#1080);
#721=LINE('',#4406,#1081);
#722=LINE('',#4408,#1082);
#723=LINE('',#4410,#1083);
#724=LINE('',#4411,#1084);
#725=LINE('',#4415,#1085);
#726=LINE('',#4417,#1086);
#727=LINE('',#4419,#1087);
#728=LINE('',#4420,#1088);
#729=LINE('',#4422,#1089);
#730=LINE('',#4423,#1090);
#731=LINE('',#4425,#1091);
#732=LINE('',#4427,#1092);
#733=LINE('',#4432,#1093);
#734=LINE('',#4434,#1094);
#735=LINE('',#4436,#1095);
#736=LINE('',#4437,#1096);
#737=LINE('',#4441,#1097);
#738=LINE('',#4443,#1098);
#739=LINE('',#4445,#1099);
#740=LINE('',#4446,#1100);
#741=LINE('',#4448,#1101);
#742=LINE('',#4449,#1102);
#743=LINE('',#4451,#1103);
#744=LINE('',#4453,#1104);
#745=LINE('',#4458,#1105);
#746=LINE('',#4460,#1106);
#747=LINE('',#4462,#1107);
#748=LINE('',#4463,#1108);
#749=LINE('',#4467,#1109);
#750=LINE('',#4469,#1110);
#751=LINE('',#4471,#1111);
#752=LINE('',#4472,#1112);
#753=LINE('',#4474,#1113);
#754=LINE('',#4475,#1114);
#755=LINE('',#4477,#1115);
#756=LINE('',#4479,#1116);
#757=LINE('',#4484,#1117);
#758=LINE('',#4486,#1118);
#759=LINE('',#4488,#1119);
#760=LINE('',#4489,#1120);
#761=LINE('',#4493,#1121);
#762=LINE('',#4495,#1122);
#763=LINE('',#4497,#1123);
#764=LINE('',#4498,#1124);
#765=LINE('',#4500,#1125);
#766=LINE('',#4501,#1126);
#767=LINE('',#4503,#1127);
#768=LINE('',#4505,#1128);
#769=LINE('',#4510,#1129);
#770=LINE('',#4512,#1130);
#771=LINE('',#4514,#1131);
#772=LINE('',#4515,#1132);
#773=LINE('',#4519,#1133);
#774=LINE('',#4521,#1134);
#775=LINE('',#4523,#1135);
#776=LINE('',#4524,#1136);
#777=LINE('',#4526,#1137);
#778=LINE('',#4527,#1138);
#779=LINE('',#4529,#1139);
#780=LINE('',#4531,#1140);
#781=LINE('',#4536,#1141);
#782=LINE('',#4538,#1142);
#783=LINE('',#4540,#1143);
#784=LINE('',#4541,#1144);
#785=LINE('',#4545,#1145);
#786=LINE('',#4547,#1146);
#787=LINE('',#4549,#1147);
#788=LINE('',#4550,#1148);
#789=LINE('',#4552,#1149);
#790=LINE('',#4553,#1150);
#791=LINE('',#4555,#1151);
#792=LINE('',#4557,#1152);
#793=VECTOR('',#3060,1.);
#794=VECTOR('',#3061,1.);
#795=VECTOR('',#3062,1.);
#796=VECTOR('',#3063,1.);
#797=VECTOR('',#3066,1.);
#798=VECTOR('',#3067,1.);
#799=VECTOR('',#3068,1.);
#800=VECTOR('',#3069,1.);
#801=VECTOR('',#3072,1.);
#802=VECTOR('',#3073,1.);
#803=VECTOR('',#3076,1.);
#804=VECTOR('',#3079,1.);
#805=VECTOR('',#3084,1.);
#806=VECTOR('',#3085,1.);
#807=VECTOR('',#3086,1.);
#808=VECTOR('',#3087,1.);
#809=VECTOR('',#3090,1.);
#810=VECTOR('',#3091,1.);
#811=VECTOR('',#3092,1.);
#812=VECTOR('',#3093,1.);
#813=VECTOR('',#3096,1.);
#814=VECTOR('',#3097,1.);
#815=VECTOR('',#3100,1.);
#816=VECTOR('',#3103,1.);
#817=VECTOR('',#3108,1.);
#818=VECTOR('',#3109,1.);
#819=VECTOR('',#3110,1.);
#820=VECTOR('',#3111,1.);
#821=VECTOR('',#3114,1.);
#822=VECTOR('',#3115,1.);
#823=VECTOR('',#3116,1.);
#824=VECTOR('',#3117,1.);
#825=VECTOR('',#3120,1.);
#826=VECTOR('',#3121,1.);
#827=VECTOR('',#3124,1.);
#828=VECTOR('',#3127,1.);
#829=VECTOR('',#3132,1.);
#830=VECTOR('',#3133,1.);
#831=VECTOR('',#3134,1.);
#832=VECTOR('',#3135,1.);
#833=VECTOR('',#3138,1.);
#834=VECTOR('',#3139,1.);
#835=VECTOR('',#3140,1.);
#836=VECTOR('',#3141,1.);
#837=VECTOR('',#3144,1.);
#838=VECTOR('',#3145,1.);
#839=VECTOR('',#3148,1.);
#840=VECTOR('',#3151,1.);
#841=VECTOR('',#3156,1.);
#842=VECTOR('',#3157,1.);
#843=VECTOR('',#3158,1.);
#844=VECTOR('',#3159,1.);
#845=VECTOR('',#3162,1.);
#846=VECTOR('',#3163,1.);
#847=VECTOR('',#3164,1.);
#848=VECTOR('',#3165,1.);
#849=VECTOR('',#3168,1.);
#850=VECTOR('',#3169,1.);
#851=VECTOR('',#3172,1.);
#852=VECTOR('',#3175,1.);
#853=VECTOR('',#3180,1.);
#854=VECTOR('',#3181,1.);
#855=VECTOR('',#3182,1.);
#856=VECTOR('',#3183,1.);
#857=VECTOR('',#3186,1.);
#858=VECTOR('',#3187,1.);
#859=VECTOR('',#3188,1.);
#860=VECTOR('',#3189,1.);
#861=VECTOR('',#3192,1.);
#862=VECTOR('',#3193,1.);
#863=VECTOR('',#3196,1.);
#864=VECTOR('',#3199,1.);
#865=VECTOR('',#3204,1.);
#866=VECTOR('',#3205,1.);
#867=VECTOR('',#3206,1.);
#868=VECTOR('',#3207,1.);
#869=VECTOR('',#3210,1.);
#870=VECTOR('',#3211,1.);
#871=VECTOR('',#3212,1.);
#872=VECTOR('',#3213,1.);
#873=VECTOR('',#3216,1.);
#874=VECTOR('',#3217,1.);
#875=VECTOR('',#3220,1.);
#876=VECTOR('',#3223,1.);
#877=VECTOR('',#3228,1.);
#878=VECTOR('',#3229,1.);
#879=VECTOR('',#3230,1.);
#880=VECTOR('',#3231,1.);
#881=VECTOR('',#3234,1.);
#882=VECTOR('',#3235,1.);
#883=VECTOR('',#3236,1.);
#884=VECTOR('',#3237,1.);
#885=VECTOR('',#3240,1.);
#886=VECTOR('',#3241,1.);
#887=VECTOR('',#3244,1.);
#888=VECTOR('',#3247,1.);
#889=VECTOR('',#3252,1.);
#890=VECTOR('',#3253,1.);
#891=VECTOR('',#3254,1.);
#892=VECTOR('',#3255,1.);
#893=VECTOR('',#3258,1.);
#894=VECTOR('',#3259,1.);
#895=VECTOR('',#3260,1.);
#896=VECTOR('',#3261,1.);
#897=VECTOR('',#3264,1.);
#898=VECTOR('',#3265,1.);
#899=VECTOR('',#3268,1.);
#900=VECTOR('',#3271,1.);
#901=VECTOR('',#3276,1.);
#902=VECTOR('',#3277,1.);
#903=VECTOR('',#3278,1.);
#904=VECTOR('',#3279,1.);
#905=VECTOR('',#3282,1.);
#906=VECTOR('',#3283,1.);
#907=VECTOR('',#3284,1.);
#908=VECTOR('',#3285,1.);
#909=VECTOR('',#3288,1.);
#910=VECTOR('',#3289,1.);
#911=VECTOR('',#3292,1.);
#912=VECTOR('',#3295,1.);
#913=VECTOR('',#3300,1.);
#914=VECTOR('',#3301,1.);
#915=VECTOR('',#3302,1.);
#916=VECTOR('',#3303,1.);
#917=VECTOR('',#3306,1.);
#918=VECTOR('',#3307,1.);
#919=VECTOR('',#3308,1.);
#920=VECTOR('',#3309,1.);
#921=VECTOR('',#3312,1.);
#922=VECTOR('',#3313,1.);
#923=VECTOR('',#3316,1.);
#924=VECTOR('',#3319,1.);
#925=VECTOR('',#3324,1.);
#926=VECTOR('',#3325,1.);
#927=VECTOR('',#3326,1.);
#928=VECTOR('',#3327,1.);
#929=VECTOR('',#3330,1.);
#930=VECTOR('',#3331,1.);
#931=VECTOR('',#3332,1.);
#932=VECTOR('',#3333,1.);
#933=VECTOR('',#3336,1.);
#934=VECTOR('',#3337,1.);
#935=VECTOR('',#3340,1.);
#936=VECTOR('',#3343,1.);
#937=VECTOR('',#3348,1.);
#938=VECTOR('',#3349,1.);
#939=VECTOR('',#3350,1.);
#940=VECTOR('',#3351,1.);
#941=VECTOR('',#3354,1.);
#942=VECTOR('',#3355,1.);
#943=VECTOR('',#3356,1.);
#944=VECTOR('',#3357,1.);
#945=VECTOR('',#3360,1.);
#946=VECTOR('',#3361,1.);
#947=VECTOR('',#3364,1.);
#948=VECTOR('',#3367,1.);
#949=VECTOR('',#3372,1.);
#950=VECTOR('',#3373,1.);
#951=VECTOR('',#3374,1.);
#952=VECTOR('',#3375,1.);
#953=VECTOR('',#3378,1.);
#954=VECTOR('',#3379,1.);
#955=VECTOR('',#3380,1.);
#956=VECTOR('',#3381,1.);
#957=VECTOR('',#3384,1.);
#958=VECTOR('',#3385,1.);
#959=VECTOR('',#3388,1.);
#960=VECTOR('',#3391,1.);
#961=VECTOR('',#3396,1.);
#962=VECTOR('',#3397,1.);
#963=VECTOR('',#3398,1.);
#964=VECTOR('',#3399,1.);
#965=VECTOR('',#3402,1.);
#966=VECTOR('',#3403,1.);
#967=VECTOR('',#3404,1.);
#968=VECTOR('',#3405,1.);
#969=VECTOR('',#3408,1.);
#970=VECTOR('',#3409,1.);
#971=VECTOR('',#3412,1.);
#972=VECTOR('',#3415,1.);
#973=VECTOR('',#3420,1.);
#974=VECTOR('',#3421,1.);
#975=VECTOR('',#3422,1.);
#976=VECTOR('',#3423,1.);
#977=VECTOR('',#3426,1.);
#978=VECTOR('',#3427,1.);
#979=VECTOR('',#3428,1.);
#980=VECTOR('',#3429,1.);
#981=VECTOR('',#3432,1.);
#982=VECTOR('',#3433,1.);
#983=VECTOR('',#3436,1.);
#984=VECTOR('',#3439,1.);
#985=VECTOR('',#3444,1.);
#986=VECTOR('',#3445,1.);
#987=VECTOR('',#3446,1.);
#988=VECTOR('',#3447,1.);
#989=VECTOR('',#3450,1.);
#990=VECTOR('',#3451,1.);
#991=VECTOR('',#3452,1.);
#992=VECTOR('',#3453,1.);
#993=VECTOR('',#3456,1.);
#994=VECTOR('',#3457,1.);
#995=VECTOR('',#3460,1.);
#996=VECTOR('',#3463,1.);
#997=VECTOR('',#3468,1.);
#998=VECTOR('',#3469,1.);
#999=VECTOR('',#3470,1.);
#1000=VECTOR('',#3471,1.);
#1001=VECTOR('',#3474,1.);
#1002=VECTOR('',#3475,1.);
#1003=VECTOR('',#3476,1.);
#1004=VECTOR('',#3477,1.);
#1005=VECTOR('',#3480,1.);
#1006=VECTOR('',#3481,1.);
#1007=VECTOR('',#3484,1.);
#1008=VECTOR('',#3487,1.);
#1009=VECTOR('',#3492,1.);
#1010=VECTOR('',#3493,1.);
#1011=VECTOR('',#3494,1.);
#1012=VECTOR('',#3495,1.);
#1013=VECTOR('',#3498,1.);
#1014=VECTOR('',#3499,1.);
#1015=VECTOR('',#3500,1.);
#1016=VECTOR('',#3501,1.);
#1017=VECTOR('',#3504,1.);
#1018=VECTOR('',#3505,1.);
#1019=VECTOR('',#3508,1.);
#1020=VECTOR('',#3511,1.);
#1021=VECTOR('',#3516,1.);
#1022=VECTOR('',#3517,1.);
#1023=VECTOR('',#3518,1.);
#1024=VECTOR('',#3519,1.);
#1025=VECTOR('',#3522,1.);
#1026=VECTOR('',#3523,1.);
#1027=VECTOR('',#3524,1.);
#1028=VECTOR('',#3525,1.);
#1029=VECTOR('',#3528,1.);
#1030=VECTOR('',#3529,1.);
#1031=VECTOR('',#3532,1.);
#1032=VECTOR('',#3535,1.);
#1033=VECTOR('',#3540,1.);
#1034=VECTOR('',#3541,1.);
#1035=VECTOR('',#3542,1.);
#1036=VECTOR('',#3543,1.);
#1037=VECTOR('',#3546,1.);
#1038=VECTOR('',#3547,1.);
#1039=VECTOR('',#3548,1.);
#1040=VECTOR('',#3549,1.);
#1041=VECTOR('',#3552,1.);
#1042=VECTOR('',#3553,1.);
#1043=VECTOR('',#3556,1.);
#1044=VECTOR('',#3559,1.);
#1045=VECTOR('',#3564,1.);
#1046=VECTOR('',#3565,1.);
#1047=VECTOR('',#3566,1.);
#1048=VECTOR('',#3567,1.);
#1049=VECTOR('',#3570,1.);
#1050=VECTOR('',#3571,1.);
#1051=VECTOR('',#3572,1.);
#1052=VECTOR('',#3573,1.);
#1053=VECTOR('',#3576,1.);
#1054=VECTOR('',#3577,1.);
#1055=VECTOR('',#3580,1.);
#1056=VECTOR('',#3583,1.);
#1057=VECTOR('',#3588,1.);
#1058=VECTOR('',#3589,1.);
#1059=VECTOR('',#3590,1.);
#1060=VECTOR('',#3591,1.);
#1061=VECTOR('',#3594,1.);
#1062=VECTOR('',#3595,1.);
#1063=VECTOR('',#3596,1.);
#1064=VECTOR('',#3597,1.);
#1065=VECTOR('',#3600,1.);
#1066=VECTOR('',#3601,1.);
#1067=VECTOR('',#3604,1.);
#1068=VECTOR('',#3607,1.);
#1069=VECTOR('',#3612,1.);
#1070=VECTOR('',#3613,1.);
#1071=VECTOR('',#3614,1.);
#1072=VECTOR('',#3615,1.);
#1073=VECTOR('',#3618,1.);
#1074=VECTOR('',#3619,1.);
#1075=VECTOR('',#3620,1.);
#1076=VECTOR('',#3621,1.);
#1077=VECTOR('',#3624,1.);
#1078=VECTOR('',#3625,1.);
#1079=VECTOR('',#3628,1.);
#1080=VECTOR('',#3631,1.);
#1081=VECTOR('',#3636,1.);
#1082=VECTOR('',#3637,1.);
#1083=VECTOR('',#3638,1.);
#1084=VECTOR('',#3639,1.);
#1085=VECTOR('',#3642,1.);
#1086=VECTOR('',#3643,1.);
#1087=VECTOR('',#3644,1.);
#1088=VECTOR('',#3645,1.);
#1089=VECTOR('',#3648,1.);
#1090=VECTOR('',#3649,1.);
#1091=VECTOR('',#3652,1.);
#1092=VECTOR('',#3655,1.);
#1093=VECTOR('',#3660,1.);
#1094=VECTOR('',#3661,1.);
#1095=VECTOR('',#3662,1.);
#1096=VECTOR('',#3663,1.);
#1097=VECTOR('',#3666,1.);
#1098=VECTOR('',#3667,1.);
#1099=VECTOR('',#3668,1.);
#1100=VECTOR('',#3669,1.);
#1101=VECTOR('',#3672,1.);
#1102=VECTOR('',#3673,1.);
#1103=VECTOR('',#3676,1.);
#1104=VECTOR('',#3679,1.);
#1105=VECTOR('',#3684,1.);
#1106=VECTOR('',#3685,1.);
#1107=VECTOR('',#3686,1.);
#1108=VECTOR('',#3687,1.);
#1109=VECTOR('',#3690,1.);
#1110=VECTOR('',#3691,1.);
#1111=VECTOR('',#3692,1.);
#1112=VECTOR('',#3693,1.);
#1113=VECTOR('',#3696,1.);
#1114=VECTOR('',#3697,1.);
#1115=VECTOR('',#3700,1.);
#1116=VECTOR('',#3703,1.);
#1117=VECTOR('',#3708,1.);
#1118=VECTOR('',#3709,1.);
#1119=VECTOR('',#3710,1.);
#1120=VECTOR('',#3711,1.);
#1121=VECTOR('',#3714,1.);
#1122=VECTOR('',#3715,1.);
#1123=VECTOR('',#3716,1.);
#1124=VECTOR('',#3717,1.);
#1125=VECTOR('',#3720,1.);
#1126=VECTOR('',#3721,1.);
#1127=VECTOR('',#3724,1.);
#1128=VECTOR('',#3727,1.);
#1129=VECTOR('',#3732,1.);
#1130=VECTOR('',#3733,1.);
#1131=VECTOR('',#3734,1.);
#1132=VECTOR('',#3735,1.);
#1133=VECTOR('',#3738,1.);
#1134=VECTOR('',#3739,1.);
#1135=VECTOR('',#3740,1.);
#1136=VECTOR('',#3741,1.);
#1137=VECTOR('',#3744,1.);
#1138=VECTOR('',#3745,1.);
#1139=VECTOR('',#3748,1.);
#1140=VECTOR('',#3751,1.);
#1141=VECTOR('',#3756,1.);
#1142=VECTOR('',#3757,1.);
#1143=VECTOR('',#3758,1.);
#1144=VECTOR('',#3759,1.);
#1145=VECTOR('',#3762,1.);
#1146=VECTOR('',#3763,1.);
#1147=VECTOR('',#3764,1.);
#1148=VECTOR('',#3765,1.);
#1149=VECTOR('',#3768,1.);
#1150=VECTOR('',#3769,1.);
#1151=VECTOR('',#3772,1.);
#1152=VECTOR('',#3775,1.);
#1153=VERTEX_POINT('',#3780);
#1154=VERTEX_POINT('',#3781);
#1155=VERTEX_POINT('',#3783);
#1156=VERTEX_POINT('',#3785);
#1157=VERTEX_POINT('',#3789);
#1158=VERTEX_POINT('',#3790);
#1159=VERTEX_POINT('',#3792);
#1160=VERTEX_POINT('',#3794);
#1161=VERTEX_POINT('',#3806);
#1162=VERTEX_POINT('',#3807);
#1163=VERTEX_POINT('',#3809);
#1164=VERTEX_POINT('',#3811);
#1165=VERTEX_POINT('',#3815);
#1166=VERTEX_POINT('',#3816);
#1167=VERTEX_POINT('',#3818);
#1168=VERTEX_POINT('',#3820);
#1169=VERTEX_POINT('',#3832);
#1170=VERTEX_POINT('',#3833);
#1171=VERTEX_POINT('',#3835);
#1172=VERTEX_POINT('',#3837);
#1173=VERTEX_POINT('',#3841);
#1174=VERTEX_POINT('',#3842);
#1175=VERTEX_POINT('',#3844);
#1176=VERTEX_POINT('',#3846);
#1177=VERTEX_POINT('',#3858);
#1178=VERTEX_POINT('',#3859);
#1179=VERTEX_POINT('',#3861);
#1180=VERTEX_POINT('',#3863);
#1181=VERTEX_POINT('',#3867);
#1182=VERTEX_POINT('',#3868);
#1183=VERTEX_POINT('',#3870);
#1184=VERTEX_POINT('',#3872);
#1185=VERTEX_POINT('',#3884);
#1186=VERTEX_POINT('',#3885);
#1187=VERTEX_POINT('',#3887);
#1188=VERTEX_POINT('',#3889);
#1189=VERTEX_POINT('',#3893);
#1190=VERTEX_POINT('',#3894);
#1191=VERTEX_POINT('',#3896);
#1192=VERTEX_POINT('',#3898);
#1193=VERTEX_POINT('',#3910);
#1194=VERTEX_POINT('',#3911);
#1195=VERTEX_POINT('',#3913);
#1196=VERTEX_POINT('',#3915);
#1197=VERTEX_POINT('',#3919);
#1198=VERTEX_POINT('',#3920);
#1199=VERTEX_POINT('',#3922);
#1200=VERTEX_POINT('',#3924);
#1201=VERTEX_POINT('',#3936);
#1202=VERTEX_POINT('',#3937);
#1203=VERTEX_POINT('',#3939);
#1204=VERTEX_POINT('',#3941);
#1205=VERTEX_POINT('',#3945);
#1206=VERTEX_POINT('',#3946);
#1207=VERTEX_POINT('',#3948);
#1208=VERTEX_POINT('',#3950);
#1209=VERTEX_POINT('',#3962);
#1210=VERTEX_POINT('',#3963);
#1211=VERTEX_POINT('',#3965);
#1212=VERTEX_POINT('',#3967);
#1213=VERTEX_POINT('',#3971);
#1214=VERTEX_POINT('',#3972);
#1215=VERTEX_POINT('',#3974);
#1216=VERTEX_POINT('',#3976);
#1217=VERTEX_POINT('',#3988);
#1218=VERTEX_POINT('',#3989);
#1219=VERTEX_POINT('',#3991);
#1220=VERTEX_POINT('',#3993);
#1221=VERTEX_POINT('',#3997);
#1222=VERTEX_POINT('',#3998);
#1223=VERTEX_POINT('',#4000);
#1224=VERTEX_POINT('',#4002);
#1225=VERTEX_POINT('',#4014);
#1226=VERTEX_POINT('',#4015);
#1227=VERTEX_POINT('',#4017);
#1228=VERTEX_POINT('',#4019);
#1229=VERTEX_POINT('',#4023);
#1230=VERTEX_POINT('',#4024);
#1231=VERTEX_POINT('',#4026);
#1232=VERTEX_POINT('',#4028);
#1233=VERTEX_POINT('',#4040);
#1234=VERTEX_POINT('',#4041);
#1235=VERTEX_POINT('',#4043);
#1236=VERTEX_POINT('',#4045);
#1237=VERTEX_POINT('',#4049);
#1238=VERTEX_POINT('',#4050);
#1239=VERTEX_POINT('',#4052);
#1240=VERTEX_POINT('',#4054);
#1241=VERTEX_POINT('',#4066);
#1242=VERTEX_POINT('',#4067);
#1243=VERTEX_POINT('',#4069);
#1244=VERTEX_POINT('',#4071);
#1245=VERTEX_POINT('',#4075);
#1246=VERTEX_POINT('',#4076);
#1247=VERTEX_POINT('',#4078);
#1248=VERTEX_POINT('',#4080);
#1249=VERTEX_POINT('',#4092);
#1250=VERTEX_POINT('',#4093);
#1251=VERTEX_POINT('',#4095);
#1252=VERTEX_POINT('',#4097);
#1253=VERTEX_POINT('',#4101);
#1254=VERTEX_POINT('',#4102);
#1255=VERTEX_POINT('',#4104);
#1256=VERTEX_POINT('',#4106);
#1257=VERTEX_POINT('',#4118);
#1258=VERTEX_POINT('',#4119);
#1259=VERTEX_POINT('',#4121);
#1260=VERTEX_POINT('',#4123);
#1261=VERTEX_POINT('',#4127);
#1262=VERTEX_POINT('',#4128);
#1263=VERTEX_POINT('',#4130);
#1264=VERTEX_POINT('',#4132);
#1265=VERTEX_POINT('',#4144);
#1266=VERTEX_POINT('',#4145);
#1267=VERTEX_POINT('',#4147);
#1268=VERTEX_POINT('',#4149);
#1269=VERTEX_POINT('',#4153);
#1270=VERTEX_POINT('',#4154);
#1271=VERTEX_POINT('',#4156);
#1272=VERTEX_POINT('',#4158);
#1273=VERTEX_POINT('',#4170);
#1274=VERTEX_POINT('',#4171);
#1275=VERTEX_POINT('',#4173);
#1276=VERTEX_POINT('',#4175);
#1277=VERTEX_POINT('',#4179);
#1278=VERTEX_POINT('',#4180);
#1279=VERTEX_POINT('',#4182);
#1280=VERTEX_POINT('',#4184);
#1281=VERTEX_POINT('',#4196);
#1282=VERTEX_POINT('',#4197);
#1283=VERTEX_POINT('',#4199);
#1284=VERTEX_POINT('',#4201);
#1285=VERTEX_POINT('',#4205);
#1286=VERTEX_POINT('',#4206);
#1287=VERTEX_POINT('',#4208);
#1288=VERTEX_POINT('',#4210);
#1289=VERTEX_POINT('',#4222);
#1290=VERTEX_POINT('',#4223);
#1291=VERTEX_POINT('',#4225);
#1292=VERTEX_POINT('',#4227);
#1293=VERTEX_POINT('',#4231);
#1294=VERTEX_POINT('',#4232);
#1295=VERTEX_POINT('',#4234);
#1296=VERTEX_POINT('',#4236);
#1297=VERTEX_POINT('',#4248);
#1298=VERTEX_POINT('',#4249);
#1299=VERTEX_POINT('',#4251);
#1300=VERTEX_POINT('',#4253);
#1301=VERTEX_POINT('',#4257);
#1302=VERTEX_POINT('',#4258);
#1303=VERTEX_POINT('',#4260);
#1304=VERTEX_POINT('',#4262);
#1305=VERTEX_POINT('',#4274);
#1306=VERTEX_POINT('',#4275);
#1307=VERTEX_POINT('',#4277);
#1308=VERTEX_POINT('',#4279);
#1309=VERTEX_POINT('',#4283);
#1310=VERTEX_POINT('',#4284);
#1311=VERTEX_POINT('',#4286);
#1312=VERTEX_POINT('',#4288);
#1313=VERTEX_POINT('',#4300);
#1314=VERTEX_POINT('',#4301);
#1315=VERTEX_POINT('',#4303);
#1316=VERTEX_POINT('',#4305);
#1317=VERTEX_POINT('',#4309);
#1318=VERTEX_POINT('',#4310);
#1319=VERTEX_POINT('',#4312);
#1320=VERTEX_POINT('',#4314);
#1321=VERTEX_POINT('',#4326);
#1322=VERTEX_POINT('',#4327);
#1323=VERTEX_POINT('',#4329);
#1324=VERTEX_POINT('',#4331);
#1325=VERTEX_POINT('',#4335);
#1326=VERTEX_POINT('',#4336);
#1327=VERTEX_POINT('',#4338);
#1328=VERTEX_POINT('',#4340);
#1329=VERTEX_POINT('',#4352);
#1330=VERTEX_POINT('',#4353);
#1331=VERTEX_POINT('',#4355);
#1332=VERTEX_POINT('',#4357);
#1333=VERTEX_POINT('',#4361);
#1334=VERTEX_POINT('',#4362);
#1335=VERTEX_POINT('',#4364);
#1336=VERTEX_POINT('',#4366);
#1337=VERTEX_POINT('',#4378);
#1338=VERTEX_POINT('',#4379);
#1339=VERTEX_POINT('',#4381);
#1340=VERTEX_POINT('',#4383);
#1341=VERTEX_POINT('',#4387);
#1342=VERTEX_POINT('',#4388);
#1343=VERTEX_POINT('',#4390);
#1344=VERTEX_POINT('',#4392);
#1345=VERTEX_POINT('',#4404);
#1346=VERTEX_POINT('',#4405);
#1347=VERTEX_POINT('',#4407);
#1348=VERTEX_POINT('',#4409);
#1349=VERTEX_POINT('',#4413);
#1350=VERTEX_POINT('',#4414);
#1351=VERTEX_POINT('',#4416);
#1352=VERTEX_POINT('',#4418);
#1353=VERTEX_POINT('',#4430);
#1354=VERTEX_POINT('',#4431);
#1355=VERTEX_POINT('',#4433);
#1356=VERTEX_POINT('',#4435);
#1357=VERTEX_POINT('',#4439);
#1358=VERTEX_POINT('',#4440);
#1359=VERTEX_POINT('',#4442);
#1360=VERTEX_POINT('',#4444);
#1361=VERTEX_POINT('',#4456);
#1362=VERTEX_POINT('',#4457);
#1363=VERTEX_POINT('',#4459);
#1364=VERTEX_POINT('',#4461);
#1365=VERTEX_POINT('',#4465);
#1366=VERTEX_POINT('',#4466);
#1367=VERTEX_POINT('',#4468);
#1368=VERTEX_POINT('',#4470);
#1369=VERTEX_POINT('',#4482);
#1370=VERTEX_POINT('',#4483);
#1371=VERTEX_POINT('',#4485);
#1372=VERTEX_POINT('',#4487);
#1373=VERTEX_POINT('',#4491);
#1374=VERTEX_POINT('',#4492);
#1375=VERTEX_POINT('',#4494);
#1376=VERTEX_POINT('',#4496);
#1377=VERTEX_POINT('',#4508);
#1378=VERTEX_POINT('',#4509);
#1379=VERTEX_POINT('',#4511);
#1380=VERTEX_POINT('',#4513);
#1381=VERTEX_POINT('',#4517);
#1382=VERTEX_POINT('',#4518);
#1383=VERTEX_POINT('',#4520);
#1384=VERTEX_POINT('',#4522);
#1385=VERTEX_POINT('',#4534);
#1386=VERTEX_POINT('',#4535);
#1387=VERTEX_POINT('',#4537);
#1388=VERTEX_POINT('',#4539);
#1389=VERTEX_POINT('',#4543);
#1390=VERTEX_POINT('',#4544);
#1391=VERTEX_POINT('',#4546);
#1392=VERTEX_POINT('',#4548);
#1393=EDGE_CURVE('',#1153,#1154,#433,.T.);
#1394=EDGE_CURVE('',#1154,#1155,#434,.T.);
#1395=EDGE_CURVE('',#1155,#1156,#435,.T.);
#1396=EDGE_CURVE('',#1156,#1153,#436,.T.);
#1397=EDGE_CURVE('',#1157,#1158,#437,.T.);
#1398=EDGE_CURVE('',#1158,#1159,#438,.T.);
#1399=EDGE_CURVE('',#1159,#1160,#439,.T.);
#1400=EDGE_CURVE('',#1160,#1157,#440,.T.);
#1401=EDGE_CURVE('',#1156,#1159,#441,.T.);
#1402=EDGE_CURVE('',#1153,#1158,#442,.T.);
#1403=EDGE_CURVE('',#1155,#1160,#443,.T.);
#1404=EDGE_CURVE('',#1154,#1157,#444,.T.);
#1405=EDGE_CURVE('',#1161,#1162,#445,.T.);
#1406=EDGE_CURVE('',#1162,#1163,#446,.T.);
#1407=EDGE_CURVE('',#1163,#1164,#447,.T.);
#1408=EDGE_CURVE('',#1164,#1161,#448,.T.);
#1409=EDGE_CURVE('',#1165,#1166,#449,.T.);
#1410=EDGE_CURVE('',#1166,#1167,#450,.T.);
#1411=EDGE_CURVE('',#1167,#1168,#451,.T.);
#1412=EDGE_CURVE('',#1168,#1165,#452,.T.);
#1413=EDGE_CURVE('',#1164,#1167,#453,.T.);
#1414=EDGE_CURVE('',#1161,#1166,#454,.T.);
#1415=EDGE_CURVE('',#1163,#1168,#455,.T.);
#1416=EDGE_CURVE('',#1162,#1165,#456,.T.);
#1417=EDGE_CURVE('',#1169,#1170,#457,.T.);
#1418=EDGE_CURVE('',#1170,#1171,#458,.T.);
#1419=EDGE_CURVE('',#1171,#1172,#459,.T.);
#1420=EDGE_CURVE('',#1172,#1169,#460,.T.);
#1421=EDGE_CURVE('',#1173,#1174,#461,.T.);
#1422=EDGE_CURVE('',#1174,#1175,#462,.T.);
#1423=EDGE_CURVE('',#1175,#1176,#463,.T.);
#1424=EDGE_CURVE('',#1176,#1173,#464,.T.);
#1425=EDGE_CURVE('',#1172,#1175,#465,.T.);
#1426=EDGE_CURVE('',#1169,#1174,#466,.T.);
#1427=EDGE_CURVE('',#1171,#1176,#467,.T.);
#1428=EDGE_CURVE('',#1170,#1173,#468,.T.);
#1429=EDGE_CURVE('',#1177,#1178,#469,.T.);
#1430=EDGE_CURVE('',#1178,#1179,#470,.T.);
#1431=EDGE_CURVE('',#1179,#1180,#471,.T.);
#1432=EDGE_CURVE('',#1180,#1177,#472,.T.);
#1433=EDGE_CURVE('',#1181,#1182,#473,.T.);
#1434=EDGE_CURVE('',#1182,#1183,#474,.T.);
#1435=EDGE_CURVE('',#1183,#1184,#475,.T.);
#1436=EDGE_CURVE('',#1184,#1181,#476,.T.);
#1437=EDGE_CURVE('',#1180,#1183,#477,.T.);
#1438=EDGE_CURVE('',#1177,#1182,#478,.T.);
#1439=EDGE_CURVE('',#1179,#1184,#479,.T.);
#1440=EDGE_CURVE('',#1178,#1181,#480,.T.);
#1441=EDGE_CURVE('',#1185,#1186,#481,.T.);
#1442=EDGE_CURVE('',#1186,#1187,#482,.T.);
#1443=EDGE_CURVE('',#1187,#1188,#483,.T.);
#1444=EDGE_CURVE('',#1188,#1185,#484,.T.);
#1445=EDGE_CURVE('',#1189,#1190,#485,.T.);
#1446=EDGE_CURVE('',#1190,#1191,#486,.T.);
#1447=EDGE_CURVE('',#1191,#1192,#487,.T.);
#1448=EDGE_CURVE('',#1192,#1189,#488,.T.);
#1449=EDGE_CURVE('',#1188,#1191,#489,.T.);
#1450=EDGE_CURVE('',#1185,#1190,#490,.T.);
#1451=EDGE_CURVE('',#1187,#1192,#491,.T.);
#1452=EDGE_CURVE('',#1186,#1189,#492,.T.);
#1453=EDGE_CURVE('',#1193,#1194,#493,.T.);
#1454=EDGE_CURVE('',#1194,#1195,#494,.T.);
#1455=EDGE_CURVE('',#1195,#1196,#495,.T.);
#1456=EDGE_CURVE('',#1196,#1193,#496,.T.);
#1457=EDGE_CURVE('',#1197,#1198,#497,.T.);
#1458=EDGE_CURVE('',#1198,#1199,#498,.T.);
#1459=EDGE_CURVE('',#1199,#1200,#499,.T.);
#1460=EDGE_CURVE('',#1200,#1197,#500,.T.);
#1461=EDGE_CURVE('',#1196,#1199,#501,.T.);
#1462=EDGE_CURVE('',#1193,#1198,#502,.T.);
#1463=EDGE_CURVE('',#1195,#1200,#503,.T.);
#1464=EDGE_CURVE('',#1194,#1197,#504,.T.);
#1465=EDGE_CURVE('',#1201,#1202,#505,.T.);
#1466=EDGE_CURVE('',#1202,#1203,#506,.T.);
#1467=EDGE_CURVE('',#1203,#1204,#507,.T.);
#1468=EDGE_CURVE('',#1204,#1201,#508,.T.);
#1469=EDGE_CURVE('',#1205,#1206,#509,.T.);
#1470=EDGE_CURVE('',#1206,#1207,#510,.T.);
#1471=EDGE_CURVE('',#1207,#1208,#511,.T.);
#1472=EDGE_CURVE('',#1208,#1205,#512,.T.);
#1473=EDGE_CURVE('',#1204,#1207,#513,.T.);
#1474=EDGE_CURVE('',#1201,#1206,#514,.T.);
#1475=EDGE_CURVE('',#1203,#1208,#515,.T.);
#1476=EDGE_CURVE('',#1202,#1205,#516,.T.);
#1477=EDGE_CURVE('',#1209,#1210,#517,.T.);
#1478=EDGE_CURVE('',#1210,#1211,#518,.T.);
#1479=EDGE_CURVE('',#1211,#1212,#519,.T.);
#1480=EDGE_CURVE('',#1212,#1209,#520,.T.);
#1481=EDGE_CURVE('',#1213,#1214,#521,.T.);
#1482=EDGE_CURVE('',#1214,#1215,#522,.T.);
#1483=EDGE_CURVE('',#1215,#1216,#523,.T.);
#1484=EDGE_CURVE('',#1216,#1213,#524,.T.);
#1485=EDGE_CURVE('',#1212,#1215,#525,.T.);
#1486=EDGE_CURVE('',#1209,#1214,#526,.T.);
#1487=EDGE_CURVE('',#1211,#1216,#527,.T.);
#1488=EDGE_CURVE('',#1210,#1213,#528,.T.);
#1489=EDGE_CURVE('',#1217,#1218,#529,.T.);
#1490=EDGE_CURVE('',#1218,#1219,#530,.T.);
#1491=EDGE_CURVE('',#1219,#1220,#531,.T.);
#1492=EDGE_CURVE('',#1220,#1217,#532,.T.);
#1493=EDGE_CURVE('',#1221,#1222,#533,.T.);
#1494=EDGE_CURVE('',#1222,#1223,#534,.T.);
#1495=EDGE_CURVE('',#1223,#1224,#535,.T.);
#1496=EDGE_CURVE('',#1224,#1221,#536,.T.);
#1497=EDGE_CURVE('',#1220,#1223,#537,.T.);
#1498=EDGE_CURVE('',#1217,#1222,#538,.T.);
#1499=EDGE_CURVE('',#1219,#1224,#539,.T.);
#1500=EDGE_CURVE('',#1218,#1221,#540,.T.);
#1501=EDGE_CURVE('',#1225,#1226,#541,.T.);
#1502=EDGE_CURVE('',#1226,#1227,#542,.T.);
#1503=EDGE_CURVE('',#1227,#1228,#543,.T.);
#1504=EDGE_CURVE('',#1228,#1225,#544,.T.);
#1505=EDGE_CURVE('',#1229,#1230,#545,.T.);
#1506=EDGE_CURVE('',#1230,#1231,#546,.T.);
#1507=EDGE_CURVE('',#1231,#1232,#547,.T.);
#1508=EDGE_CURVE('',#1232,#1229,#548,.T.);
#1509=EDGE_CURVE('',#1228,#1231,#549,.T.);
#1510=EDGE_CURVE('',#1225,#1230,#550,.T.);
#1511=EDGE_CURVE('',#1227,#1232,#551,.T.);
#1512=EDGE_CURVE('',#1226,#1229,#552,.T.);
#1513=EDGE_CURVE('',#1233,#1234,#553,.T.);
#1514=EDGE_CURVE('',#1234,#1235,#554,.T.);
#1515=EDGE_CURVE('',#1235,#1236,#555,.T.);
#1516=EDGE_CURVE('',#1236,#1233,#556,.T.);
#1517=EDGE_CURVE('',#1237,#1238,#557,.T.);
#1518=EDGE_CURVE('',#1238,#1239,#558,.T.);
#1519=EDGE_CURVE('',#1239,#1240,#559,.T.);
#1520=EDGE_CURVE('',#1240,#1237,#560,.T.);
#1521=EDGE_CURVE('',#1236,#1239,#561,.T.);
#1522=EDGE_CURVE('',#1233,#1238,#562,.T.);
#1523=EDGE_CURVE('',#1235,#1240,#563,.T.);
#1524=EDGE_CURVE('',#1234,#1237,#564,.T.);
#1525=EDGE_CURVE('',#1241,#1242,#565,.T.);
#1526=EDGE_CURVE('',#1242,#1243,#566,.T.);
#1527=EDGE_CURVE('',#1243,#1244,#567,.T.);
#1528=EDGE_CURVE('',#1244,#1241,#568,.T.);
#1529=EDGE_CURVE('',#1245,#1246,#569,.T.);
#1530=EDGE_CURVE('',#1246,#1247,#570,.T.);
#1531=EDGE_CURVE('',#1247,#1248,#571,.T.);
#1532=EDGE_CURVE('',#1248,#1245,#572,.T.);
#1533=EDGE_CURVE('',#1244,#1247,#573,.T.);
#1534=EDGE_CURVE('',#1241,#1246,#574,.T.);
#1535=EDGE_CURVE('',#1243,#1248,#575,.T.);
#1536=EDGE_CURVE('',#1242,#1245,#576,.T.);
#1537=EDGE_CURVE('',#1249,#1250,#577,.T.);
#1538=EDGE_CURVE('',#1250,#1251,#578,.T.);
#1539=EDGE_CURVE('',#1251,#1252,#579,.T.);
#1540=EDGE_CURVE('',#1252,#1249,#580,.T.);
#1541=EDGE_CURVE('',#1253,#1254,#581,.T.);
#1542=EDGE_CURVE('',#1254,#1255,#582,.T.);
#1543=EDGE_CURVE('',#1255,#1256,#583,.T.);
#1544=EDGE_CURVE('',#1256,#1253,#584,.T.);
#1545=EDGE_CURVE('',#1252,#1255,#585,.T.);
#1546=EDGE_CURVE('',#1249,#1254,#586,.T.);
#1547=EDGE_CURVE('',#1251,#1256,#587,.T.);
#1548=EDGE_CURVE('',#1250,#1253,#588,.T.);
#1549=EDGE_CURVE('',#1257,#1258,#589,.T.);
#1550=EDGE_CURVE('',#1258,#1259,#590,.T.);
#1551=EDGE_CURVE('',#1259,#1260,#591,.T.);
#1552=EDGE_CURVE('',#1260,#1257,#592,.T.);
#1553=EDGE_CURVE('',#1261,#1262,#593,.T.);
#1554=EDGE_CURVE('',#1262,#1263,#594,.T.);
#1555=EDGE_CURVE('',#1263,#1264,#595,.T.);
#1556=EDGE_CURVE('',#1264,#1261,#596,.T.);
#1557=EDGE_CURVE('',#1260,#1263,#597,.T.);
#1558=EDGE_CURVE('',#1257,#1262,#598,.T.);
#1559=EDGE_CURVE('',#1259,#1264,#599,.T.);
#1560=EDGE_CURVE('',#1258,#1261,#600,.T.);
#1561=EDGE_CURVE('',#1265,#1266,#601,.T.);
#1562=EDGE_CURVE('',#1266,#1267,#602,.T.);
#1563=EDGE_CURVE('',#1267,#1268,#603,.T.);
#1564=EDGE_CURVE('',#1268,#1265,#604,.T.);
#1565=EDGE_CURVE('',#1269,#1270,#605,.T.);
#1566=EDGE_CURVE('',#1270,#1271,#606,.T.);
#1567=EDGE_CURVE('',#1271,#1272,#607,.T.);
#1568=EDGE_CURVE('',#1272,#1269,#608,.T.);
#1569=EDGE_CURVE('',#1268,#1271,#609,.T.);
#1570=EDGE_CURVE('',#1265,#1270,#610,.T.);
#1571=EDGE_CURVE('',#1267,#1272,#611,.T.);
#1572=EDGE_CURVE('',#1266,#1269,#612,.T.);
#1573=EDGE_CURVE('',#1273,#1274,#613,.T.);
#1574=EDGE_CURVE('',#1274,#1275,#614,.T.);
#1575=EDGE_CURVE('',#1275,#1276,#615,.T.);
#1576=EDGE_CURVE('',#1276,#1273,#616,.T.);
#1577=EDGE_CURVE('',#1277,#1278,#617,.T.);
#1578=EDGE_CURVE('',#1278,#1279,#618,.T.);
#1579=EDGE_CURVE('',#1279,#1280,#619,.T.);
#1580=EDGE_CURVE('',#1280,#1277,#620,.T.);
#1581=EDGE_CURVE('',#1276,#1279,#621,.T.);
#1582=EDGE_CURVE('',#1273,#1278,#622,.T.);
#1583=EDGE_CURVE('',#1275,#1280,#623,.T.);
#1584=EDGE_CURVE('',#1274,#1277,#624,.T.);
#1585=EDGE_CURVE('',#1281,#1282,#625,.T.);
#1586=EDGE_CURVE('',#1282,#1283,#626,.T.);
#1587=EDGE_CURVE('',#1283,#1284,#627,.T.);
#1588=EDGE_CURVE('',#1284,#1281,#628,.T.);
#1589=EDGE_CURVE('',#1285,#1286,#629,.T.);
#1590=EDGE_CURVE('',#1286,#1287,#630,.T.);
#1591=EDGE_CURVE('',#1287,#1288,#631,.T.);
#1592=EDGE_CURVE('',#1288,#1285,#632,.T.);
#1593=EDGE_CURVE('',#1284,#1287,#633,.T.);
#1594=EDGE_CURVE('',#1281,#1286,#634,.T.);
#1595=EDGE_CURVE('',#1283,#1288,#635,.T.);
#1596=EDGE_CURVE('',#1282,#1285,#636,.T.);
#1597=EDGE_CURVE('',#1289,#1290,#637,.T.);
#1598=EDGE_CURVE('',#1290,#1291,#638,.T.);
#1599=EDGE_CURVE('',#1291,#1292,#639,.T.);
#1600=EDGE_CURVE('',#1292,#1289,#640,.T.);
#1601=EDGE_CURVE('',#1293,#1294,#641,.T.);
#1602=EDGE_CURVE('',#1294,#1295,#642,.T.);
#1603=EDGE_CURVE('',#1295,#1296,#643,.T.);
#1604=EDGE_CURVE('',#1296,#1293,#644,.T.);
#1605=EDGE_CURVE('',#1292,#1295,#645,.T.);
#1606=EDGE_CURVE('',#1289,#1294,#646,.T.);
#1607=EDGE_CURVE('',#1291,#1296,#647,.T.);
#1608=EDGE_CURVE('',#1290,#1293,#648,.T.);
#1609=EDGE_CURVE('',#1297,#1298,#649,.T.);
#1610=EDGE_CURVE('',#1298,#1299,#650,.T.);
#1611=EDGE_CURVE('',#1299,#1300,#651,.T.);
#1612=EDGE_CURVE('',#1300,#1297,#652,.T.);
#1613=EDGE_CURVE('',#1301,#1302,#653,.T.);
#1614=EDGE_CURVE('',#1302,#1303,#654,.T.);
#1615=EDGE_CURVE('',#1303,#1304,#655,.T.);
#1616=EDGE_CURVE('',#1304,#1301,#656,.T.);
#1617=EDGE_CURVE('',#1300,#1303,#657,.T.);
#1618=EDGE_CURVE('',#1297,#1302,#658,.T.);
#1619=EDGE_CURVE('',#1299,#1304,#659,.T.);
#1620=EDGE_CURVE('',#1298,#1301,#660,.T.);
#1621=EDGE_CURVE('',#1305,#1306,#661,.T.);
#1622=EDGE_CURVE('',#1306,#1307,#662,.T.);
#1623=EDGE_CURVE('',#1307,#1308,#663,.T.);
#1624=EDGE_CURVE('',#1308,#1305,#664,.T.);
#1625=EDGE_CURVE('',#1309,#1310,#665,.T.);
#1626=EDGE_CURVE('',#1310,#1311,#666,.T.);
#1627=EDGE_CURVE('',#1311,#1312,#667,.T.);
#1628=EDGE_CURVE('',#1312,#1309,#668,.T.);
#1629=EDGE_CURVE('',#1308,#1311,#669,.T.);
#1630=EDGE_CURVE('',#1305,#1310,#670,.T.);
#1631=EDGE_CURVE('',#1307,#1312,#671,.T.);
#1632=EDGE_CURVE('',#1306,#1309,#672,.T.);
#1633=EDGE_CURVE('',#1313,#1314,#673,.T.);
#1634=EDGE_CURVE('',#1314,#1315,#674,.T.);
#1635=EDGE_CURVE('',#1315,#1316,#675,.T.);
#1636=EDGE_CURVE('',#1316,#1313,#676,.T.);
#1637=EDGE_CURVE('',#1317,#1318,#677,.T.);
#1638=EDGE_CURVE('',#1318,#1319,#678,.T.);
#1639=EDGE_CURVE('',#1319,#1320,#679,.T.);
#1640=EDGE_CURVE('',#1320,#1317,#680,.T.);
#1641=EDGE_CURVE('',#1316,#1319,#681,.T.);
#1642=EDGE_CURVE('',#1313,#1318,#682,.T.);
#1643=EDGE_CURVE('',#1315,#1320,#683,.T.);
#1644=EDGE_CURVE('',#1314,#1317,#684,.T.);
#1645=EDGE_CURVE('',#1321,#1322,#685,.T.);
#1646=EDGE_CURVE('',#1322,#1323,#686,.T.);
#1647=EDGE_CURVE('',#1323,#1324,#687,.T.);
#1648=EDGE_CURVE('',#1324,#1321,#688,.T.);
#1649=EDGE_CURVE('',#1325,#1326,#689,.T.);
#1650=EDGE_CURVE('',#1326,#1327,#690,.T.);
#1651=EDGE_CURVE('',#1327,#1328,#691,.T.);
#1652=EDGE_CURVE('',#1328,#1325,#692,.T.);
#1653=EDGE_CURVE('',#1324,#1327,#693,.T.);
#1654=EDGE_CURVE('',#1321,#1326,#694,.T.);
#1655=EDGE_CURVE('',#1323,#1328,#695,.T.);
#1656=EDGE_CURVE('',#1322,#1325,#696,.T.);
#1657=EDGE_CURVE('',#1329,#1330,#697,.T.);
#1658=EDGE_CURVE('',#1330,#1331,#698,.T.);
#1659=EDGE_CURVE('',#1331,#1332,#699,.T.);
#1660=EDGE_CURVE('',#1332,#1329,#700,.T.);
#1661=EDGE_CURVE('',#1333,#1334,#701,.T.);
#1662=EDGE_CURVE('',#1334,#1335,#702,.T.);
#1663=EDGE_CURVE('',#1335,#1336,#703,.T.);
#1664=EDGE_CURVE('',#1336,#1333,#704,.T.);
#1665=EDGE_CURVE('',#1332,#1335,#705,.T.);
#1666=EDGE_CURVE('',#1329,#1334,#706,.T.);
#1667=EDGE_CURVE('',#1331,#1336,#707,.T.);
#1668=EDGE_CURVE('',#1330,#1333,#708,.T.);
#1669=EDGE_CURVE('',#1337,#1338,#709,.T.);
#1670=EDGE_CURVE('',#1338,#1339,#710,.T.);
#1671=EDGE_CURVE('',#1339,#1340,#711,.T.);
#1672=EDGE_CURVE('',#1340,#1337,#712,.T.);
#1673=EDGE_CURVE('',#1341,#1342,#713,.T.);
#1674=EDGE_CURVE('',#1342,#1343,#714,.T.);
#1675=EDGE_CURVE('',#1343,#1344,#715,.T.);
#1676=EDGE_CURVE('',#1344,#1341,#716,.T.);
#1677=EDGE_CURVE('',#1340,#1343,#717,.T.);
#1678=EDGE_CURVE('',#1337,#1342,#718,.T.);
#1679=EDGE_CURVE('',#1339,#1344,#719,.T.);
#1680=EDGE_CURVE('',#1338,#1341,#720,.T.);
#1681=EDGE_CURVE('',#1345,#1346,#721,.T.);
#1682=EDGE_CURVE('',#1346,#1347,#722,.T.);
#1683=EDGE_CURVE('',#1347,#1348,#723,.T.);
#1684=EDGE_CURVE('',#1348,#1345,#724,.T.);
#1685=EDGE_CURVE('',#1349,#1350,#725,.T.);
#1686=EDGE_CURVE('',#1350,#1351,#726,.T.);
#1687=EDGE_CURVE('',#1351,#1352,#727,.T.);
#1688=EDGE_CURVE('',#1352,#1349,#728,.T.);
#1689=EDGE_CURVE('',#1348,#1351,#729,.T.);
#1690=EDGE_CURVE('',#1345,#1350,#730,.T.);
#1691=EDGE_CURVE('',#1347,#1352,#731,.T.);
#1692=EDGE_CURVE('',#1346,#1349,#732,.T.);
#1693=EDGE_CURVE('',#1353,#1354,#733,.T.);
#1694=EDGE_CURVE('',#1354,#1355,#734,.T.);
#1695=EDGE_CURVE('',#1355,#1356,#735,.T.);
#1696=EDGE_CURVE('',#1356,#1353,#736,.T.);
#1697=EDGE_CURVE('',#1357,#1358,#737,.T.);
#1698=EDGE_CURVE('',#1358,#1359,#738,.T.);
#1699=EDGE_CURVE('',#1359,#1360,#739,.T.);
#1700=EDGE_CURVE('',#1360,#1357,#740,.T.);
#1701=EDGE_CURVE('',#1356,#1359,#741,.T.);
#1702=EDGE_CURVE('',#1353,#1358,#742,.T.);
#1703=EDGE_CURVE('',#1355,#1360,#743,.T.);
#1704=EDGE_CURVE('',#1354,#1357,#744,.T.);
#1705=EDGE_CURVE('',#1361,#1362,#745,.T.);
#1706=EDGE_CURVE('',#1362,#1363,#746,.T.);
#1707=EDGE_CURVE('',#1363,#1364,#747,.T.);
#1708=EDGE_CURVE('',#1364,#1361,#748,.T.);
#1709=EDGE_CURVE('',#1365,#1366,#749,.T.);
#1710=EDGE_CURVE('',#1366,#1367,#750,.T.);
#1711=EDGE_CURVE('',#1367,#1368,#751,.T.);
#1712=EDGE_CURVE('',#1368,#1365,#752,.T.);
#1713=EDGE_CURVE('',#1364,#1367,#753,.T.);
#1714=EDGE_CURVE('',#1361,#1366,#754,.T.);
#1715=EDGE_CURVE('',#1363,#1368,#755,.T.);
#1716=EDGE_CURVE('',#1362,#1365,#756,.T.);
#1717=EDGE_CURVE('',#1369,#1370,#757,.T.);
#1718=EDGE_CURVE('',#1370,#1371,#758,.T.);
#1719=EDGE_CURVE('',#1371,#1372,#759,.T.);
#1720=EDGE_CURVE('',#1372,#1369,#760,.T.);
#1721=EDGE_CURVE('',#1373,#1374,#761,.T.);
#1722=EDGE_CURVE('',#1374,#1375,#762,.T.);
#1723=EDGE_CURVE('',#1375,#1376,#763,.T.);
#1724=EDGE_CURVE('',#1376,#1373,#764,.T.);
#1725=EDGE_CURVE('',#1372,#1375,#765,.T.);
#1726=EDGE_CURVE('',#1369,#1374,#766,.T.);
#1727=EDGE_CURVE('',#1371,#1376,#767,.T.);
#1728=EDGE_CURVE('',#1370,#1373,#768,.T.);
#1729=EDGE_CURVE('',#1377,#1378,#769,.T.);
#1730=EDGE_CURVE('',#1378,#1379,#770,.T.);
#1731=EDGE_CURVE('',#1379,#1380,#771,.T.);
#1732=EDGE_CURVE('',#1380,#1377,#772,.T.);
#1733=EDGE_CURVE('',#1381,#1382,#773,.T.);
#1734=EDGE_CURVE('',#1382,#1383,#774,.T.);
#1735=EDGE_CURVE('',#1383,#1384,#775,.T.);
#1736=EDGE_CURVE('',#1384,#1381,#776,.T.);
#1737=EDGE_CURVE('',#1380,#1383,#777,.T.);
#1738=EDGE_CURVE('',#1377,#1382,#778,.T.);
#1739=EDGE_CURVE('',#1379,#1384,#779,.T.);
#1740=EDGE_CURVE('',#1378,#1381,#780,.T.);
#1741=EDGE_CURVE('',#1385,#1386,#781,.T.);
#1742=EDGE_CURVE('',#1386,#1387,#782,.T.);
#1743=EDGE_CURVE('',#1387,#1388,#783,.T.);
#1744=EDGE_CURVE('',#1388,#1385,#784,.T.);
#1745=EDGE_CURVE('',#1389,#1390,#785,.T.);
#1746=EDGE_CURVE('',#1390,#1391,#786,.T.);
#1747=EDGE_CURVE('',#1391,#1392,#787,.T.);
#1748=EDGE_CURVE('',#1392,#1389,#788,.T.);
#1749=EDGE_CURVE('',#1388,#1391,#789,.T.);
#1750=EDGE_CURVE('',#1385,#1390,#790,.T.);
#1751=EDGE_CURVE('',#1387,#1392,#791,.T.);
#1752=EDGE_CURVE('',#1386,#1389,#792,.T.);
#1753=ORIENTED_EDGE('',*,*,#1393,.T.);
#1754=ORIENTED_EDGE('',*,*,#1394,.T.);
#1755=ORIENTED_EDGE('',*,*,#1395,.T.);
#1756=ORIENTED_EDGE('',*,*,#1396,.T.);
#1757=ORIENTED_EDGE('',*,*,#1397,.T.);
#1758=ORIENTED_EDGE('',*,*,#1398,.T.);
#1759=ORIENTED_EDGE('',*,*,#1399,.T.);
#1760=ORIENTED_EDGE('',*,*,#1400,.T.);
#1761=ORIENTED_EDGE('',*,*,#1401,.T.);
#1762=ORIENTED_EDGE('',*,*,#1398,.F.);
#1763=ORIENTED_EDGE('',*,*,#1402,.F.);
#1764=ORIENTED_EDGE('',*,*,#1396,.F.);
#1765=ORIENTED_EDGE('',*,*,#1403,.T.);
#1766=ORIENTED_EDGE('',*,*,#1399,.F.);
#1767=ORIENTED_EDGE('',*,*,#1401,.F.);
#1768=ORIENTED_EDGE('',*,*,#1395,.F.);
#1769=ORIENTED_EDGE('',*,*,#1404,.T.);
#1770=ORIENTED_EDGE('',*,*,#1400,.F.);
#1771=ORIENTED_EDGE('',*,*,#1403,.F.);
#1772=ORIENTED_EDGE('',*,*,#1394,.F.);
#1773=ORIENTED_EDGE('',*,*,#1402,.T.);
#1774=ORIENTED_EDGE('',*,*,#1397,.F.);
#1775=ORIENTED_EDGE('',*,*,#1404,.F.);
#1776=ORIENTED_EDGE('',*,*,#1393,.F.);
#1777=ORIENTED_EDGE('',*,*,#1405,.T.);
#1778=ORIENTED_EDGE('',*,*,#1406,.T.);
#1779=ORIENTED_EDGE('',*,*,#1407,.T.);
#1780=ORIENTED_EDGE('',*,*,#1408,.T.);
#1781=ORIENTED_EDGE('',*,*,#1409,.T.);
#1782=ORIENTED_EDGE('',*,*,#1410,.T.);
#1783=ORIENTED_EDGE('',*,*,#1411,.T.);
#1784=ORIENTED_EDGE('',*,*,#1412,.T.);
#1785=ORIENTED_EDGE('',*,*,#1413,.T.);
#1786=ORIENTED_EDGE('',*,*,#1410,.F.);
#1787=ORIENTED_EDGE('',*,*,#1414,.F.);
#1788=ORIENTED_EDGE('',*,*,#1408,.F.);
#1789=ORIENTED_EDGE('',*,*,#1415,.T.);
#1790=ORIENTED_EDGE('',*,*,#1411,.F.);
#1791=ORIENTED_EDGE('',*,*,#1413,.F.);
#1792=ORIENTED_EDGE('',*,*,#1407,.F.);
#1793=ORIENTED_EDGE('',*,*,#1416,.T.);
#1794=ORIENTED_EDGE('',*,*,#1412,.F.);
#1795=ORIENTED_EDGE('',*,*,#1415,.F.);
#1796=ORIENTED_EDGE('',*,*,#1406,.F.);
#1797=ORIENTED_EDGE('',*,*,#1414,.T.);
#1798=ORIENTED_EDGE('',*,*,#1409,.F.);
#1799=ORIENTED_EDGE('',*,*,#1416,.F.);
#1800=ORIENTED_EDGE('',*,*,#1405,.F.);
#1801=ORIENTED_EDGE('',*,*,#1417,.T.);
#1802=ORIENTED_EDGE('',*,*,#1418,.T.);
#1803=ORIENTED_EDGE('',*,*,#1419,.T.);
#1804=ORIENTED_EDGE('',*,*,#1420,.T.);
#1805=ORIENTED_EDGE('',*,*,#1421,.T.);
#1806=ORIENTED_EDGE('',*,*,#1422,.T.);
#1807=ORIENTED_EDGE('',*,*,#1423,.T.);
#1808=ORIENTED_EDGE('',*,*,#1424,.T.);
#1809=ORIENTED_EDGE('',*,*,#1425,.T.);
#1810=ORIENTED_EDGE('',*,*,#1422,.F.);
#1811=ORIENTED_EDGE('',*,*,#1426,.F.);
#1812=ORIENTED_EDGE('',*,*,#1420,.F.);
#1813=ORIENTED_EDGE('',*,*,#1427,.T.);
#1814=ORIENTED_EDGE('',*,*,#1423,.F.);
#1815=ORIENTED_EDGE('',*,*,#1425,.F.);
#1816=ORIENTED_EDGE('',*,*,#1419,.F.);
#1817=ORIENTED_EDGE('',*,*,#1428,.T.);
#1818=ORIENTED_EDGE('',*,*,#1424,.F.);
#1819=ORIENTED_EDGE('',*,*,#1427,.F.);
#1820=ORIENTED_EDGE('',*,*,#1418,.F.);
#1821=ORIENTED_EDGE('',*,*,#1426,.T.);
#1822=ORIENTED_EDGE('',*,*,#1421,.F.);
#1823=ORIENTED_EDGE('',*,*,#1428,.F.);
#1824=ORIENTED_EDGE('',*,*,#1417,.F.);
#1825=ORIENTED_EDGE('',*,*,#1429,.T.);
#1826=ORIENTED_EDGE('',*,*,#1430,.T.);
#1827=ORIENTED_EDGE('',*,*,#1431,.T.);
#1828=ORIENTED_EDGE('',*,*,#1432,.T.);
#1829=ORIENTED_EDGE('',*,*,#1433,.T.);
#1830=ORIENTED_EDGE('',*,*,#1434,.T.);
#1831=ORIENTED_EDGE('',*,*,#1435,.T.);
#1832=ORIENTED_EDGE('',*,*,#1436,.T.);
#1833=ORIENTED_EDGE('',*,*,#1437,.T.);
#1834=ORIENTED_EDGE('',*,*,#1434,.F.);
#1835=ORIENTED_EDGE('',*,*,#1438,.F.);
#1836=ORIENTED_EDGE('',*,*,#1432,.F.);
#1837=ORIENTED_EDGE('',*,*,#1439,.T.);
#1838=ORIENTED_EDGE('',*,*,#1435,.F.);
#1839=ORIENTED_EDGE('',*,*,#1437,.F.);
#1840=ORIENTED_EDGE('',*,*,#1431,.F.);
#1841=ORIENTED_EDGE('',*,*,#1440,.T.);
#1842=ORIENTED_EDGE('',*,*,#1436,.F.);
#1843=ORIENTED_EDGE('',*,*,#1439,.F.);
#1844=ORIENTED_EDGE('',*,*,#1430,.F.);
#1845=ORIENTED_EDGE('',*,*,#1438,.T.);
#1846=ORIENTED_EDGE('',*,*,#1433,.F.);
#1847=ORIENTED_EDGE('',*,*,#1440,.F.);
#1848=ORIENTED_EDGE('',*,*,#1429,.F.);
#1849=ORIENTED_EDGE('',*,*,#1441,.T.);
#1850=ORIENTED_EDGE('',*,*,#1442,.T.);
#1851=ORIENTED_EDGE('',*,*,#1443,.T.);
#1852=ORIENTED_EDGE('',*,*,#1444,.T.);
#1853=ORIENTED_EDGE('',*,*,#1445,.T.);
#1854=ORIENTED_EDGE('',*,*,#1446,.T.);
#1855=ORIENTED_EDGE('',*,*,#1447,.T.);
#1856=ORIENTED_EDGE('',*,*,#1448,.T.);
#1857=ORIENTED_EDGE('',*,*,#1449,.T.);
#1858=ORIENTED_EDGE('',*,*,#1446,.F.);
#1859=ORIENTED_EDGE('',*,*,#1450,.F.);
#1860=ORIENTED_EDGE('',*,*,#1444,.F.);
#1861=ORIENTED_EDGE('',*,*,#1451,.T.);
#1862=ORIENTED_EDGE('',*,*,#1447,.F.);
#1863=ORIENTED_EDGE('',*,*,#1449,.F.);
#1864=ORIENTED_EDGE('',*,*,#1443,.F.);
#1865=ORIENTED_EDGE('',*,*,#1452,.T.);
#1866=ORIENTED_EDGE('',*,*,#1448,.F.);
#1867=ORIENTED_EDGE('',*,*,#1451,.F.);
#1868=ORIENTED_EDGE('',*,*,#1442,.F.);
#1869=ORIENTED_EDGE('',*,*,#1450,.T.);
#1870=ORIENTED_EDGE('',*,*,#1445,.F.);
#1871=ORIENTED_EDGE('',*,*,#1452,.F.);
#1872=ORIENTED_EDGE('',*,*,#1441,.F.);
#1873=ORIENTED_EDGE('',*,*,#1453,.T.);
#1874=ORIENTED_EDGE('',*,*,#1454,.T.);
#1875=ORIENTED_EDGE('',*,*,#1455,.T.);
#1876=ORIENTED_EDGE('',*,*,#1456,.T.);
#1877=ORIENTED_EDGE('',*,*,#1457,.T.);
#1878=ORIENTED_EDGE('',*,*,#1458,.T.);
#1879=ORIENTED_EDGE('',*,*,#1459,.T.);
#1880=ORIENTED_EDGE('',*,*,#1460,.T.);
#1881=ORIENTED_EDGE('',*,*,#1461,.T.);
#1882=ORIENTED_EDGE('',*,*,#1458,.F.);
#1883=ORIENTED_EDGE('',*,*,#1462,.F.);
#1884=ORIENTED_EDGE('',*,*,#1456,.F.);
#1885=ORIENTED_EDGE('',*,*,#1463,.T.);
#1886=ORIENTED_EDGE('',*,*,#1459,.F.);
#1887=ORIENTED_EDGE('',*,*,#1461,.F.);
#1888=ORIENTED_EDGE('',*,*,#1455,.F.);
#1889=ORIENTED_EDGE('',*,*,#1464,.T.);
#1890=ORIENTED_EDGE('',*,*,#1460,.F.);
#1891=ORIENTED_EDGE('',*,*,#1463,.F.);
#1892=ORIENTED_EDGE('',*,*,#1454,.F.);
#1893=ORIENTED_EDGE('',*,*,#1462,.T.);
#1894=ORIENTED_EDGE('',*,*,#1457,.F.);
#1895=ORIENTED_EDGE('',*,*,#1464,.F.);
#1896=ORIENTED_EDGE('',*,*,#1453,.F.);
#1897=ORIENTED_EDGE('',*,*,#1465,.T.);
#1898=ORIENTED_EDGE('',*,*,#1466,.T.);
#1899=ORIENTED_EDGE('',*,*,#1467,.T.);
#1900=ORIENTED_EDGE('',*,*,#1468,.T.);
#1901=ORIENTED_EDGE('',*,*,#1469,.T.);
#1902=ORIENTED_EDGE('',*,*,#1470,.T.);
#1903=ORIENTED_EDGE('',*,*,#1471,.T.);
#1904=ORIENTED_EDGE('',*,*,#1472,.T.);
#1905=ORIENTED_EDGE('',*,*,#1473,.T.);
#1906=ORIENTED_EDGE('',*,*,#1470,.F.);
#1907=ORIENTED_EDGE('',*,*,#1474,.F.);
#1908=ORIENTED_EDGE('',*,*,#1468,.F.);
#1909=ORIENTED_EDGE('',*,*,#1475,.T.);
#1910=ORIENTED_EDGE('',*,*,#1471,.F.);
#1911=ORIENTED_EDGE('',*,*,#1473,.F.);
#1912=ORIENTED_EDGE('',*,*,#1467,.F.);
#1913=ORIENTED_EDGE('',*,*,#1476,.T.);
#1914=ORIENTED_EDGE('',*,*,#1472,.F.);
#1915=ORIENTED_EDGE('',*,*,#1475,.F.);
#1916=ORIENTED_EDGE('',*,*,#1466,.F.);
#1917=ORIENTED_EDGE('',*,*,#1474,.T.);
#1918=ORIENTED_EDGE('',*,*,#1469,.F.);
#1919=ORIENTED_EDGE('',*,*,#1476,.F.);
#1920=ORIENTED_EDGE('',*,*,#1465,.F.);
#1921=ORIENTED_EDGE('',*,*,#1477,.T.);
#1922=ORIENTED_EDGE('',*,*,#1478,.T.);
#1923=ORIENTED_EDGE('',*,*,#1479,.T.);
#1924=ORIENTED_EDGE('',*,*,#1480,.T.);
#1925=ORIENTED_EDGE('',*,*,#1481,.T.);
#1926=ORIENTED_EDGE('',*,*,#1482,.T.);
#1927=ORIENTED_EDGE('',*,*,#1483,.T.);
#1928=ORIENTED_EDGE('',*,*,#1484,.T.);
#1929=ORIENTED_EDGE('',*,*,#1485,.T.);
#1930=ORIENTED_EDGE('',*,*,#1482,.F.);
#1931=ORIENTED_EDGE('',*,*,#1486,.F.);
#1932=ORIENTED_EDGE('',*,*,#1480,.F.);
#1933=ORIENTED_EDGE('',*,*,#1487,.T.);
#1934=ORIENTED_EDGE('',*,*,#1483,.F.);
#1935=ORIENTED_EDGE('',*,*,#1485,.F.);
#1936=ORIENTED_EDGE('',*,*,#1479,.F.);
#1937=ORIENTED_EDGE('',*,*,#1488,.T.);
#1938=ORIENTED_EDGE('',*,*,#1484,.F.);
#1939=ORIENTED_EDGE('',*,*,#1487,.F.);
#1940=ORIENTED_EDGE('',*,*,#1478,.F.);
#1941=ORIENTED_EDGE('',*,*,#1486,.T.);
#1942=ORIENTED_EDGE('',*,*,#1481,.F.);
#1943=ORIENTED_EDGE('',*,*,#1488,.F.);
#1944=ORIENTED_EDGE('',*,*,#1477,.F.);
#1945=ORIENTED_EDGE('',*,*,#1489,.T.);
#1946=ORIENTED_EDGE('',*,*,#1490,.T.);
#1947=ORIENTED_EDGE('',*,*,#1491,.T.);
#1948=ORIENTED_EDGE('',*,*,#1492,.T.);
#1949=ORIENTED_EDGE('',*,*,#1493,.T.);
#1950=ORIENTED_EDGE('',*,*,#1494,.T.);
#1951=ORIENTED_EDGE('',*,*,#1495,.T.);
#1952=ORIENTED_EDGE('',*,*,#1496,.T.);
#1953=ORIENTED_EDGE('',*,*,#1497,.T.);
#1954=ORIENTED_EDGE('',*,*,#1494,.F.);
#1955=ORIENTED_EDGE('',*,*,#1498,.F.);
#1956=ORIENTED_EDGE('',*,*,#1492,.F.);
#1957=ORIENTED_EDGE('',*,*,#1499,.T.);
#1958=ORIENTED_EDGE('',*,*,#1495,.F.);
#1959=ORIENTED_EDGE('',*,*,#1497,.F.);
#1960=ORIENTED_EDGE('',*,*,#1491,.F.);
#1961=ORIENTED_EDGE('',*,*,#1500,.T.);
#1962=ORIENTED_EDGE('',*,*,#1496,.F.);
#1963=ORIENTED_EDGE('',*,*,#1499,.F.);
#1964=ORIENTED_EDGE('',*,*,#1490,.F.);
#1965=ORIENTED_EDGE('',*,*,#1498,.T.);
#1966=ORIENTED_EDGE('',*,*,#1493,.F.);
#1967=ORIENTED_EDGE('',*,*,#1500,.F.);
#1968=ORIENTED_EDGE('',*,*,#1489,.F.);
#1969=ORIENTED_EDGE('',*,*,#1501,.T.);
#1970=ORIENTED_EDGE('',*,*,#1502,.T.);
#1971=ORIENTED_EDGE('',*,*,#1503,.T.);
#1972=ORIENTED_EDGE('',*,*,#1504,.T.);
#1973=ORIENTED_EDGE('',*,*,#1505,.T.);
#1974=ORIENTED_EDGE('',*,*,#1506,.T.);
#1975=ORIENTED_EDGE('',*,*,#1507,.T.);
#1976=ORIENTED_EDGE('',*,*,#1508,.T.);
#1977=ORIENTED_EDGE('',*,*,#1509,.T.);
#1978=ORIENTED_EDGE('',*,*,#1506,.F.);
#1979=ORIENTED_EDGE('',*,*,#1510,.F.);
#1980=ORIENTED_EDGE('',*,*,#1504,.F.);
#1981=ORIENTED_EDGE('',*,*,#1511,.T.);
#1982=ORIENTED_EDGE('',*,*,#1507,.F.);
#1983=ORIENTED_EDGE('',*,*,#1509,.F.);
#1984=ORIENTED_EDGE('',*,*,#1503,.F.);
#1985=ORIENTED_EDGE('',*,*,#1512,.T.);
#1986=ORIENTED_EDGE('',*,*,#1508,.F.);
#1987=ORIENTED_EDGE('',*,*,#1511,.F.);
#1988=ORIENTED_EDGE('',*,*,#1502,.F.);
#1989=ORIENTED_EDGE('',*,*,#1510,.T.);
#1990=ORIENTED_EDGE('',*,*,#1505,.F.);
#1991=ORIENTED_EDGE('',*,*,#1512,.F.);
#1992=ORIENTED_EDGE('',*,*,#1501,.F.);
#1993=ORIENTED_EDGE('',*,*,#1513,.T.);
#1994=ORIENTED_EDGE('',*,*,#1514,.T.);
#1995=ORIENTED_EDGE('',*,*,#1515,.T.);
#1996=ORIENTED_EDGE('',*,*,#1516,.T.);
#1997=ORIENTED_EDGE('',*,*,#1517,.T.);
#1998=ORIENTED_EDGE('',*,*,#1518,.T.);
#1999=ORIENTED_EDGE('',*,*,#1519,.T.);
#2000=ORIENTED_EDGE('',*,*,#1520,.T.);
#2001=ORIENTED_EDGE('',*,*,#1521,.T.);
#2002=ORIENTED_EDGE('',*,*,#1518,.F.);
#2003=ORIENTED_EDGE('',*,*,#1522,.F.);
#2004=ORIENTED_EDGE('',*,*,#1516,.F.);
#2005=ORIENTED_EDGE('',*,*,#1523,.T.);
#2006=ORIENTED_EDGE('',*,*,#1519,.F.);
#2007=ORIENTED_EDGE('',*,*,#1521,.F.);
#2008=ORIENTED_EDGE('',*,*,#1515,.F.);
#2009=ORIENTED_EDGE('',*,*,#1524,.T.);
#2010=ORIENTED_EDGE('',*,*,#1520,.F.);
#2011=ORIENTED_EDGE('',*,*,#1523,.F.);
#2012=ORIENTED_EDGE('',*,*,#1514,.F.);
#2013=ORIENTED_EDGE('',*,*,#1522,.T.);
#2014=ORIENTED_EDGE('',*,*,#1517,.F.);
#2015=ORIENTED_EDGE('',*,*,#1524,.F.);
#2016=ORIENTED_EDGE('',*,*,#1513,.F.);
#2017=ORIENTED_EDGE('',*,*,#1525,.T.);
#2018=ORIENTED_EDGE('',*,*,#1526,.T.);
#2019=ORIENTED_EDGE('',*,*,#1527,.T.);
#2020=ORIENTED_EDGE('',*,*,#1528,.T.);
#2021=ORIENTED_EDGE('',*,*,#1529,.T.);
#2022=ORIENTED_EDGE('',*,*,#1530,.T.);
#2023=ORIENTED_EDGE('',*,*,#1531,.T.);
#2024=ORIENTED_EDGE('',*,*,#1532,.T.);
#2025=ORIENTED_EDGE('',*,*,#1533,.T.);
#2026=ORIENTED_EDGE('',*,*,#1530,.F.);
#2027=ORIENTED_EDGE('',*,*,#1534,.F.);
#2028=ORIENTED_EDGE('',*,*,#1528,.F.);
#2029=ORIENTED_EDGE('',*,*,#1535,.T.);
#2030=ORIENTED_EDGE('',*,*,#1531,.F.);
#2031=ORIENTED_EDGE('',*,*,#1533,.F.);
#2032=ORIENTED_EDGE('',*,*,#1527,.F.);
#2033=ORIENTED_EDGE('',*,*,#1536,.T.);
#2034=ORIENTED_EDGE('',*,*,#1532,.F.);
#2035=ORIENTED_EDGE('',*,*,#1535,.F.);
#2036=ORIENTED_EDGE('',*,*,#1526,.F.);
#2037=ORIENTED_EDGE('',*,*,#1534,.T.);
#2038=ORIENTED_EDGE('',*,*,#1529,.F.);
#2039=ORIENTED_EDGE('',*,*,#1536,.F.);
#2040=ORIENTED_EDGE('',*,*,#1525,.F.);
#2041=ORIENTED_EDGE('',*,*,#1537,.T.);
#2042=ORIENTED_EDGE('',*,*,#1538,.T.);
#2043=ORIENTED_EDGE('',*,*,#1539,.T.);
#2044=ORIENTED_EDGE('',*,*,#1540,.T.);
#2045=ORIENTED_EDGE('',*,*,#1541,.T.);
#2046=ORIENTED_EDGE('',*,*,#1542,.T.);
#2047=ORIENTED_EDGE('',*,*,#1543,.T.);
#2048=ORIENTED_EDGE('',*,*,#1544,.T.);
#2049=ORIENTED_EDGE('',*,*,#1545,.T.);
#2050=ORIENTED_EDGE('',*,*,#1542,.F.);
#2051=ORIENTED_EDGE('',*,*,#1546,.F.);
#2052=ORIENTED_EDGE('',*,*,#1540,.F.);
#2053=ORIENTED_EDGE('',*,*,#1547,.T.);
#2054=ORIENTED_EDGE('',*,*,#1543,.F.);
#2055=ORIENTED_EDGE('',*,*,#1545,.F.);
#2056=ORIENTED_EDGE('',*,*,#1539,.F.);
#2057=ORIENTED_EDGE('',*,*,#1548,.T.);
#2058=ORIENTED_EDGE('',*,*,#1544,.F.);
#2059=ORIENTED_EDGE('',*,*,#1547,.F.);
#2060=ORIENTED_EDGE('',*,*,#1538,.F.);
#2061=ORIENTED_EDGE('',*,*,#1546,.T.);
#2062=ORIENTED_EDGE('',*,*,#1541,.F.);
#2063=ORIENTED_EDGE('',*,*,#1548,.F.);
#2064=ORIENTED_EDGE('',*,*,#1537,.F.);
#2065=ORIENTED_EDGE('',*,*,#1549,.T.);
#2066=ORIENTED_EDGE('',*,*,#1550,.T.);
#2067=ORIENTED_EDGE('',*,*,#1551,.T.);
#2068=ORIENTED_EDGE('',*,*,#1552,.T.);
#2069=ORIENTED_EDGE('',*,*,#1553,.T.);
#2070=ORIENTED_EDGE('',*,*,#1554,.T.);
#2071=ORIENTED_EDGE('',*,*,#1555,.T.);
#2072=ORIENTED_EDGE('',*,*,#1556,.T.);
#2073=ORIENTED_EDGE('',*,*,#1557,.T.);
#2074=ORIENTED_EDGE('',*,*,#1554,.F.);
#2075=ORIENTED_EDGE('',*,*,#1558,.F.);
#2076=ORIENTED_EDGE('',*,*,#1552,.F.);
#2077=ORIENTED_EDGE('',*,*,#1559,.T.);
#2078=ORIENTED_EDGE('',*,*,#1555,.F.);
#2079=ORIENTED_EDGE('',*,*,#1557,.F.);
#2080=ORIENTED_EDGE('',*,*,#1551,.F.);
#2081=ORIENTED_EDGE('',*,*,#1560,.T.);
#2082=ORIENTED_EDGE('',*,*,#1556,.F.);
#2083=ORIENTED_EDGE('',*,*,#1559,.F.);
#2084=ORIENTED_EDGE('',*,*,#1550,.F.);
#2085=ORIENTED_EDGE('',*,*,#1558,.T.);
#2086=ORIENTED_EDGE('',*,*,#1553,.F.);
#2087=ORIENTED_EDGE('',*,*,#1560,.F.);
#2088=ORIENTED_EDGE('',*,*,#1549,.F.);
#2089=ORIENTED_EDGE('',*,*,#1561,.T.);
#2090=ORIENTED_EDGE('',*,*,#1562,.T.);
#2091=ORIENTED_EDGE('',*,*,#1563,.T.);
#2092=ORIENTED_EDGE('',*,*,#1564,.T.);
#2093=ORIENTED_EDGE('',*,*,#1565,.T.);
#2094=ORIENTED_EDGE('',*,*,#1566,.T.);
#2095=ORIENTED_EDGE('',*,*,#1567,.T.);
#2096=ORIENTED_EDGE('',*,*,#1568,.T.);
#2097=ORIENTED_EDGE('',*,*,#1569,.T.);
#2098=ORIENTED_EDGE('',*,*,#1566,.F.);
#2099=ORIENTED_EDGE('',*,*,#1570,.F.);
#2100=ORIENTED_EDGE('',*,*,#1564,.F.);
#2101=ORIENTED_EDGE('',*,*,#1571,.T.);
#2102=ORIENTED_EDGE('',*,*,#1567,.F.);
#2103=ORIENTED_EDGE('',*,*,#1569,.F.);
#2104=ORIENTED_EDGE('',*,*,#1563,.F.);
#2105=ORIENTED_EDGE('',*,*,#1572,.T.);
#2106=ORIENTED_EDGE('',*,*,#1568,.F.);
#2107=ORIENTED_EDGE('',*,*,#1571,.F.);
#2108=ORIENTED_EDGE('',*,*,#1562,.F.);
#2109=ORIENTED_EDGE('',*,*,#1570,.T.);
#2110=ORIENTED_EDGE('',*,*,#1565,.F.);
#2111=ORIENTED_EDGE('',*,*,#1572,.F.);
#2112=ORIENTED_EDGE('',*,*,#1561,.F.);
#2113=ORIENTED_EDGE('',*,*,#1573,.T.);
#2114=ORIENTED_EDGE('',*,*,#1574,.T.);
#2115=ORIENTED_EDGE('',*,*,#1575,.T.);
#2116=ORIENTED_EDGE('',*,*,#1576,.T.);
#2117=ORIENTED_EDGE('',*,*,#1577,.T.);
#2118=ORIENTED_EDGE('',*,*,#1578,.T.);
#2119=ORIENTED_EDGE('',*,*,#1579,.T.);
#2120=ORIENTED_EDGE('',*,*,#1580,.T.);
#2121=ORIENTED_EDGE('',*,*,#1581,.T.);
#2122=ORIENTED_EDGE('',*,*,#1578,.F.);
#2123=ORIENTED_EDGE('',*,*,#1582,.F.);
#2124=ORIENTED_EDGE('',*,*,#1576,.F.);
#2125=ORIENTED_EDGE('',*,*,#1583,.T.);
#2126=ORIENTED_EDGE('',*,*,#1579,.F.);
#2127=ORIENTED_EDGE('',*,*,#1581,.F.);
#2128=ORIENTED_EDGE('',*,*,#1575,.F.);
#2129=ORIENTED_EDGE('',*,*,#1584,.T.);
#2130=ORIENTED_EDGE('',*,*,#1580,.F.);
#2131=ORIENTED_EDGE('',*,*,#1583,.F.);
#2132=ORIENTED_EDGE('',*,*,#1574,.F.);
#2133=ORIENTED_EDGE('',*,*,#1582,.T.);
#2134=ORIENTED_EDGE('',*,*,#1577,.F.);
#2135=ORIENTED_EDGE('',*,*,#1584,.F.);
#2136=ORIENTED_EDGE('',*,*,#1573,.F.);
#2137=ORIENTED_EDGE('',*,*,#1585,.T.);
#2138=ORIENTED_EDGE('',*,*,#1586,.T.);
#2139=ORIENTED_EDGE('',*,*,#1587,.T.);
#2140=ORIENTED_EDGE('',*,*,#1588,.T.);
#2141=ORIENTED_EDGE('',*,*,#1589,.T.);
#2142=ORIENTED_EDGE('',*,*,#1590,.T.);
#2143=ORIENTED_EDGE('',*,*,#1591,.T.);
#2144=ORIENTED_EDGE('',*,*,#1592,.T.);
#2145=ORIENTED_EDGE('',*,*,#1593,.T.);
#2146=ORIENTED_EDGE('',*,*,#1590,.F.);
#2147=ORIENTED_EDGE('',*,*,#1594,.F.);
#2148=ORIENTED_EDGE('',*,*,#1588,.F.);
#2149=ORIENTED_EDGE('',*,*,#1595,.T.);
#2150=ORIENTED_EDGE('',*,*,#1591,.F.);
#2151=ORIENTED_EDGE('',*,*,#1593,.F.);
#2152=ORIENTED_EDGE('',*,*,#1587,.F.);
#2153=ORIENTED_EDGE('',*,*,#1596,.T.);
#2154=ORIENTED_EDGE('',*,*,#1592,.F.);
#2155=ORIENTED_EDGE('',*,*,#1595,.F.);
#2156=ORIENTED_EDGE('',*,*,#1586,.F.);
#2157=ORIENTED_EDGE('',*,*,#1594,.T.);
#2158=ORIENTED_EDGE('',*,*,#1589,.F.);
#2159=ORIENTED_EDGE('',*,*,#1596,.F.);
#2160=ORIENTED_EDGE('',*,*,#1585,.F.);
#2161=ORIENTED_EDGE('',*,*,#1597,.T.);
#2162=ORIENTED_EDGE('',*,*,#1598,.T.);
#2163=ORIENTED_EDGE('',*,*,#1599,.T.);
#2164=ORIENTED_EDGE('',*,*,#1600,.T.);
#2165=ORIENTED_EDGE('',*,*,#1601,.T.);
#2166=ORIENTED_EDGE('',*,*,#1602,.T.);
#2167=ORIENTED_EDGE('',*,*,#1603,.T.);
#2168=ORIENTED_EDGE('',*,*,#1604,.T.);
#2169=ORIENTED_EDGE('',*,*,#1605,.T.);
#2170=ORIENTED_EDGE('',*,*,#1602,.F.);
#2171=ORIENTED_EDGE('',*,*,#1606,.F.);
#2172=ORIENTED_EDGE('',*,*,#1600,.F.);
#2173=ORIENTED_EDGE('',*,*,#1607,.T.);
#2174=ORIENTED_EDGE('',*,*,#1603,.F.);
#2175=ORIENTED_EDGE('',*,*,#1605,.F.);
#2176=ORIENTED_EDGE('',*,*,#1599,.F.);
#2177=ORIENTED_EDGE('',*,*,#1608,.T.);
#2178=ORIENTED_EDGE('',*,*,#1604,.F.);
#2179=ORIENTED_EDGE('',*,*,#1607,.F.);
#2180=ORIENTED_EDGE('',*,*,#1598,.F.);
#2181=ORIENTED_EDGE('',*,*,#1606,.T.);
#2182=ORIENTED_EDGE('',*,*,#1601,.F.);
#2183=ORIENTED_EDGE('',*,*,#1608,.F.);
#2184=ORIENTED_EDGE('',*,*,#1597,.F.);
#2185=ORIENTED_EDGE('',*,*,#1609,.T.);
#2186=ORIENTED_EDGE('',*,*,#1610,.T.);
#2187=ORIENTED_EDGE('',*,*,#1611,.T.);
#2188=ORIENTED_EDGE('',*,*,#1612,.T.);
#2189=ORIENTED_EDGE('',*,*,#1613,.T.);
#2190=ORIENTED_EDGE('',*,*,#1614,.T.);
#2191=ORIENTED_EDGE('',*,*,#1615,.T.);
#2192=ORIENTED_EDGE('',*,*,#1616,.T.);
#2193=ORIENTED_EDGE('',*,*,#1617,.T.);
#2194=ORIENTED_EDGE('',*,*,#1614,.F.);
#2195=ORIENTED_EDGE('',*,*,#1618,.F.);
#2196=ORIENTED_EDGE('',*,*,#1612,.F.);
#2197=ORIENTED_EDGE('',*,*,#1619,.T.);
#2198=ORIENTED_EDGE('',*,*,#1615,.F.);
#2199=ORIENTED_EDGE('',*,*,#1617,.F.);
#2200=ORIENTED_EDGE('',*,*,#1611,.F.);
#2201=ORIENTED_EDGE('',*,*,#1620,.T.);
#2202=ORIENTED_EDGE('',*,*,#1616,.F.);
#2203=ORIENTED_EDGE('',*,*,#1619,.F.);
#2204=ORIENTED_EDGE('',*,*,#1610,.F.);
#2205=ORIENTED_EDGE('',*,*,#1618,.T.);
#2206=ORIENTED_EDGE('',*,*,#1613,.F.);
#2207=ORIENTED_EDGE('',*,*,#1620,.F.);
#2208=ORIENTED_EDGE('',*,*,#1609,.F.);
#2209=ORIENTED_EDGE('',*,*,#1621,.T.);
#2210=ORIENTED_EDGE('',*,*,#1622,.T.);
#2211=ORIENTED_EDGE('',*,*,#1623,.T.);
#2212=ORIENTED_EDGE('',*,*,#1624,.T.);
#2213=ORIENTED_EDGE('',*,*,#1625,.T.);
#2214=ORIENTED_EDGE('',*,*,#1626,.T.);
#2215=ORIENTED_EDGE('',*,*,#1627,.T.);
#2216=ORIENTED_EDGE('',*,*,#1628,.T.);
#2217=ORIENTED_EDGE('',*,*,#1629,.T.);
#2218=ORIENTED_EDGE('',*,*,#1626,.F.);
#2219=ORIENTED_EDGE('',*,*,#1630,.F.);
#2220=ORIENTED_EDGE('',*,*,#1624,.F.);
#2221=ORIENTED_EDGE('',*,*,#1631,.T.);
#2222=ORIENTED_EDGE('',*,*,#1627,.F.);
#2223=ORIENTED_EDGE('',*,*,#1629,.F.);
#2224=ORIENTED_EDGE('',*,*,#1623,.F.);
#2225=ORIENTED_EDGE('',*,*,#1632,.T.);
#2226=ORIENTED_EDGE('',*,*,#1628,.F.);
#2227=ORIENTED_EDGE('',*,*,#1631,.F.);
#2228=ORIENTED_EDGE('',*,*,#1622,.F.);
#2229=ORIENTED_EDGE('',*,*,#1630,.T.);
#2230=ORIENTED_EDGE('',*,*,#1625,.F.);
#2231=ORIENTED_EDGE('',*,*,#1632,.F.);
#2232=ORIENTED_EDGE('',*,*,#1621,.F.);
#2233=ORIENTED_EDGE('',*,*,#1633,.T.);
#2234=ORIENTED_EDGE('',*,*,#1634,.T.);
#2235=ORIENTED_EDGE('',*,*,#1635,.T.);
#2236=ORIENTED_EDGE('',*,*,#1636,.T.);
#2237=ORIENTED_EDGE('',*,*,#1637,.T.);
#2238=ORIENTED_EDGE('',*,*,#1638,.T.);
#2239=ORIENTED_EDGE('',*,*,#1639,.T.);
#2240=ORIENTED_EDGE('',*,*,#1640,.T.);
#2241=ORIENTED_EDGE('',*,*,#1641,.T.);
#2242=ORIENTED_EDGE('',*,*,#1638,.F.);
#2243=ORIENTED_EDGE('',*,*,#1642,.F.);
#2244=ORIENTED_EDGE('',*,*,#1636,.F.);
#2245=ORIENTED_EDGE('',*,*,#1643,.T.);
#2246=ORIENTED_EDGE('',*,*,#1639,.F.);
#2247=ORIENTED_EDGE('',*,*,#1641,.F.);
#2248=ORIENTED_EDGE('',*,*,#1635,.F.);
#2249=ORIENTED_EDGE('',*,*,#1644,.T.);
#2250=ORIENTED_EDGE('',*,*,#1640,.F.);
#2251=ORIENTED_EDGE('',*,*,#1643,.F.);
#2252=ORIENTED_EDGE('',*,*,#1634,.F.);
#2253=ORIENTED_EDGE('',*,*,#1642,.T.);
#2254=ORIENTED_EDGE('',*,*,#1637,.F.);
#2255=ORIENTED_EDGE('',*,*,#1644,.F.);
#2256=ORIENTED_EDGE('',*,*,#1633,.F.);
#2257=ORIENTED_EDGE('',*,*,#1645,.T.);
#2258=ORIENTED_EDGE('',*,*,#1646,.T.);
#2259=ORIENTED_EDGE('',*,*,#1647,.T.);
#2260=ORIENTED_EDGE('',*,*,#1648,.T.);
#2261=ORIENTED_EDGE('',*,*,#1649,.T.);
#2262=ORIENTED_EDGE('',*,*,#1650,.T.);
#2263=ORIENTED_EDGE('',*,*,#1651,.T.);
#2264=ORIENTED_EDGE('',*,*,#1652,.T.);
#2265=ORIENTED_EDGE('',*,*,#1653,.T.);
#2266=ORIENTED_EDGE('',*,*,#1650,.F.);
#2267=ORIENTED_EDGE('',*,*,#1654,.F.);
#2268=ORIENTED_EDGE('',*,*,#1648,.F.);
#2269=ORIENTED_EDGE('',*,*,#1655,.T.);
#2270=ORIENTED_EDGE('',*,*,#1651,.F.);
#2271=ORIENTED_EDGE('',*,*,#1653,.F.);
#2272=ORIENTED_EDGE('',*,*,#1647,.F.);
#2273=ORIENTED_EDGE('',*,*,#1656,.T.);
#2274=ORIENTED_EDGE('',*,*,#1652,.F.);
#2275=ORIENTED_EDGE('',*,*,#1655,.F.);
#2276=ORIENTED_EDGE('',*,*,#1646,.F.);
#2277=ORIENTED_EDGE('',*,*,#1654,.T.);
#2278=ORIENTED_EDGE('',*,*,#1649,.F.);
#2279=ORIENTED_EDGE('',*,*,#1656,.F.);
#2280=ORIENTED_EDGE('',*,*,#1645,.F.);
#2281=ORIENTED_EDGE('',*,*,#1657,.T.);
#2282=ORIENTED_EDGE('',*,*,#1658,.T.);
#2283=ORIENTED_EDGE('',*,*,#1659,.T.);
#2284=ORIENTED_EDGE('',*,*,#1660,.T.);
#2285=ORIENTED_EDGE('',*,*,#1661,.T.);
#2286=ORIENTED_EDGE('',*,*,#1662,.T.);
#2287=ORIENTED_EDGE('',*,*,#1663,.T.);
#2288=ORIENTED_EDGE('',*,*,#1664,.T.);
#2289=ORIENTED_EDGE('',*,*,#1665,.T.);
#2290=ORIENTED_EDGE('',*,*,#1662,.F.);
#2291=ORIENTED_EDGE('',*,*,#1666,.F.);
#2292=ORIENTED_EDGE('',*,*,#1660,.F.);
#2293=ORIENTED_EDGE('',*,*,#1667,.T.);
#2294=ORIENTED_EDGE('',*,*,#1663,.F.);
#2295=ORIENTED_EDGE('',*,*,#1665,.F.);
#2296=ORIENTED_EDGE('',*,*,#1659,.F.);
#2297=ORIENTED_EDGE('',*,*,#1668,.T.);
#2298=ORIENTED_EDGE('',*,*,#1664,.F.);
#2299=ORIENTED_EDGE('',*,*,#1667,.F.);
#2300=ORIENTED_EDGE('',*,*,#1658,.F.);
#2301=ORIENTED_EDGE('',*,*,#1666,.T.);
#2302=ORIENTED_EDGE('',*,*,#1661,.F.);
#2303=ORIENTED_EDGE('',*,*,#1668,.F.);
#2304=ORIENTED_EDGE('',*,*,#1657,.F.);
#2305=ORIENTED_EDGE('',*,*,#1669,.T.);
#2306=ORIENTED_EDGE('',*,*,#1670,.T.);
#2307=ORIENTED_EDGE('',*,*,#1671,.T.);
#2308=ORIENTED_EDGE('',*,*,#1672,.T.);
#2309=ORIENTED_EDGE('',*,*,#1673,.T.);
#2310=ORIENTED_EDGE('',*,*,#1674,.T.);
#2311=ORIENTED_EDGE('',*,*,#1675,.T.);
#2312=ORIENTED_EDGE('',*,*,#1676,.T.);
#2313=ORIENTED_EDGE('',*,*,#1677,.T.);
#2314=ORIENTED_EDGE('',*,*,#1674,.F.);
#2315=ORIENTED_EDGE('',*,*,#1678,.F.);
#2316=ORIENTED_EDGE('',*,*,#1672,.F.);
#2317=ORIENTED_EDGE('',*,*,#1679,.T.);
#2318=ORIENTED_EDGE('',*,*,#1675,.F.);
#2319=ORIENTED_EDGE('',*,*,#1677,.F.);
#2320=ORIENTED_EDGE('',*,*,#1671,.F.);
#2321=ORIENTED_EDGE('',*,*,#1680,.T.);
#2322=ORIENTED_EDGE('',*,*,#1676,.F.);
#2323=ORIENTED_EDGE('',*,*,#1679,.F.);
#2324=ORIENTED_EDGE('',*,*,#1670,.F.);
#2325=ORIENTED_EDGE('',*,*,#1678,.T.);
#2326=ORIENTED_EDGE('',*,*,#1673,.F.);
#2327=ORIENTED_EDGE('',*,*,#1680,.F.);
#2328=ORIENTED_EDGE('',*,*,#1669,.F.);
#2329=ORIENTED_EDGE('',*,*,#1681,.T.);
#2330=ORIENTED_EDGE('',*,*,#1682,.T.);
#2331=ORIENTED_EDGE('',*,*,#1683,.T.);
#2332=ORIENTED_EDGE('',*,*,#1684,.T.);
#2333=ORIENTED_EDGE('',*,*,#1685,.T.);
#2334=ORIENTED_EDGE('',*,*,#1686,.T.);
#2335=ORIENTED_EDGE('',*,*,#1687,.T.);
#2336=ORIENTED_EDGE('',*,*,#1688,.T.);
#2337=ORIENTED_EDGE('',*,*,#1689,.T.);
#2338=ORIENTED_EDGE('',*,*,#1686,.F.);
#2339=ORIENTED_EDGE('',*,*,#1690,.F.);
#2340=ORIENTED_EDGE('',*,*,#1684,.F.);
#2341=ORIENTED_EDGE('',*,*,#1691,.T.);
#2342=ORIENTED_EDGE('',*,*,#1687,.F.);
#2343=ORIENTED_EDGE('',*,*,#1689,.F.);
#2344=ORIENTED_EDGE('',*,*,#1683,.F.);
#2345=ORIENTED_EDGE('',*,*,#1692,.T.);
#2346=ORIENTED_EDGE('',*,*,#1688,.F.);
#2347=ORIENTED_EDGE('',*,*,#1691,.F.);
#2348=ORIENTED_EDGE('',*,*,#1682,.F.);
#2349=ORIENTED_EDGE('',*,*,#1690,.T.);
#2350=ORIENTED_EDGE('',*,*,#1685,.F.);
#2351=ORIENTED_EDGE('',*,*,#1692,.F.);
#2352=ORIENTED_EDGE('',*,*,#1681,.F.);
#2353=ORIENTED_EDGE('',*,*,#1693,.T.);
#2354=ORIENTED_EDGE('',*,*,#1694,.T.);
#2355=ORIENTED_EDGE('',*,*,#1695,.T.);
#2356=ORIENTED_EDGE('',*,*,#1696,.T.);
#2357=ORIENTED_EDGE('',*,*,#1697,.T.);
#2358=ORIENTED_EDGE('',*,*,#1698,.T.);
#2359=ORIENTED_EDGE('',*,*,#1699,.T.);
#2360=ORIENTED_EDGE('',*,*,#1700,.T.);
#2361=ORIENTED_EDGE('',*,*,#1701,.T.);
#2362=ORIENTED_EDGE('',*,*,#1698,.F.);
#2363=ORIENTED_EDGE('',*,*,#1702,.F.);
#2364=ORIENTED_EDGE('',*,*,#1696,.F.);
#2365=ORIENTED_EDGE('',*,*,#1703,.T.);
#2366=ORIENTED_EDGE('',*,*,#1699,.F.);
#2367=ORIENTED_EDGE('',*,*,#1701,.F.);
#2368=ORIENTED_EDGE('',*,*,#1695,.F.);
#2369=ORIENTED_EDGE('',*,*,#1704,.T.);
#2370=ORIENTED_EDGE('',*,*,#1700,.F.);
#2371=ORIENTED_EDGE('',*,*,#1703,.F.);
#2372=ORIENTED_EDGE('',*,*,#1694,.F.);
#2373=ORIENTED_EDGE('',*,*,#1702,.T.);
#2374=ORIENTED_EDGE('',*,*,#1697,.F.);
#2375=ORIENTED_EDGE('',*,*,#1704,.F.);
#2376=ORIENTED_EDGE('',*,*,#1693,.F.);
#2377=ORIENTED_EDGE('',*,*,#1705,.T.);
#2378=ORIENTED_EDGE('',*,*,#1706,.T.);
#2379=ORIENTED_EDGE('',*,*,#1707,.T.);
#2380=ORIENTED_EDGE('',*,*,#1708,.T.);
#2381=ORIENTED_EDGE('',*,*,#1709,.T.);
#2382=ORIENTED_EDGE('',*,*,#1710,.T.);
#2383=ORIENTED_EDGE('',*,*,#1711,.T.);
#2384=ORIENTED_EDGE('',*,*,#1712,.T.);
#2385=ORIENTED_EDGE('',*,*,#1713,.T.);
#2386=ORIENTED_EDGE('',*,*,#1710,.F.);
#2387=ORIENTED_EDGE('',*,*,#1714,.F.);
#2388=ORIENTED_EDGE('',*,*,#1708,.F.);
#2389=ORIENTED_EDGE('',*,*,#1715,.T.);
#2390=ORIENTED_EDGE('',*,*,#1711,.F.);
#2391=ORIENTED_EDGE('',*,*,#1713,.F.);
#2392=ORIENTED_EDGE('',*,*,#1707,.F.);
#2393=ORIENTED_EDGE('',*,*,#1716,.T.);
#2394=ORIENTED_EDGE('',*,*,#1712,.F.);
#2395=ORIENTED_EDGE('',*,*,#1715,.F.);
#2396=ORIENTED_EDGE('',*,*,#1706,.F.);
#2397=ORIENTED_EDGE('',*,*,#1714,.T.);
#2398=ORIENTED_EDGE('',*,*,#1709,.F.);
#2399=ORIENTED_EDGE('',*,*,#1716,.F.);
#2400=ORIENTED_EDGE('',*,*,#1705,.F.);
#2401=ORIENTED_EDGE('',*,*,#1717,.T.);
#2402=ORIENTED_EDGE('',*,*,#1718,.T.);
#2403=ORIENTED_EDGE('',*,*,#1719,.T.);
#2404=ORIENTED_EDGE('',*,*,#1720,.T.);
#2405=ORIENTED_EDGE('',*,*,#1721,.T.);
#2406=ORIENTED_EDGE('',*,*,#1722,.T.);
#2407=ORIENTED_EDGE('',*,*,#1723,.T.);
#2408=ORIENTED_EDGE('',*,*,#1724,.T.);
#2409=ORIENTED_EDGE('',*,*,#1725,.T.);
#2410=ORIENTED_EDGE('',*,*,#1722,.F.);
#2411=ORIENTED_EDGE('',*,*,#1726,.F.);
#2412=ORIENTED_EDGE('',*,*,#1720,.F.);
#2413=ORIENTED_EDGE('',*,*,#1727,.T.);
#2414=ORIENTED_EDGE('',*,*,#1723,.F.);
#2415=ORIENTED_EDGE('',*,*,#1725,.F.);
#2416=ORIENTED_EDGE('',*,*,#1719,.F.);
#2417=ORIENTED_EDGE('',*,*,#1728,.T.);
#2418=ORIENTED_EDGE('',*,*,#1724,.F.);
#2419=ORIENTED_EDGE('',*,*,#1727,.F.);
#2420=ORIENTED_EDGE('',*,*,#1718,.F.);
#2421=ORIENTED_EDGE('',*,*,#1726,.T.);
#2422=ORIENTED_EDGE('',*,*,#1721,.F.);
#2423=ORIENTED_EDGE('',*,*,#1728,.F.);
#2424=ORIENTED_EDGE('',*,*,#1717,.F.);
#2425=ORIENTED_EDGE('',*,*,#1729,.T.);
#2426=ORIENTED_EDGE('',*,*,#1730,.T.);
#2427=ORIENTED_EDGE('',*,*,#1731,.T.);
#2428=ORIENTED_EDGE('',*,*,#1732,.T.);
#2429=ORIENTED_EDGE('',*,*,#1733,.T.);
#2430=ORIENTED_EDGE('',*,*,#1734,.T.);
#2431=ORIENTED_EDGE('',*,*,#1735,.T.);
#2432=ORIENTED_EDGE('',*,*,#1736,.T.);
#2433=ORIENTED_EDGE('',*,*,#1737,.T.);
#2434=ORIENTED_EDGE('',*,*,#1734,.F.);
#2435=ORIENTED_EDGE('',*,*,#1738,.F.);
#2436=ORIENTED_EDGE('',*,*,#1732,.F.);
#2437=ORIENTED_EDGE('',*,*,#1739,.T.);
#2438=ORIENTED_EDGE('',*,*,#1735,.F.);
#2439=ORIENTED_EDGE('',*,*,#1737,.F.);
#2440=ORIENTED_EDGE('',*,*,#1731,.F.);
#2441=ORIENTED_EDGE('',*,*,#1740,.T.);
#2442=ORIENTED_EDGE('',*,*,#1736,.F.);
#2443=ORIENTED_EDGE('',*,*,#1739,.F.);
#2444=ORIENTED_EDGE('',*,*,#1730,.F.);
#2445=ORIENTED_EDGE('',*,*,#1738,.T.);
#2446=ORIENTED_EDGE('',*,*,#1733,.F.);
#2447=ORIENTED_EDGE('',*,*,#1740,.F.);
#2448=ORIENTED_EDGE('',*,*,#1729,.F.);
#2449=ORIENTED_EDGE('',*,*,#1741,.T.);
#2450=ORIENTED_EDGE('',*,*,#1742,.T.);
#2451=ORIENTED_EDGE('',*,*,#1743,.T.);
#2452=ORIENTED_EDGE('',*,*,#1744,.T.);
#2453=ORIENTED_EDGE('',*,*,#1745,.T.);
#2454=ORIENTED_EDGE('',*,*,#1746,.T.);
#2455=ORIENTED_EDGE('',*,*,#1747,.T.);
#2456=ORIENTED_EDGE('',*,*,#1748,.T.);
#2457=ORIENTED_EDGE('',*,*,#1749,.T.);
#2458=ORIENTED_EDGE('',*,*,#1746,.F.);
#2459=ORIENTED_EDGE('',*,*,#1750,.F.);
#2460=ORIENTED_EDGE('',*,*,#1744,.F.);
#2461=ORIENTED_EDGE('',*,*,#1751,.T.);
#2462=ORIENTED_EDGE('',*,*,#1747,.F.);
#2463=ORIENTED_EDGE('',*,*,#1749,.F.);
#2464=ORIENTED_EDGE('',*,*,#1743,.F.);
#2465=ORIENTED_EDGE('',*,*,#1752,.T.);
#2466=ORIENTED_EDGE('',*,*,#1748,.F.);
#2467=ORIENTED_EDGE('',*,*,#1751,.F.);
#2468=ORIENTED_EDGE('',*,*,#1742,.F.);
#2469=ORIENTED_EDGE('',*,*,#1750,.T.);
#2470=ORIENTED_EDGE('',*,*,#1745,.F.);
#2471=ORIENTED_EDGE('',*,*,#1752,.F.);
#2472=ORIENTED_EDGE('',*,*,#1741,.F.);
#2473=PLANE('',#2876);
#2474=PLANE('',#2877);
#2475=PLANE('',#2878);
#2476=PLANE('',#2879);
#2477=PLANE('',#2880);
#2478=PLANE('',#2881);
#2479=PLANE('',#2882);
#2480=PLANE('',#2883);
#2481=PLANE('',#2884);
#2482=PLANE('',#2885);
#2483=PLANE('',#2886);
#2484=PLANE('',#2887);
#2485=PLANE('',#2888);
#2486=PLANE('',#2889);
#2487=PLANE('',#2890);
#2488=PLANE('',#2891);
#2489=PLANE('',#2892);
#2490=PLANE('',#2893);
#2491=PLANE('',#2894);
#2492=PLANE('',#2895);
#2493=PLANE('',#2896);
#2494=PLANE('',#2897);
#2495=PLANE('',#2898);
#2496=PLANE('',#2899);
#2497=PLANE('',#2900);
#2498=PLANE('',#2901);
#2499=PLANE('',#2902);
#2500=PLANE('',#2903);
#2501=PLANE('',#2904);
#2502=PLANE('',#2905);
#2503=PLANE('',#2906);
#2504=PLANE('',#2907);
#2505=PLANE('',#2908);
#2506=PLANE('',#2909);
#2507=PLANE('',#2910);
#2508=PLANE('',#2911);
#2509=PLANE('',#2912);
#2510=PLANE('',#2913);
#2511=PLANE('',#2914);
#2512=PLANE('',#2915);
#2513=PLANE('',#2916);
#2514=PLANE('',#2917);
#2515=PLANE('',#2918);
#2516=PLANE('',#2919);
#2517=PLANE('',#2920);
#2518=PLANE('',#2921);
#2519=PLANE('',#2922);
#2520=PLANE('',#2923);
#2521=PLANE('',#2924);
#2522=PLANE('',#2925);
#2523=PLANE('',#2926);
#2524=PLANE('',#2927);
#2525=PLANE('',#2928);
#2526=PLANE('',#2929);
#2527=PLANE('',#2930);
#2528=PLANE('',#2931);
#2529=PLANE('',#2932);
#2530=PLANE('',#2933);
#2531=PLANE('',#2934);
#2532=PLANE('',#2935);
#2533=PLANE('',#2936);
#2534=PLANE('',#2937);
#2535=PLANE('',#2938);
#2536=PLANE('',#2939);
#2537=PLANE('',#2940);
#2538=PLANE('',#2941);
#2539=PLANE('',#2942);
#2540=PLANE('',#2943);
#2541=PLANE('',#2944);
#2542=PLANE('',#2945);
#2543=PLANE('',#2946);
#2544=PLANE('',#2947);
#2545=PLANE('',#2948);
#2546=PLANE('',#2949);
#2547=PLANE('',#2950);
#2548=PLANE('',#2951);
#2549=PLANE('',#2952);
#2550=PLANE('',#2953);
#2551=PLANE('',#2954);
#2552=PLANE('',#2955);
#2553=PLANE('',#2956);
#2554=PLANE('',#2957);
#2555=PLANE('',#2958);
#2556=PLANE('',#2959);
#2557=PLANE('',#2960);
#2558=PLANE('',#2961);
#2559=PLANE('',#2962);
#2560=PLANE('',#2963);
#2561=PLANE('',#2964);
#2562=PLANE('',#2965);
#2563=PLANE('',#2966);
#2564=PLANE('',#2967);
#2565=PLANE('',#2968);
#2566=PLANE('',#2969);
#2567=PLANE('',#2970);
#2568=PLANE('',#2971);
#2569=PLANE('',#2972);
#2570=PLANE('',#2973);
#2571=PLANE('',#2974);
#2572=PLANE('',#2975);
#2573=PLANE('',#2976);
#2574=PLANE('',#2977);
#2575=PLANE('',#2978);
#2576=PLANE('',#2979);
#2577=PLANE('',#2980);
#2578=PLANE('',#2981);
#2579=PLANE('',#2982);
#2580=PLANE('',#2983);
#2581=PLANE('',#2984);
#2582=PLANE('',#2985);
#2583=PLANE('',#2986);
#2584=PLANE('',#2987);
#2585=PLANE('',#2988);
#2586=PLANE('',#2989);
#2587=PLANE('',#2990);
#2588=PLANE('',#2991);
#2589=PLANE('',#2992);
#2590=PLANE('',#2993);
#2591=PLANE('',#2994);
#2592=PLANE('',#2995);
#2593=PLANE('',#2996);
#2594=PLANE('',#2997);
#2595=PLANE('',#2998);
#2596=PLANE('',#2999);
#2597=PLANE('',#3000);
#2598=PLANE('',#3001);
#2599=PLANE('',#3002);
#2600=PLANE('',#3003);
#2601=PLANE('',#3004);
#2602=PLANE('',#3005);
#2603=PLANE('',#3006);
#2604=PLANE('',#3007);
#2605=PLANE('',#3008);
#2606=PLANE('',#3009);
#2607=PLANE('',#3010);
#2608=PLANE('',#3011);
#2609=PLANE('',#3012);
#2610=PLANE('',#3013);
#2611=PLANE('',#3014);
#2612=PLANE('',#3015);
#2613=PLANE('',#3016);
#2614=PLANE('',#3017);
#2615=PLANE('',#3018);
#2616=PLANE('',#3019);
#2617=PLANE('',#3020);
#2618=PLANE('',#3021);
#2619=PLANE('',#3022);
#2620=PLANE('',#3023);
#2621=PLANE('',#3024);
#2622=PLANE('',#3025);
#2623=PLANE('',#3026);
#2624=PLANE('',#3027);
#2625=PLANE('',#3028);
#2626=PLANE('',#3029);
#2627=PLANE('',#3030);
#2628=PLANE('',#3031);
#2629=PLANE('',#3032);
#2630=PLANE('',#3033);
#2631=PLANE('',#3034);
#2632=PLANE('',#3035);
#2633=PLANE('',#3036);
#2634=PLANE('',#3037);
#2635=PLANE('',#3038);
#2636=PLANE('',#3039);
#2637=PLANE('',#3040);
#2638=PLANE('',#3041);
#2639=PLANE('',#3042);
#2640=PLANE('',#3043);
#2641=PLANE('',#3044);
#2642=PLANE('',#3045);
#2643=PLANE('',#3046);
#2644=PLANE('',#3047);
#2645=PLANE('',#3048);
#2646=PLANE('',#3049);
#2647=PLANE('',#3050);
#2648=PLANE('',#3051);
#2649=PLANE('',#3052);
#2650=PLANE('',#3053);
#2651=PLANE('',#3054);
#2652=PLANE('',#3055);
#2653=ADVANCED_FACE('',(#73),#2473,.T.);
#2654=ADVANCED_FACE('',(#74),#2474,.F.);
#2655=ADVANCED_FACE('',(#75),#2475,.F.);
#2656=ADVANCED_FACE('',(#76),#2476,.F.);
#2657=ADVANCED_FACE('',(#77),#2477,.F.);
#2658=ADVANCED_FACE('',(#78),#2478,.F.);
#2659=ADVANCED_FACE('',(#79),#2479,.T.);
#2660=ADVANCED_FACE('',(#80),#2480,.F.);
#2661=ADVANCED_FACE('',(#81),#2481,.F.);
#2662=ADVANCED_FACE('',(#82),#2482,.F.);
#2663=ADVANCED_FACE('',(#83),#2483,.F.);
#2664=ADVANCED_FACE('',(#84),#2484,.F.);
#2665=ADVANCED_FACE('',(#85),#2485,.T.);
#2666=ADVANCED_FACE('',(#86),#2486,.F.);
#2667=ADVANCED_FACE('',(#87),#2487,.F.);
#2668=ADVANCED_FACE('',(#88),#2488,.F.);
#2669=ADVANCED_FACE('',(#89),#2489,.F.);
#2670=ADVANCED_FACE('',(#90),#2490,.F.);
#2671=ADVANCED_FACE('',(#91),#2491,.T.);
#2672=ADVANCED_FACE('',(#92),#2492,.F.);
#2673=ADVANCED_FACE('',(#93),#2493,.F.);
#2674=ADVANCED_FACE('',(#94),#2494,.F.);
#2675=ADVANCED_FACE('',(#95),#2495,.F.);
#2676=ADVANCED_FACE('',(#96),#2496,.F.);
#2677=ADVANCED_FACE('',(#97),#2497,.T.);
#2678=ADVANCED_FACE('',(#98),#2498,.F.);
#2679=ADVANCED_FACE('',(#99),#2499,.F.);
#2680=ADVANCED_FACE('',(#100),#2500,.F.);
#2681=ADVANCED_FACE('',(#101),#2501,.F.);
#2682=ADVANCED_FACE('',(#102),#2502,.F.);
#2683=ADVANCED_FACE('',(#103),#2503,.T.);
#2684=ADVANCED_FACE('',(#104),#2504,.F.);
#2685=ADVANCED_FACE('',(#105),#2505,.F.);
#2686=ADVANCED_FACE('',(#106),#2506,.F.);
#2687=ADVANCED_FACE('',(#107),#2507,.F.);
#2688=ADVANCED_FACE('',(#108),#2508,.F.);
#2689=ADVANCED_FACE('',(#109),#2509,.T.);
#2690=ADVANCED_FACE('',(#110),#2510,.F.);
#2691=ADVANCED_FACE('',(#111),#2511,.F.);
#2692=ADVANCED_FACE('',(#112),#2512,.F.);
#2693=ADVANCED_FACE('',(#113),#2513,.F.);
#2694=ADVANCED_FACE('',(#114),#2514,.F.);
#2695=ADVANCED_FACE('',(#115),#2515,.T.);
#2696=ADVANCED_FACE('',(#116),#2516,.F.);
#2697=ADVANCED_FACE('',(#117),#2517,.F.);
#2698=ADVANCED_FACE('',(#118),#2518,.F.);
#2699=ADVANCED_FACE('',(#119),#2519,.F.);
#2700=ADVANCED_FACE('',(#120),#2520,.F.);
#2701=ADVANCED_FACE('',(#121),#2521,.T.);
#2702=ADVANCED_FACE('',(#122),#2522,.F.);
#2703=ADVANCED_FACE('',(#123),#2523,.F.);
#2704=ADVANCED_FACE('',(#124),#2524,.F.);
#2705=ADVANCED_FACE('',(#125),#2525,.F.);
#2706=ADVANCED_FACE('',(#126),#2526,.F.);
#2707=ADVANCED_FACE('',(#127),#2527,.T.);
#2708=ADVANCED_FACE('',(#128),#2528,.F.);
#2709=ADVANCED_FACE('',(#129),#2529,.F.);
#2710=ADVANCED_FACE('',(#130),#2530,.F.);
#2711=ADVANCED_FACE('',(#131),#2531,.F.);
#2712=ADVANCED_FACE('',(#132),#2532,.F.);
#2713=ADVANCED_FACE('',(#133),#2533,.T.);
#2714=ADVANCED_FACE('',(#134),#2534,.F.);
#2715=ADVANCED_FACE('',(#135),#2535,.F.);
#2716=ADVANCED_FACE('',(#136),#2536,.F.);
#2717=ADVANCED_FACE('',(#137),#2537,.F.);
#2718=ADVANCED_FACE('',(#138),#2538,.F.);
#2719=ADVANCED_FACE('',(#139),#2539,.T.);
#2720=ADVANCED_FACE('',(#140),#2540,.F.);
#2721=ADVANCED_FACE('',(#141),#2541,.F.);
#2722=ADVANCED_FACE('',(#142),#2542,.F.);
#2723=ADVANCED_FACE('',(#143),#2543,.F.);
#2724=ADVANCED_FACE('',(#144),#2544,.F.);
#2725=ADVANCED_FACE('',(#145),#2545,.T.);
#2726=ADVANCED_FACE('',(#146),#2546,.F.);
#2727=ADVANCED_FACE('',(#147),#2547,.F.);
#2728=ADVANCED_FACE('',(#148),#2548,.F.);
#2729=ADVANCED_FACE('',(#149),#2549,.F.);
#2730=ADVANCED_FACE('',(#150),#2550,.F.);
#2731=ADVANCED_FACE('',(#151),#2551,.T.);
#2732=ADVANCED_FACE('',(#152),#2552,.F.);
#2733=ADVANCED_FACE('',(#153),#2553,.F.);
#2734=ADVANCED_FACE('',(#154),#2554,.F.);
#2735=ADVANCED_FACE('',(#155),#2555,.F.);
#2736=ADVANCED_FACE('',(#156),#2556,.F.);
#2737=ADVANCED_FACE('',(#157),#2557,.T.);
#2738=ADVANCED_FACE('',(#158),#2558,.F.);
#2739=ADVANCED_FACE('',(#159),#2559,.F.);
#2740=ADVANCED_FACE('',(#160),#2560,.F.);
#2741=ADVANCED_FACE('',(#161),#2561,.F.);
#2742=ADVANCED_FACE('',(#162),#2562,.F.);
#2743=ADVANCED_FACE('',(#163),#2563,.T.);
#2744=ADVANCED_FACE('',(#164),#2564,.F.);
#2745=ADVANCED_FACE('',(#165),#2565,.F.);
#2746=ADVANCED_FACE('',(#166),#2566,.F.);
#2747=ADVANCED_FACE('',(#167),#2567,.F.);
#2748=ADVANCED_FACE('',(#168),#2568,.F.);
#2749=ADVANCED_FACE('',(#169),#2569,.T.);
#2750=ADVANCED_FACE('',(#170),#2570,.F.);
#2751=ADVANCED_FACE('',(#171),#2571,.F.);
#2752=ADVANCED_FACE('',(#172),#2572,.F.);
#2753=ADVANCED_FACE('',(#173),#2573,.F.);
#2754=ADVANCED_FACE('',(#174),#2574,.F.);
#2755=ADVANCED_FACE('',(#175),#2575,.T.);
#2756=ADVANCED_FACE('',(#176),#2576,.F.);
#2757=ADVANCED_FACE('',(#177),#2577,.F.);
#2758=ADVANCED_FACE('',(#178),#2578,.F.);
#2759=ADVANCED_FACE('',(#179),#2579,.F.);
#2760=ADVANCED_FACE('',(#180),#2580,.F.);
#2761=ADVANCED_FACE('',(#181),#2581,.T.);
#2762=ADVANCED_FACE('',(#182),#2582,.F.);
#2763=ADVANCED_FACE('',(#183),#2583,.F.);
#2764=ADVANCED_FACE('',(#184),#2584,.F.);
#2765=ADVANCED_FACE('',(#185),#2585,.F.);
#2766=ADVANCED_FACE('',(#186),#2586,.F.);
#2767=ADVANCED_FACE('',(#187),#2587,.T.);
#2768=ADVANCED_FACE('',(#188),#2588,.F.);
#2769=ADVANCED_FACE('',(#189),#2589,.F.);
#2770=ADVANCED_FACE('',(#190),#2590,.F.);
#2771=ADVANCED_FACE('',(#191),#2591,.F.);
#2772=ADVANCED_FACE('',(#192),#2592,.F.);
#2773=ADVANCED_FACE('',(#193),#2593,.T.);
#2774=ADVANCED_FACE('',(#194),#2594,.F.);
#2775=ADVANCED_FACE('',(#195),#2595,.F.);
#2776=ADVANCED_FACE('',(#196),#2596,.F.);
#2777=ADVANCED_FACE('',(#197),#2597,.F.);
#2778=ADVANCED_FACE('',(#198),#2598,.F.);
#2779=ADVANCED_FACE('',(#199),#2599,.T.);
#2780=ADVANCED_FACE('',(#200),#2600,.F.);
#2781=ADVANCED_FACE('',(#201),#2601,.F.);
#2782=ADVANCED_FACE('',(#202),#2602,.F.);
#2783=ADVANCED_FACE('',(#203),#2603,.F.);
#2784=ADVANCED_FACE('',(#204),#2604,.F.);
#2785=ADVANCED_FACE('',(#205),#2605,.T.);
#2786=ADVANCED_FACE('',(#206),#2606,.F.);
#2787=ADVANCED_FACE('',(#207),#2607,.F.);
#2788=ADVANCED_FACE('',(#208),#2608,.F.);
#2789=ADVANCED_FACE('',(#209),#2609,.F.);
#2790=ADVANCED_FACE('',(#210),#2610,.F.);
#2791=ADVANCED_FACE('',(#211),#2611,.T.);
#2792=ADVANCED_FACE('',(#212),#2612,.F.);
#2793=ADVANCED_FACE('',(#213),#2613,.F.);
#2794=ADVANCED_FACE('',(#214),#2614,.F.);
#2795=ADVANCED_FACE('',(#215),#2615,.F.);
#2796=ADVANCED_FACE('',(#216),#2616,.F.);
#2797=ADVANCED_FACE('',(#217),#2617,.T.);
#2798=ADVANCED_FACE('',(#218),#2618,.F.);
#2799=ADVANCED_FACE('',(#219),#2619,.F.);
#2800=ADVANCED_FACE('',(#220),#2620,.F.);
#2801=ADVANCED_FACE('',(#221),#2621,.F.);
#2802=ADVANCED_FACE('',(#222),#2622,.F.);
#2803=ADVANCED_FACE('',(#223),#2623,.T.);
#2804=ADVANCED_FACE('',(#224),#2624,.F.);
#2805=ADVANCED_FACE('',(#225),#2625,.F.);
#2806=ADVANCED_FACE('',(#226),#2626,.F.);
#2807=ADVANCED_FACE('',(#227),#2627,.F.);
#2808=ADVANCED_FACE('',(#228),#2628,.F.);
#2809=ADVANCED_FACE('',(#229),#2629,.T.);
#2810=ADVANCED_FACE('',(#230),#2630,.F.);
#2811=ADVANCED_FACE('',(#231),#2631,.F.);
#2812=ADVANCED_FACE('',(#232),#2632,.F.);
#2813=ADVANCED_FACE('',(#233),#2633,.F.);
#2814=ADVANCED_FACE('',(#234),#2634,.F.);
#2815=ADVANCED_FACE('',(#235),#2635,.T.);
#2816=ADVANCED_FACE('',(#236),#2636,.F.);
#2817=ADVANCED_FACE('',(#237),#2637,.F.);
#2818=ADVANCED_FACE('',(#238),#2638,.F.);
#2819=ADVANCED_FACE('',(#239),#2639,.F.);
#2820=ADVANCED_FACE('',(#240),#2640,.F.);
#2821=ADVANCED_FACE('',(#241),#2641,.T.);
#2822=ADVANCED_FACE('',(#242),#2642,.F.);
#2823=ADVANCED_FACE('',(#243),#2643,.F.);
#2824=ADVANCED_FACE('',(#244),#2644,.F.);
#2825=ADVANCED_FACE('',(#245),#2645,.F.);
#2826=ADVANCED_FACE('',(#246),#2646,.F.);
#2827=ADVANCED_FACE('',(#247),#2647,.T.);
#2828=ADVANCED_FACE('',(#248),#2648,.F.);
#2829=ADVANCED_FACE('',(#249),#2649,.F.);
#2830=ADVANCED_FACE('',(#250),#2650,.F.);
#2831=ADVANCED_FACE('',(#251),#2651,.F.);
#2832=ADVANCED_FACE('',(#252),#2652,.F.);
#2833=CLOSED_SHELL('',(#2653,#2654,#2655,#2656,#2657,#2658));
#2834=CLOSED_SHELL('',(#2659,#2660,#2661,#2662,#2663,#2664));
#2835=CLOSED_SHELL('',(#2665,#2666,#2667,#2668,#2669,#2670));
#2836=CLOSED_SHELL('',(#2671,#2672,#2673,#2674,#2675,#2676));
#2837=CLOSED_SHELL('',(#2677,#2678,#2679,#2680,#2681,#2682));
#2838=CLOSED_SHELL('',(#2683,#2684,#2685,#2686,#2687,#2688));
#2839=CLOSED_SHELL('',(#2689,#2690,#2691,#2692,#2693,#2694));
#2840=CLOSED_SHELL('',(#2695,#2696,#2697,#2698,#2699,#2700));
#2841=CLOSED_SHELL('',(#2701,#2702,#2703,#2704,#2705,#2706));
#2842=CLOSED_SHELL('',(#2707,#2708,#2709,#2710,#2711,#2712));
#2843=CLOSED_SHELL('',(#2713,#2714,#2715,#2716,#2717,#2718));
#2844=CLOSED_SHELL('',(#2719,#2720,#2721,#2722,#2723,#2724));
#2845=CLOSED_SHELL('',(#2725,#2726,#2727,#2728,#2729,#2730));
#2846=CLOSED_SHELL('',(#2731,#2732,#2733,#2734,#2735,#2736));
#2847=CLOSED_SHELL('',(#2737,#2738,#2739,#2740,#2741,#2742));
#2848=CLOSED_SHELL('',(#2743,#2744,#2745,#2746,#2747,#2748));
#2849=CLOSED_SHELL('',(#2749,#2750,#2751,#2752,#2753,#2754));
#2850=CLOSED_SHELL('',(#2755,#2756,#2757,#2758,#2759,#2760));
#2851=CLOSED_SHELL('',(#2761,#2762,#2763,#2764,#2765,#2766));
#2852=CLOSED_SHELL('',(#2767,#2768,#2769,#2770,#2771,#2772));
#2853=CLOSED_SHELL('',(#2773,#2774,#2775,#2776,#2777,#2778));
#2854=CLOSED_SHELL('',(#2779,#2780,#2781,#2782,#2783,#2784));
#2855=CLOSED_SHELL('',(#2785,#2786,#2787,#2788,#2789,#2790));
#2856=CLOSED_SHELL('',(#2791,#2792,#2793,#2794,#2795,#2796));
#2857=CLOSED_SHELL('',(#2797,#2798,#2799,#2800,#2801,#2802));
#2858=CLOSED_SHELL('',(#2803,#2804,#2805,#2806,#2807,#2808));
#2859=CLOSED_SHELL('',(#2809,#2810,#2811,#2812,#2813,#2814));
#2860=CLOSED_SHELL('',(#2815,#2816,#2817,#2818,#2819,#2820));
#2861=CLOSED_SHELL('',(#2821,#2822,#2823,#2824,#2825,#2826));
#2862=CLOSED_SHELL('',(#2827,#2828,#2829,#2830,#2831,#2832));
#2863=DERIVED_UNIT_ELEMENT(#2865,1.);
#2864=DERIVED_UNIT_ELEMENT(#4564,-3.);
#2865=(
MASS_UNIT()
NAMED_UNIT(*)
SI_UNIT(.KILO.,.GRAM.)
);
#2866=DERIVED_UNIT((#2863,#2864));
#2867=MEASURE_REPRESENTATION_ITEM('density measure',
POSITIVE_RATIO_MEASURE(7850.),#2866);
#2868=PROPERTY_DEFINITION_REPRESENTATION(#2873,#2870);
#2869=PROPERTY_DEFINITION_REPRESENTATION(#2874,#2871);
#2870=REPRESENTATION('material name',(#2872),#4561);
#2871=REPRESENTATION('density',(#2867),#4561);
#2872=DESCRIPTIVE_REPRESENTATION_ITEM('Steel','Steel');
#2873=PROPERTY_DEFINITION('material property','material name',#4571);
#2874=PROPERTY_DEFINITION('material property','density of part',#4571);
#2875=AXIS2_PLACEMENT_3D('',#3778,#3056,#3057);
#2876=AXIS2_PLACEMENT_3D('',#3779,#3058,#3059);
#2877=AXIS2_PLACEMENT_3D('',#3788,#3064,#3065);
#2878=AXIS2_PLACEMENT_3D('',#3797,#3070,#3071);
#2879=AXIS2_PLACEMENT_3D('',#3800,#3074,#3075);
#2880=AXIS2_PLACEMENT_3D('',#3802,#3077,#3078);
#2881=AXIS2_PLACEMENT_3D('',#3804,#3080,#3081);
#2882=AXIS2_PLACEMENT_3D('',#3805,#3082,#3083);
#2883=AXIS2_PLACEMENT_3D('',#3814,#3088,#3089);
#2884=AXIS2_PLACEMENT_3D('',#3823,#3094,#3095);
#2885=AXIS2_PLACEMENT_3D('',#3826,#3098,#3099);
#2886=AXIS2_PLACEMENT_3D('',#3828,#3101,#3102);
#2887=AXIS2_PLACEMENT_3D('',#3830,#3104,#3105);
#2888=AXIS2_PLACEMENT_3D('',#3831,#3106,#3107);
#2889=AXIS2_PLACEMENT_3D('',#3840,#3112,#3113);
#2890=AXIS2_PLACEMENT_3D('',#3849,#3118,#3119);
#2891=AXIS2_PLACEMENT_3D('',#3852,#3122,#3123);
#2892=AXIS2_PLACEMENT_3D('',#3854,#3125,#3126);
#2893=AXIS2_PLACEMENT_3D('',#3856,#3128,#3129);
#2894=AXIS2_PLACEMENT_3D('',#3857,#3130,#3131);
#2895=AXIS2_PLACEMENT_3D('',#3866,#3136,#3137);
#2896=AXIS2_PLACEMENT_3D('',#3875,#3142,#3143);
#2897=AXIS2_PLACEMENT_3D('',#3878,#3146,#3147);
#2898=AXIS2_PLACEMENT_3D('',#3880,#3149,#3150);
#2899=AXIS2_PLACEMENT_3D('',#3882,#3152,#3153);
#2900=AXIS2_PLACEMENT_3D('',#3883,#3154,#3155);
#2901=AXIS2_PLACEMENT_3D('',#3892,#3160,#3161);
#2902=AXIS2_PLACEMENT_3D('',#3901,#3166,#3167);
#2903=AXIS2_PLACEMENT_3D('',#3904,#3170,#3171);
#2904=AXIS2_PLACEMENT_3D('',#3906,#3173,#3174);
#2905=AXIS2_PLACEMENT_3D('',#3908,#3176,#3177);
#2906=AXIS2_PLACEMENT_3D('',#3909,#3178,#3179);
#2907=AXIS2_PLACEMENT_3D('',#3918,#3184,#3185);
#2908=AXIS2_PLACEMENT_3D('',#3927,#3190,#3191);
#2909=AXIS2_PLACEMENT_3D('',#3930,#3194,#3195);
#2910=AXIS2_PLACEMENT_3D('',#3932,#3197,#3198);
#2911=AXIS2_PLACEMENT_3D('',#3934,#3200,#3201);
#2912=AXIS2_PLACEMENT_3D('',#3935,#3202,#3203);
#2913=AXIS2_PLACEMENT_3D('',#3944,#3208,#3209);
#2914=AXIS2_PLACEMENT_3D('',#3953,#3214,#3215);
#2915=AXIS2_PLACEMENT_3D('',#3956,#3218,#3219);
#2916=AXIS2_PLACEMENT_3D('',#3958,#3221,#3222);
#2917=AXIS2_PLACEMENT_3D('',#3960,#3224,#3225);
#2918=AXIS2_PLACEMENT_3D('',#3961,#3226,#3227);
#2919=AXIS2_PLACEMENT_3D('',#3970,#3232,#3233);
#2920=AXIS2_PLACEMENT_3D('',#3979,#3238,#3239);
#2921=AXIS2_PLACEMENT_3D('',#3982,#3242,#3243);
#2922=AXIS2_PLACEMENT_3D('',#3984,#3245,#3246);
#2923=AXIS2_PLACEMENT_3D('',#3986,#3248,#3249);
#2924=AXIS2_PLACEMENT_3D('',#3987,#3250,#3251);
#2925=AXIS2_PLACEMENT_3D('',#3996,#3256,#3257);
#2926=AXIS2_PLACEMENT_3D('',#4005,#3262,#3263);
#2927=AXIS2_PLACEMENT_3D('',#4008,#3266,#3267);
#2928=AXIS2_PLACEMENT_3D('',#4010,#3269,#3270);
#2929=AXIS2_PLACEMENT_3D('',#4012,#3272,#3273);
#2930=AXIS2_PLACEMENT_3D('',#4013,#3274,#3275);
#2931=AXIS2_PLACEMENT_3D('',#4022,#3280,#3281);
#2932=AXIS2_PLACEMENT_3D('',#4031,#3286,#3287);
#2933=AXIS2_PLACEMENT_3D('',#4034,#3290,#3291);
#2934=AXIS2_PLACEMENT_3D('',#4036,#3293,#3294);
#2935=AXIS2_PLACEMENT_3D('',#4038,#3296,#3297);
#2936=AXIS2_PLACEMENT_3D('',#4039,#3298,#3299);
#2937=AXIS2_PLACEMENT_3D('',#4048,#3304,#3305);
#2938=AXIS2_PLACEMENT_3D('',#4057,#3310,#3311);
#2939=AXIS2_PLACEMENT_3D('',#4060,#3314,#3315);
#2940=AXIS2_PLACEMENT_3D('',#4062,#3317,#3318);
#2941=AXIS2_PLACEMENT_3D('',#4064,#3320,#3321);
#2942=AXIS2_PLACEMENT_3D('',#4065,#3322,#3323);
#2943=AXIS2_PLACEMENT_3D('',#4074,#3328,#3329);
#2944=AXIS2_PLACEMENT_3D('',#4083,#3334,#3335);
#2945=AXIS2_PLACEMENT_3D('',#4086,#3338,#3339);
#2946=AXIS2_PLACEMENT_3D('',#4088,#3341,#3342);
#2947=AXIS2_PLACEMENT_3D('',#4090,#3344,#3345);
#2948=AXIS2_PLACEMENT_3D('',#4091,#3346,#3347);
#2949=AXIS2_PLACEMENT_3D('',#4100,#3352,#3353);
#2950=AXIS2_PLACEMENT_3D('',#4109,#3358,#3359);
#2951=AXIS2_PLACEMENT_3D('',#4112,#3362,#3363);
#2952=AXIS2_PLACEMENT_3D('',#4114,#3365,#3366);
#2953=AXIS2_PLACEMENT_3D('',#4116,#3368,#3369);
#2954=AXIS2_PLACEMENT_3D('',#4117,#3370,#3371);
#2955=AXIS2_PLACEMENT_3D('',#4126,#3376,#3377);
#2956=AXIS2_PLACEMENT_3D('',#4135,#3382,#3383);
#2957=AXIS2_PLACEMENT_3D('',#4138,#3386,#3387);
#2958=AXIS2_PLACEMENT_3D('',#4140,#3389,#3390);
#2959=AXIS2_PLACEMENT_3D('',#4142,#3392,#3393);
#2960=AXIS2_PLACEMENT_3D('',#4143,#3394,#3395);
#2961=AXIS2_PLACEMENT_3D('',#4152,#3400,#3401);
#2962=AXIS2_PLACEMENT_3D('',#4161,#3406,#3407);
#2963=AXIS2_PLACEMENT_3D('',#4164,#3410,#3411);
#2964=AXIS2_PLACEMENT_3D('',#4166,#3413,#3414);
#2965=AXIS2_PLACEMENT_3D('',#4168,#3416,#3417);
#2966=AXIS2_PLACEMENT_3D('',#4169,#3418,#3419);
#2967=AXIS2_PLACEMENT_3D('',#4178,#3424,#3425);
#2968=AXIS2_PLACEMENT_3D('',#4187,#3430,#3431);
#2969=AXIS2_PLACEMENT_3D('',#4190,#3434,#3435);
#2970=AXIS2_PLACEMENT_3D('',#4192,#3437,#3438);
#2971=AXIS2_PLACEMENT_3D('',#4194,#3440,#3441);
#2972=AXIS2_PLACEMENT_3D('',#4195,#3442,#3443);
#2973=AXIS2_PLACEMENT_3D('',#4204,#3448,#3449);
#2974=AXIS2_PLACEMENT_3D('',#4213,#3454,#3455);
#2975=AXIS2_PLACEMENT_3D('',#4216,#3458,#3459);
#2976=AXIS2_PLACEMENT_3D('',#4218,#3461,#3462);
#2977=AXIS2_PLACEMENT_3D('',#4220,#3464,#3465);
#2978=AXIS2_PLACEMENT_3D('',#4221,#3466,#3467);
#2979=AXIS2_PLACEMENT_3D('',#4230,#3472,#3473);
#2980=AXIS2_PLACEMENT_3D('',#4239,#3478,#3479);
#2981=AXIS2_PLACEMENT_3D('',#4242,#3482,#3483);
#2982=AXIS2_PLACEMENT_3D('',#4244,#3485,#3486);
#2983=AXIS2_PLACEMENT_3D('',#4246,#3488,#3489);
#2984=AXIS2_PLACEMENT_3D('',#4247,#3490,#3491);
#2985=AXIS2_PLACEMENT_3D('',#4256,#3496,#3497);
#2986=AXIS2_PLACEMENT_3D('',#4265,#3502,#3503);
#2987=AXIS2_PLACEMENT_3D('',#4268,#3506,#3507);
#2988=AXIS2_PLACEMENT_3D('',#4270,#3509,#3510);
#2989=AXIS2_PLACEMENT_3D('',#4272,#3512,#3513);
#2990=AXIS2_PLACEMENT_3D('',#4273,#3514,#3515);
#2991=AXIS2_PLACEMENT_3D('',#4282,#3520,#3521);
#2992=AXIS2_PLACEMENT_3D('',#4291,#3526,#3527);
#2993=AXIS2_PLACEMENT_3D('',#4294,#3530,#3531);
#2994=AXIS2_PLACEMENT_3D('',#4296,#3533,#3534);
#2995=AXIS2_PLACEMENT_3D('',#4298,#3536,#3537);
#2996=AXIS2_PLACEMENT_3D('',#4299,#3538,#3539);
#2997=AXIS2_PLACEMENT_3D('',#4308,#3544,#3545);
#2998=AXIS2_PLACEMENT_3D('',#4317,#3550,#3551);
#2999=AXIS2_PLACEMENT_3D('',#4320,#3554,#3555);
#3000=AXIS2_PLACEMENT_3D('',#4322,#3557,#3558);
#3001=AXIS2_PLACEMENT_3D('',#4324,#3560,#3561);
#3002=AXIS2_PLACEMENT_3D('',#4325,#3562,#3563);
#3003=AXIS2_PLACEMENT_3D('',#4334,#3568,#3569);
#3004=AXIS2_PLACEMENT_3D('',#4343,#3574,#3575);
#3005=AXIS2_PLACEMENT_3D('',#4346,#3578,#3579);
#3006=AXIS2_PLACEMENT_3D('',#4348,#3581,#3582);
#3007=AXIS2_PLACEMENT_3D('',#4350,#3584,#3585);
#3008=AXIS2_PLACEMENT_3D('',#4351,#3586,#3587);
#3009=AXIS2_PLACEMENT_3D('',#4360,#3592,#3593);
#3010=AXIS2_PLACEMENT_3D('',#4369,#3598,#3599);
#3011=AXIS2_PLACEMENT_3D('',#4372,#3602,#3603);
#3012=AXIS2_PLACEMENT_3D('',#4374,#3605,#3606);
#3013=AXIS2_PLACEMENT_3D('',#4376,#3608,#3609);
#3014=AXIS2_PLACEMENT_3D('',#4377,#3610,#3611);
#3015=AXIS2_PLACEMENT_3D('',#4386,#3616,#3617);
#3016=AXIS2_PLACEMENT_3D('',#4395,#3622,#3623);
#3017=AXIS2_PLACEMENT_3D('',#4398,#3626,#3627);
#3018=AXIS2_PLACEMENT_3D('',#4400,#3629,#3630);
#3019=AXIS2_PLACEMENT_3D('',#4402,#3632,#3633);
#3020=AXIS2_PLACEMENT_3D('',#4403,#3634,#3635);
#3021=AXIS2_PLACEMENT_3D('',#4412,#3640,#3641);
#3022=AXIS2_PLACEMENT_3D('',#4421,#3646,#3647);
#3023=AXIS2_PLACEMENT_3D('',#4424,#3650,#3651);
#3024=AXIS2_PLACEMENT_3D('',#4426,#3653,#3654);
#3025=AXIS2_PLACEMENT_3D('',#4428,#3656,#3657);
#3026=AXIS2_PLACEMENT_3D('',#4429,#3658,#3659);
#3027=AXIS2_PLACEMENT_3D('',#4438,#3664,#3665);
#3028=AXIS2_PLACEMENT_3D('',#4447,#3670,#3671);
#3029=AXIS2_PLACEMENT_3D('',#4450,#3674,#3675);
#3030=AXIS2_PLACEMENT_3D('',#4452,#3677,#3678);
#3031=AXIS2_PLACEMENT_3D('',#4454,#3680,#3681);
#3032=AXIS2_PLACEMENT_3D('',#4455,#3682,#3683);
#3033=AXIS2_PLACEMENT_3D('',#4464,#3688,#3689);
#3034=AXIS2_PLACEMENT_3D('',#4473,#3694,#3695);
#3035=AXIS2_PLACEMENT_3D('',#4476,#3698,#3699);
#3036=AXIS2_PLACEMENT_3D('',#4478,#3701,#3702);
#3037=AXIS2_PLACEMENT_3D('',#4480,#3704,#3705);
#3038=AXIS2_PLACEMENT_3D('',#4481,#3706,#3707);
#3039=AXIS2_PLACEMENT_3D('',#4490,#3712,#3713);
#3040=AXIS2_PLACEMENT_3D('',#4499,#3718,#3719);
#3041=AXIS2_PLACEMENT_3D('',#4502,#3722,#3723);
#3042=AXIS2_PLACEMENT_3D('',#4504,#3725,#3726);
#3043=AXIS2_PLACEMENT_3D('',#4506,#3728,#3729);
#3044=AXIS2_PLACEMENT_3D('',#4507,#3730,#3731);
#3045=AXIS2_PLACEMENT_3D('',#4516,#3736,#3737);
#3046=AXIS2_PLACEMENT_3D('',#4525,#3742,#3743);
#3047=AXIS2_PLACEMENT_3D('',#4528,#3746,#3747);
#3048=AXIS2_PLACEMENT_3D('',#4530,#3749,#3750);
#3049=AXIS2_PLACEMENT_3D('',#4532,#3752,#3753);
#3050=AXIS2_PLACEMENT_3D('',#4533,#3754,#3755);
#3051=AXIS2_PLACEMENT_3D('',#4542,#3760,#3761);
#3052=AXIS2_PLACEMENT_3D('',#4551,#3766,#3767);
#3053=AXIS2_PLACEMENT_3D('',#4554,#3770,#3771);
#3054=AXIS2_PLACEMENT_3D('',#4556,#3773,#3774);
#3055=AXIS2_PLACEMENT_3D('',#4558,#3776,#3777);
#3056=DIRECTION('axis',(0.,0.,1.));
#3057=DIRECTION('refdir',(1.,0.,0.));
#3058=DIRECTION('center_axis',(0.,0.,1.));
#3059=DIRECTION('ref_axis',(1.,0.,0.));
#3060=DIRECTION('',(0.,1.,0.));
#3061=DIRECTION('',(-1.,0.,0.));
#3062=DIRECTION('',(0.,-1.,0.));
#3063=DIRECTION('',(1.,0.,0.));
#3064=DIRECTION('center_axis',(0.,0.,1.));
#3065=DIRECTION('ref_axis',(1.,0.,0.));
#3066=DIRECTION('',(0.,-1.,0.));
#3067=DIRECTION('',(-1.,0.,0.));
#3068=DIRECTION('',(0.,1.,0.));
#3069=DIRECTION('',(1.,0.,0.));
#3070=DIRECTION('center_axis',(0.,1.,0.));
#3071=DIRECTION('ref_axis',(0.,0.,1.));
#3072=DIRECTION('',(0.,0.,-1.));
#3073=DIRECTION('',(0.,0.,-1.));
#3074=DIRECTION('center_axis',(1.,0.,0.));
#3075=DIRECTION('ref_axis',(0.,0.,-1.));
#3076=DIRECTION('',(0.,0.,-1.));
#3077=DIRECTION('center_axis',(0.,-1.,0.));
#3078=DIRECTION('ref_axis',(0.,0.,-1.));
#3079=DIRECTION('',(0.,0.,-1.));
#3080=DIRECTION('center_axis',(-1.,0.,0.));
#3081=DIRECTION('ref_axis',(0.,0.,1.));
#3082=DIRECTION('center_axis',(0.,0.,1.));
#3083=DIRECTION('ref_axis',(1.,0.,0.));
#3084=DIRECTION('',(0.,1.,0.));
#3085=DIRECTION('',(-1.,0.,0.));
#3086=DIRECTION('',(0.,-1.,0.));
#3087=DIRECTION('',(1.,0.,0.));
#3088=DIRECTION('center_axis',(0.,0.,1.));
#3089=DIRECTION('ref_axis',(1.,0.,0.));
#3090=DIRECTION('',(0.,-1.,0.));
#3091=DIRECTION('',(-1.,0.,0.));
#3092=DIRECTION('',(0.,1.,0.));
#3093=DIRECTION('',(1.,0.,0.));
#3094=DIRECTION('center_axis',(0.,1.,0.));
#3095=DIRECTION('ref_axis',(0.,0.,1.));
#3096=DIRECTION('',(0.,0.,-1.));
#3097=DIRECTION('',(0.,0.,-1.));
#3098=DIRECTION('center_axis',(1.,0.,0.));
#3099=DIRECTION('ref_axis',(0.,0.,-1.));
#3100=DIRECTION('',(0.,0.,-1.));
#3101=DIRECTION('center_axis',(0.,-1.,0.));
#3102=DIRECTION('ref_axis',(0.,0.,-1.));
#3103=DIRECTION('',(0.,0.,-1.));
#3104=DIRECTION('center_axis',(-1.,0.,0.));
#3105=DIRECTION('ref_axis',(0.,0.,1.));
#3106=DIRECTION('center_axis',(0.,0.,1.));
#3107=DIRECTION('ref_axis',(1.,0.,0.));
#3108=DIRECTION('',(0.,1.,0.));
#3109=DIRECTION('',(-1.,0.,0.));
#3110=DIRECTION('',(0.,-1.,0.));
#3111=DIRECTION('',(1.,0.,0.));
#3112=DIRECTION('center_axis',(0.,0.,1.));
#3113=DIRECTION('ref_axis',(1.,0.,0.));
#3114=DIRECTION('',(0.,-1.,0.));
#3115=DIRECTION('',(-1.,0.,0.));
#3116=DIRECTION('',(0.,1.,0.));
#3117=DIRECTION('',(1.,0.,0.));
#3118=DIRECTION('center_axis',(0.,1.,0.));
#3119=DIRECTION('ref_axis',(0.,0.,1.));
#3120=DIRECTION('',(0.,0.,-1.));
#3121=DIRECTION('',(0.,0.,-1.));
#3122=DIRECTION('center_axis',(1.,0.,0.));
#3123=DIRECTION('ref_axis',(0.,0.,-1.));
#3124=DIRECTION('',(0.,0.,-1.));
#3125=DIRECTION('center_axis',(0.,-1.,0.));
#3126=DIRECTION('ref_axis',(0.,0.,-1.));
#3127=DIRECTION('',(0.,0.,-1.));
#3128=DIRECTION('center_axis',(-1.,0.,0.));
#3129=DIRECTION('ref_axis',(0.,0.,1.));
#3130=DIRECTION('center_axis',(0.,0.,1.));
#3131=DIRECTION('ref_axis',(1.,0.,0.));
#3132=DIRECTION('',(0.,1.,0.));
#3133=DIRECTION('',(-1.,0.,0.));
#3134=DIRECTION('',(0.,-1.,0.));
#3135=DIRECTION('',(1.,0.,0.));
#3136=DIRECTION('center_axis',(0.,0.,1.));
#3137=DIRECTION('ref_axis',(1.,0.,0.));
#3138=DIRECTION('',(0.,-1.,0.));
#3139=DIRECTION('',(-1.,0.,0.));
#3140=DIRECTION('',(0.,1.,0.));
#3141=DIRECTION('',(1.,0.,0.));
#3142=DIRECTION('center_axis',(0.,1.,0.));
#3143=DIRECTION('ref_axis',(0.,0.,1.));
#3144=DIRECTION('',(0.,0.,-1.));
#3145=DIRECTION('',(0.,0.,-1.));
#3146=DIRECTION('center_axis',(1.,0.,0.));
#3147=DIRECTION('ref_axis',(0.,0.,-1.));
#3148=DIRECTION('',(0.,0.,-1.));
#3149=DIRECTION('center_axis',(0.,-1.,0.));
#3150=DIRECTION('ref_axis',(0.,0.,-1.));
#3151=DIRECTION('',(0.,0.,-1.));
#3152=DIRECTION('center_axis',(-1.,0.,0.));
#3153=DIRECTION('ref_axis',(0.,0.,1.));
#3154=DIRECTION('center_axis',(0.,0.,1.));
#3155=DIRECTION('ref_axis',(1.,0.,0.));
#3156=DIRECTION('',(0.,1.,0.));
#3157=DIRECTION('',(-1.,0.,0.));
#3158=DIRECTION('',(0.,-1.,0.));
#3159=DIRECTION('',(1.,0.,0.));
#3160=DIRECTION('center_axis',(0.,0.,1.));
#3161=DIRECTION('ref_axis',(1.,0.,0.));
#3162=DIRECTION('',(0.,-1.,0.));
#3163=DIRECTION('',(-1.,0.,0.));
#3164=DIRECTION('',(0.,1.,0.));
#3165=DIRECTION('',(1.,0.,0.));
#3166=DIRECTION('center_axis',(0.,1.,0.));
#3167=DIRECTION('ref_axis',(0.,0.,1.));
#3168=DIRECTION('',(0.,0.,-1.));
#3169=DIRECTION('',(0.,0.,-1.));
#3170=DIRECTION('center_axis',(1.,0.,0.));
#3171=DIRECTION('ref_axis',(0.,0.,-1.));
#3172=DIRECTION('',(0.,0.,-1.));
#3173=DIRECTION('center_axis',(0.,-1.,0.));
#3174=DIRECTION('ref_axis',(0.,0.,-1.));
#3175=DIRECTION('',(0.,0.,-1.));
#3176=DIRECTION('center_axis',(-1.,0.,0.));
#3177=DIRECTION('ref_axis',(0.,0.,1.));
#3178=DIRECTION('center_axis',(0.,0.,1.));
#3179=DIRECTION('ref_axis',(1.,0.,0.));
#3180=DIRECTION('',(0.,1.,0.));
#3181=DIRECTION('',(-1.,0.,0.));
#3182=DIRECTION('',(0.,-1.,0.));
#3183=DIRECTION('',(1.,0.,0.));
#3184=DIRECTION('center_axis',(0.,0.,1.));
#3185=DIRECTION('ref_axis',(1.,0.,0.));
#3186=DIRECTION('',(0.,-1.,0.));
#3187=DIRECTION('',(-1.,0.,0.));
#3188=DIRECTION('',(0.,1.,0.));
#3189=DIRECTION('',(1.,0.,0.));
#3190=DIRECTION('center_axis',(0.,1.,0.));
#3191=DIRECTION('ref_axis',(0.,0.,1.));
#3192=DIRECTION('',(0.,0.,-1.));
#3193=DIRECTION('',(0.,0.,-1.));
#3194=DIRECTION('center_axis',(1.,0.,0.));
#3195=DIRECTION('ref_axis',(0.,0.,-1.));
#3196=DIRECTION('',(0.,0.,-1.));
#3197=DIRECTION('center_axis',(0.,-1.,0.));
#3198=DIRECTION('ref_axis',(0.,0.,-1.));
#3199=DIRECTION('',(0.,0.,-1.));
#3200=DIRECTION('center_axis',(-1.,0.,0.));
#3201=DIRECTION('ref_axis',(0.,0.,1.));
#3202=DIRECTION('center_axis',(0.,0.,1.));
#3203=DIRECTION('ref_axis',(1.,0.,0.));
#3204=DIRECTION('',(0.,1.,0.));
#3205=DIRECTION('',(-1.,0.,0.));
#3206=DIRECTION('',(0.,-1.,0.));
#3207=DIRECTION('',(1.,0.,0.));
#3208=DIRECTION('center_axis',(0.,0.,1.));
#3209=DIRECTION('ref_axis',(1.,0.,0.));
#3210=DIRECTION('',(0.,-1.,0.));
#3211=DIRECTION('',(-1.,0.,0.));
#3212=DIRECTION('',(0.,1.,0.));
#3213=DIRECTION('',(1.,0.,0.));
#3214=DIRECTION('center_axis',(0.,1.,0.));
#3215=DIRECTION('ref_axis',(0.,0.,1.));
#3216=DIRECTION('',(0.,0.,-1.));
#3217=DIRECTION('',(0.,0.,-1.));
#3218=DIRECTION('center_axis',(1.,0.,0.));
#3219=DIRECTION('ref_axis',(0.,0.,-1.));
#3220=DIRECTION('',(0.,0.,-1.));
#3221=DIRECTION('center_axis',(0.,-1.,0.));
#3222=DIRECTION('ref_axis',(0.,0.,-1.));
#3223=DIRECTION('',(0.,0.,-1.));
#3224=DIRECTION('center_axis',(-1.,0.,0.));
#3225=DIRECTION('ref_axis',(0.,0.,1.));
#3226=DIRECTION('center_axis',(0.,0.,1.));
#3227=DIRECTION('ref_axis',(1.,0.,0.));
#3228=DIRECTION('',(0.,1.,0.));
#3229=DIRECTION('',(-1.,0.,0.));
#3230=DIRECTION('',(0.,-1.,0.));
#3231=DIRECTION('',(1.,0.,0.));
#3232=DIRECTION('center_axis',(0.,0.,1.));
#3233=DIRECTION('ref_axis',(1.,0.,0.));
#3234=DIRECTION('',(0.,-1.,0.));
#3235=DIRECTION('',(-1.,0.,0.));
#3236=DIRECTION('',(0.,1.,0.));
#3237=DIRECTION('',(1.,0.,0.));
#3238=DIRECTION('center_axis',(0.,1.,0.));
#3239=DIRECTION('ref_axis',(0.,0.,1.));
#3240=DIRECTION('',(0.,0.,-1.));
#3241=DIRECTION('',(0.,0.,-1.));
#3242=DIRECTION('center_axis',(1.,0.,0.));
#3243=DIRECTION('ref_axis',(0.,0.,-1.));
#3244=DIRECTION('',(0.,0.,-1.));
#3245=DIRECTION('center_axis',(0.,-1.,0.));
#3246=DIRECTION('ref_axis',(0.,0.,-1.));
#3247=DIRECTION('',(0.,0.,-1.));
#3248=DIRECTION('center_axis',(-1.,0.,0.));
#3249=DIRECTION('ref_axis',(0.,0.,1.));
#3250=DIRECTION('center_axis',(0.,0.,1.));
#3251=DIRECTION('ref_axis',(1.,0.,0.));
#3252=DIRECTION('',(0.,1.,0.));
#3253=DIRECTION('',(-1.,0.,0.));
#3254=DIRECTION('',(0.,-1.,0.));
#3255=DIRECTION('',(1.,0.,0.));
#3256=DIRECTION('center_axis',(0.,0.,1.));
#3257=DIRECTION('ref_axis',(1.,0.,0.));
#3258=DIRECTION('',(0.,-1.,0.));
#3259=DIRECTION('',(-1.,0.,0.));
#3260=DIRECTION('',(0.,1.,0.));
#3261=DIRECTION('',(1.,0.,0.));
#3262=DIRECTION('center_axis',(0.,1.,0.));
#3263=DIRECTION('ref_axis',(0.,0.,1.));
#3264=DIRECTION('',(0.,0.,-1.));
#3265=DIRECTION('',(0.,0.,-1.));
#3266=DIRECTION('center_axis',(1.,0.,0.));
#3267=DIRECTION('ref_axis',(0.,0.,-1.));
#3268=DIRECTION('',(0.,0.,-1.));
#3269=DIRECTION('center_axis',(0.,-1.,0.));
#3270=DIRECTION('ref_axis',(0.,0.,-1.));
#3271=DIRECTION('',(0.,0.,-1.));
#3272=DIRECTION('center_axis',(-1.,0.,0.));
#3273=DIRECTION('ref_axis',(0.,0.,1.));
#3274=DIRECTION('center_axis',(0.,0.,1.));
#3275=DIRECTION('ref_axis',(1.,0.,0.));
#3276=DIRECTION('',(0.,1.,0.));
#3277=DIRECTION('',(-1.,0.,0.));
#3278=DIRECTION('',(0.,-1.,0.));
#3279=DIRECTION('',(1.,0.,0.));
#3280=DIRECTION('center_axis',(0.,0.,1.));
#3281=DIRECTION('ref_axis',(1.,0.,0.));
#3282=DIRECTION('',(0.,-1.,0.));
#3283=DIRECTION('',(-1.,0.,0.));
#3284=DIRECTION('',(0.,1.,0.));
#3285=DIRECTION('',(1.,0.,0.));
#3286=DIRECTION('center_axis',(0.,1.,0.));
#3287=DIRECTION('ref_axis',(0.,0.,1.));
#3288=DIRECTION('',(0.,0.,-1.));
#3289=DIRECTION('',(0.,0.,-1.));
#3290=DIRECTION('center_axis',(1.,0.,0.));
#3291=DIRECTION('ref_axis',(0.,0.,-1.));
#3292=DIRECTION('',(0.,0.,-1.));
#3293=DIRECTION('center_axis',(0.,-1.,0.));
#3294=DIRECTION('ref_axis',(0.,0.,-1.));
#3295=DIRECTION('',(0.,0.,-1.));
#3296=DIRECTION('center_axis',(-1.,0.,0.));
#3297=DIRECTION('ref_axis',(0.,0.,1.));
#3298=DIRECTION('center_axis',(0.,0.,1.));
#3299=DIRECTION('ref_axis',(1.,0.,0.));
#3300=DIRECTION('',(0.,1.,0.));
#3301=DIRECTION('',(-1.,0.,0.));
#3302=DIRECTION('',(0.,-1.,0.));
#3303=DIRECTION('',(1.,0.,0.));
#3304=DIRECTION('center_axis',(0.,0.,1.));
#3305=DIRECTION('ref_axis',(1.,0.,0.));
#3306=DIRECTION('',(0.,-1.,0.));
#3307=DIRECTION('',(-1.,0.,0.));
#3308=DIRECTION('',(0.,1.,0.));
#3309=DIRECTION('',(1.,0.,0.));
#3310=DIRECTION('center_axis',(0.,1.,0.));
#3311=DIRECTION('ref_axis',(0.,0.,1.));
#3312=DIRECTION('',(0.,0.,-1.));
#3313=DIRECTION('',(0.,0.,-1.));
#3314=DIRECTION('center_axis',(1.,0.,0.));
#3315=DIRECTION('ref_axis',(0.,0.,-1.));
#3316=DIRECTION('',(0.,0.,-1.));
#3317=DIRECTION('center_axis',(0.,-1.,0.));
#3318=DIRECTION('ref_axis',(0.,0.,-1.));
#3319=DIRECTION('',(0.,0.,-1.));
#3320=DIRECTION('center_axis',(-1.,0.,0.));
#3321=DIRECTION('ref_axis',(0.,0.,1.));
#3322=DIRECTION('center_axis',(0.,0.,1.));
#3323=DIRECTION('ref_axis',(1.,0.,0.));
#3324=DIRECTION('',(0.,1.,0.));
#3325=DIRECTION('',(-1.,0.,0.));
#3326=DIRECTION('',(0.,-1.,0.));
#3327=DIRECTION('',(1.,0.,0.));
#3328=DIRECTION('center_axis',(0.,0.,1.));
#3329=DIRECTION('ref_axis',(1.,0.,0.));
#3330=DIRECTION('',(0.,-1.,0.));
#3331=DIRECTION('',(-1.,0.,0.));
#3332=DIRECTION('',(0.,1.,0.));
#3333=DIRECTION('',(1.,0.,0.));
#3334=DIRECTION('center_axis',(0.,1.,0.));
#3335=DIRECTION('ref_axis',(0.,0.,1.));
#3336=DIRECTION('',(0.,0.,-1.));
#3337=DIRECTION('',(0.,0.,-1.));
#3338=DIRECTION('center_axis',(1.,0.,0.));
#3339=DIRECTION('ref_axis',(0.,0.,-1.));
#3340=DIRECTION('',(0.,0.,-1.));
#3341=DIRECTION('center_axis',(0.,-1.,0.));
#3342=DIRECTION('ref_axis',(0.,0.,-1.));
#3343=DIRECTION('',(0.,0.,-1.));
#3344=DIRECTION('center_axis',(-1.,0.,0.));
#3345=DIRECTION('ref_axis',(0.,0.,1.));
#3346=DIRECTION('center_axis',(0.,0.,1.));
#3347=DIRECTION('ref_axis',(1.,0.,0.));
#3348=DIRECTION('',(0.,1.,0.));
#3349=DIRECTION('',(-1.,0.,0.));
#3350=DIRECTION('',(0.,-1.,0.));
#3351=DIRECTION('',(1.,0.,0.));
#3352=DIRECTION('center_axis',(0.,0.,1.));
#3353=DIRECTION('ref_axis',(1.,0.,0.));
#3354=DIRECTION('',(0.,-1.,0.));
#3355=DIRECTION('',(-1.,0.,0.));
#3356=DIRECTION('',(0.,1.,0.));
#3357=DIRECTION('',(1.,0.,0.));
#3358=DIRECTION('center_axis',(0.,1.,0.));
#3359=DIRECTION('ref_axis',(0.,0.,1.));
#3360=DIRECTION('',(0.,0.,-1.));
#3361=DIRECTION('',(0.,0.,-1.));
#3362=DIRECTION('center_axis',(1.,0.,0.));
#3363=DIRECTION('ref_axis',(0.,0.,-1.));
#3364=DIRECTION('',(0.,0.,-1.));
#3365=DIRECTION('center_axis',(0.,-1.,0.));
#3366=DIRECTION('ref_axis',(0.,0.,-1.));
#3367=DIRECTION('',(0.,0.,-1.));
#3368=DIRECTION('center_axis',(-1.,0.,0.));
#3369=DIRECTION('ref_axis',(0.,0.,1.));
#3370=DIRECTION('center_axis',(0.,0.,1.));
#3371=DIRECTION('ref_axis',(1.,0.,0.));
#3372=DIRECTION('',(0.,1.,0.));
#3373=DIRECTION('',(-1.,0.,0.));
#3374=DIRECTION('',(0.,-1.,0.));
#3375=DIRECTION('',(1.,0.,0.));
#3376=DIRECTION('center_axis',(0.,0.,1.));
#3377=DIRECTION('ref_axis',(1.,0.,0.));
#3378=DIRECTION('',(0.,-1.,0.));
#3379=DIRECTION('',(-1.,0.,0.));
#3380=DIRECTION('',(0.,1.,0.));
#3381=DIRECTION('',(1.,0.,0.));
#3382=DIRECTION('center_axis',(0.,1.,0.));
#3383=DIRECTION('ref_axis',(0.,0.,1.));
#3384=DIRECTION('',(0.,0.,-1.));
#3385=DIRECTION('',(0.,0.,-1.));
#3386=DIRECTION('center_axis',(1.,0.,0.));
#3387=DIRECTION('ref_axis',(0.,0.,-1.));
#3388=DIRECTION('',(0.,0.,-1.));
#3389=DIRECTION('center_axis',(0.,-1.,0.));
#3390=DIRECTION('ref_axis',(0.,0.,-1.));
#3391=DIRECTION('',(0.,0.,-1.));
#3392=DIRECTION('center_axis',(-1.,0.,0.));
#3393=DIRECTION('ref_axis',(0.,0.,1.));
#3394=DIRECTION('center_axis',(0.,0.,1.));
#3395=DIRECTION('ref_axis',(1.,0.,0.));
#3396=DIRECTION('',(0.,1.,0.));
#3397=DIRECTION('',(-1.,0.,0.));
#3398=DIRECTION('',(0.,-1.,0.));
#3399=DIRECTION('',(1.,0.,0.));
#3400=DIRECTION('center_axis',(0.,0.,1.));
#3401=DIRECTION('ref_axis',(1.,0.,0.));
#3402=DIRECTION('',(0.,-1.,0.));
#3403=DIRECTION('',(-1.,0.,0.));
#3404=DIRECTION('',(0.,1.,0.));
#3405=DIRECTION('',(1.,0.,0.));
#3406=DIRECTION('center_axis',(0.,1.,0.));
#3407=DIRECTION('ref_axis',(0.,0.,1.));
#3408=DIRECTION('',(0.,0.,-1.));
#3409=DIRECTION('',(0.,0.,-1.));
#3410=DIRECTION('center_axis',(1.,0.,0.));
#3411=DIRECTION('ref_axis',(0.,0.,-1.));
#3412=DIRECTION('',(0.,0.,-1.));
#3413=DIRECTION('center_axis',(0.,-1.,0.));
#3414=DIRECTION('ref_axis',(0.,0.,-1.));
#3415=DIRECTION('',(0.,0.,-1.));
#3416=DIRECTION('center_axis',(-1.,0.,0.));
#3417=DIRECTION('ref_axis',(0.,0.,1.));
#3418=DIRECTION('center_axis',(0.,0.,1.));
#3419=DIRECTION('ref_axis',(1.,0.,0.));
#3420=DIRECTION('',(0.,1.,0.));
#3421=DIRECTION('',(-1.,0.,0.));
#3422=DIRECTION('',(0.,-1.,0.));
#3423=DIRECTION('',(1.,0.,0.));
#3424=DIRECTION('center_axis',(0.,0.,1.));
#3425=DIRECTION('ref_axis',(1.,0.,0.));
#3426=DIRECTION('',(0.,-1.,0.));
#3427=DIRECTION('',(-1.,0.,0.));
#3428=DIRECTION('',(0.,1.,0.));
#3429=DIRECTION('',(1.,0.,0.));
#3430=DIRECTION('center_axis',(0.,1.,0.));
#3431=DIRECTION('ref_axis',(0.,0.,1.));
#3432=DIRECTION('',(0.,0.,-1.));
#3433=DIRECTION('',(0.,0.,-1.));
#3434=DIRECTION('center_axis',(1.,0.,0.));
#3435=DIRECTION('ref_axis',(0.,0.,-1.));
#3436=DIRECTION('',(0.,0.,-1.));
#3437=DIRECTION('center_axis',(0.,-1.,0.));
#3438=DIRECTION('ref_axis',(0.,0.,-1.));
#3439=DIRECTION('',(0.,0.,-1.));
#3440=DIRECTION('center_axis',(-1.,0.,0.));
#3441=DIRECTION('ref_axis',(0.,0.,1.));
#3442=DIRECTION('center_axis',(0.,0.,1.));
#3443=DIRECTION('ref_axis',(1.,0.,0.));
#3444=DIRECTION('',(0.,1.,0.));
#3445=DIRECTION('',(-1.,0.,0.));
#3446=DIRECTION('',(0.,-1.,0.));
#3447=DIRECTION('',(1.,0.,0.));
#3448=DIRECTION('center_axis',(0.,0.,1.));
#3449=DIRECTION('ref_axis',(1.,0.,0.));
#3450=DIRECTION('',(0.,-1.,0.));
#3451=DIRECTION('',(-1.,0.,0.));
#3452=DIRECTION('',(0.,1.,0.));
#3453=DIRECTION('',(1.,0.,0.));
#3454=DIRECTION('center_axis',(0.,1.,0.));
#3455=DIRECTION('ref_axis',(0.,0.,1.));
#3456=DIRECTION('',(0.,0.,-1.));
#3457=DIRECTION('',(0.,0.,-1.));
#3458=DIRECTION('center_axis',(1.,0.,0.));
#3459=DIRECTION('ref_axis',(0.,0.,-1.));
#3460=DIRECTION('',(0.,0.,-1.));
#3461=DIRECTION('center_axis',(0.,-1.,0.));
#3462=DIRECTION('ref_axis',(0.,0.,-1.));
#3463=DIRECTION('',(0.,0.,-1.));
#3464=DIRECTION('center_axis',(-1.,0.,0.));
#3465=DIRECTION('ref_axis',(0.,0.,1.));
#3466=DIRECTION('center_axis',(0.,0.,1.));
#3467=DIRECTION('ref_axis',(1.,0.,0.));
#3468=DIRECTION('',(0.,1.,0.));
#3469=DIRECTION('',(-1.,0.,0.));
#3470=DIRECTION('',(0.,-1.,0.));
#3471=DIRECTION('',(1.,0.,0.));
#3472=DIRECTION('center_axis',(0.,0.,1.));
#3473=DIRECTION('ref_axis',(1.,0.,0.));
#3474=DIRECTION('',(0.,-1.,0.));
#3475=DIRECTION('',(-1.,0.,0.));
#3476=DIRECTION('',(0.,1.,0.));
#3477=DIRECTION('',(1.,0.,0.));
#3478=DIRECTION('center_axis',(0.,1.,0.));
#3479=DIRECTION('ref_axis',(0.,0.,1.));
#3480=DIRECTION('',(0.,0.,-1.));
#3481=DIRECTION('',(0.,0.,-1.));
#3482=DIRECTION('center_axis',(1.,0.,0.));
#3483=DIRECTION('ref_axis',(0.,0.,-1.));
#3484=DIRECTION('',(0.,0.,-1.));
#3485=DIRECTION('center_axis',(0.,-1.,0.));
#3486=DIRECTION('ref_axis',(0.,0.,-1.));
#3487=DIRECTION('',(0.,0.,-1.));
#3488=DIRECTION('center_axis',(-1.,0.,0.));
#3489=DIRECTION('ref_axis',(0.,0.,1.));
#3490=DIRECTION('center_axis',(0.,0.,1.));
#3491=DIRECTION('ref_axis',(1.,0.,0.));
#3492=DIRECTION('',(0.,1.,0.));
#3493=DIRECTION('',(-1.,0.,0.));
#3494=DIRECTION('',(0.,-1.,0.));
#3495=DIRECTION('',(1.,0.,0.));
#3496=DIRECTION('center_axis',(0.,0.,1.));
#3497=DIRECTION('ref_axis',(1.,0.,0.));
#3498=DIRECTION('',(0.,-1.,0.));
#3499=DIRECTION('',(-1.,0.,0.));
#3500=DIRECTION('',(0.,1.,0.));
#3501=DIRECTION('',(1.,0.,0.));
#3502=DIRECTION('center_axis',(0.,1.,0.));
#3503=DIRECTION('ref_axis',(0.,0.,1.));
#3504=DIRECTION('',(0.,0.,-1.));
#3505=DIRECTION('',(0.,0.,-1.));
#3506=DIRECTION('center_axis',(1.,0.,0.));
#3507=DIRECTION('ref_axis',(0.,0.,-1.));
#3508=DIRECTION('',(0.,0.,-1.));
#3509=DIRECTION('center_axis',(0.,-1.,0.));
#3510=DIRECTION('ref_axis',(0.,0.,-1.));
#3511=DIRECTION('',(0.,0.,-1.));
#3512=DIRECTION('center_axis',(-1.,0.,0.));
#3513=DIRECTION('ref_axis',(0.,0.,1.));
#3514=DIRECTION('center_axis',(0.,0.,1.));
#3515=DIRECTION('ref_axis',(1.,0.,0.));
#3516=DIRECTION('',(0.,1.,0.));
#3517=DIRECTION('',(-1.,0.,0.));
#3518=DIRECTION('',(0.,-1.,0.));
#3519=DIRECTION('',(1.,0.,0.));
#3520=DIRECTION('center_axis',(0.,0.,1.));
#3521=DIRECTION('ref_axis',(1.,0.,0.));
#3522=DIRECTION('',(0.,-1.,0.));
#3523=DIRECTION('',(-1.,0.,0.));
#3524=DIRECTION('',(0.,1.,0.));
#3525=DIRECTION('',(1.,0.,0.));
#3526=DIRECTION('center_axis',(0.,1.,0.));
#3527=DIRECTION('ref_axis',(0.,0.,1.));
#3528=DIRECTION('',(0.,0.,-1.));
#3529=DIRECTION('',(0.,0.,-1.));
#3530=DIRECTION('center_axis',(1.,0.,0.));
#3531=DIRECTION('ref_axis',(0.,0.,-1.));
#3532=DIRECTION('',(0.,0.,-1.));
#3533=DIRECTION('center_axis',(0.,-1.,0.));
#3534=DIRECTION('ref_axis',(0.,0.,-1.));
#3535=DIRECTION('',(0.,0.,-1.));
#3536=DIRECTION('center_axis',(-1.,0.,0.));
#3537=DIRECTION('ref_axis',(0.,0.,1.));
#3538=DIRECTION('center_axis',(0.,0.,1.));
#3539=DIRECTION('ref_axis',(1.,0.,0.));
#3540=DIRECTION('',(0.,1.,0.));
#3541=DIRECTION('',(-1.,0.,0.));
#3542=DIRECTION('',(0.,-1.,0.));
#3543=DIRECTION('',(1.,0.,0.));
#3544=DIRECTION('center_axis',(0.,0.,1.));
#3545=DIRECTION('ref_axis',(1.,0.,0.));
#3546=DIRECTION('',(0.,-1.,0.));
#3547=DIRECTION('',(-1.,0.,0.));
#3548=DIRECTION('',(0.,1.,0.));
#3549=DIRECTION('',(1.,0.,0.));
#3550=DIRECTION('center_axis',(0.,1.,0.));
#3551=DIRECTION('ref_axis',(0.,0.,1.));
#3552=DIRECTION('',(0.,0.,-1.));
#3553=DIRECTION('',(0.,0.,-1.));
#3554=DIRECTION('center_axis',(1.,0.,0.));
#3555=DIRECTION('ref_axis',(0.,0.,-1.));
#3556=DIRECTION('',(0.,0.,-1.));
#3557=DIRECTION('center_axis',(0.,-1.,0.));
#3558=DIRECTION('ref_axis',(0.,0.,-1.));
#3559=DIRECTION('',(0.,0.,-1.));
#3560=DIRECTION('center_axis',(-1.,0.,0.));
#3561=DIRECTION('ref_axis',(0.,0.,1.));
#3562=DIRECTION('center_axis',(0.,0.,1.));
#3563=DIRECTION('ref_axis',(1.,0.,0.));
#3564=DIRECTION('',(0.,1.,0.));
#3565=DIRECTION('',(-1.,0.,0.));
#3566=DIRECTION('',(0.,-1.,0.));
#3567=DIRECTION('',(1.,0.,0.));
#3568=DIRECTION('center_axis',(0.,0.,1.));
#3569=DIRECTION('ref_axis',(1.,0.,0.));
#3570=DIRECTION('',(0.,-1.,0.));
#3571=DIRECTION('',(-1.,0.,0.));
#3572=DIRECTION('',(0.,1.,0.));
#3573=DIRECTION('',(1.,0.,0.));
#3574=DIRECTION('center_axis',(0.,1.,0.));
#3575=DIRECTION('ref_axis',(0.,0.,1.));
#3576=DIRECTION('',(0.,0.,-1.));
#3577=DIRECTION('',(0.,0.,-1.));
#3578=DIRECTION('center_axis',(1.,0.,0.));
#3579=DIRECTION('ref_axis',(0.,0.,-1.));
#3580=DIRECTION('',(0.,0.,-1.));
#3581=DIRECTION('center_axis',(0.,-1.,0.));
#3582=DIRECTION('ref_axis',(0.,0.,-1.));
#3583=DIRECTION('',(0.,0.,-1.));
#3584=DIRECTION('center_axis',(-1.,0.,0.));
#3585=DIRECTION('ref_axis',(0.,0.,1.));
#3586=DIRECTION('center_axis',(0.,0.,1.));
#3587=DIRECTION('ref_axis',(1.,0.,0.));
#3588=DIRECTION('',(0.,1.,0.));
#3589=DIRECTION('',(-1.,0.,0.));
#3590=DIRECTION('',(0.,-1.,0.));
#3591=DIRECTION('',(1.,0.,0.));
#3592=DIRECTION('center_axis',(0.,0.,1.));
#3593=DIRECTION('ref_axis',(1.,0.,0.));
#3594=DIRECTION('',(0.,-1.,0.));
#3595=DIRECTION('',(-1.,0.,0.));
#3596=DIRECTION('',(0.,1.,0.));
#3597=DIRECTION('',(1.,0.,0.));
#3598=DIRECTION('center_axis',(0.,1.,0.));
#3599=DIRECTION('ref_axis',(0.,0.,1.));
#3600=DIRECTION('',(0.,0.,-1.));
#3601=DIRECTION('',(0.,0.,-1.));
#3602=DIRECTION('center_axis',(1.,0.,0.));
#3603=DIRECTION('ref_axis',(0.,0.,-1.));
#3604=DIRECTION('',(0.,0.,-1.));
#3605=DIRECTION('center_axis',(0.,-1.,0.));
#3606=DIRECTION('ref_axis',(0.,0.,-1.));
#3607=DIRECTION('',(0.,0.,-1.));
#3608=DIRECTION('center_axis',(-1.,0.,0.));
#3609=DIRECTION('ref_axis',(0.,0.,1.));
#3610=DIRECTION('center_axis',(0.,0.,1.));
#3611=DIRECTION('ref_axis',(1.,0.,0.));
#3612=DIRECTION('',(0.,1.,0.));
#3613=DIRECTION('',(-1.,0.,0.));
#3614=DIRECTION('',(0.,-1.,0.));
#3615=DIRECTION('',(1.,0.,0.));
#3616=DIRECTION('center_axis',(0.,0.,1.));
#3617=DIRECTION('ref_axis',(1.,0.,0.));
#3618=DIRECTION('',(0.,-1.,0.));
#3619=DIRECTION('',(-1.,0.,0.));
#3620=DIRECTION('',(0.,1.,0.));
#3621=DIRECTION('',(1.,0.,0.));
#3622=DIRECTION('center_axis',(0.,1.,0.));
#3623=DIRECTION('ref_axis',(0.,0.,1.));
#3624=DIRECTION('',(0.,0.,-1.));
#3625=DIRECTION('',(0.,0.,-1.));
#3626=DIRECTION('center_axis',(1.,0.,0.));
#3627=DIRECTION('ref_axis',(0.,0.,-1.));
#3628=DIRECTION('',(0.,0.,-1.));
#3629=DIRECTION('center_axis',(0.,-1.,0.));
#3630=DIRECTION('ref_axis',(0.,0.,-1.));
#3631=DIRECTION('',(0.,0.,-1.));
#3632=DIRECTION('center_axis',(-1.,0.,0.));
#3633=DIRECTION('ref_axis',(0.,0.,1.));
#3634=DIRECTION('center_axis',(0.,0.,1.));
#3635=DIRECTION('ref_axis',(1.,0.,0.));
#3636=DIRECTION('',(0.,1.,0.));
#3637=DIRECTION('',(-1.,0.,0.));
#3638=DIRECTION('',(0.,-1.,0.));
#3639=DIRECTION('',(1.,0.,0.));
#3640=DIRECTION('center_axis',(0.,0.,1.));
#3641=DIRECTION('ref_axis',(1.,0.,0.));
#3642=DIRECTION('',(0.,-1.,0.));
#3643=DIRECTION('',(-1.,0.,0.));
#3644=DIRECTION('',(0.,1.,0.));
#3645=DIRECTION('',(1.,0.,0.));
#3646=DIRECTION('center_axis',(0.,1.,0.));
#3647=DIRECTION('ref_axis',(0.,0.,1.));
#3648=DIRECTION('',(0.,0.,-1.));
#3649=DIRECTION('',(0.,0.,-1.));
#3650=DIRECTION('center_axis',(1.,0.,0.));
#3651=DIRECTION('ref_axis',(0.,0.,-1.));
#3652=DIRECTION('',(0.,0.,-1.));
#3653=DIRECTION('center_axis',(0.,-1.,0.));
#3654=DIRECTION('ref_axis',(0.,0.,-1.));
#3655=DIRECTION('',(0.,0.,-1.));
#3656=DIRECTION('center_axis',(-1.,0.,0.));
#3657=DIRECTION('ref_axis',(0.,0.,1.));
#3658=DIRECTION('center_axis',(0.,0.,1.));
#3659=DIRECTION('ref_axis',(1.,0.,0.));
#3660=DIRECTION('',(0.,1.,0.));
#3661=DIRECTION('',(-1.,0.,0.));
#3662=DIRECTION('',(0.,-1.,0.));
#3663=DIRECTION('',(1.,0.,0.));
#3664=DIRECTION('center_axis',(0.,0.,1.));
#3665=DIRECTION('ref_axis',(1.,0.,0.));
#3666=DIRECTION('',(0.,-1.,0.));
#3667=DIRECTION('',(-1.,0.,0.));
#3668=DIRECTION('',(0.,1.,0.));
#3669=DIRECTION('',(1.,0.,0.));
#3670=DIRECTION('center_axis',(0.,1.,0.));
#3671=DIRECTION('ref_axis',(0.,0.,1.));
#3672=DIRECTION('',(0.,0.,-1.));
#3673=DIRECTION('',(0.,0.,-1.));
#3674=DIRECTION('center_axis',(1.,0.,0.));
#3675=DIRECTION('ref_axis',(0.,0.,-1.));
#3676=DIRECTION('',(0.,0.,-1.));
#3677=DIRECTION('center_axis',(0.,-1.,0.));
#3678=DIRECTION('ref_axis',(0.,0.,-1.));
#3679=DIRECTION('',(0.,0.,-1.));
#3680=DIRECTION('center_axis',(-1.,0.,0.));
#3681=DIRECTION('ref_axis',(0.,0.,1.));
#3682=DIRECTION('center_axis',(0.,0.,1.));
#3683=DIRECTION('ref_axis',(1.,0.,0.));
#3684=DIRECTION('',(0.,1.,0.));
#3685=DIRECTION('',(-1.,0.,0.));
#3686=DIRECTION('',(0.,-1.,0.));
#3687=DIRECTION('',(1.,0.,0.));
#3688=DIRECTION('center_axis',(0.,0.,1.));
#3689=DIRECTION('ref_axis',(1.,0.,0.));
#3690=DIRECTION('',(0.,-1.,0.));
#3691=DIRECTION('',(-1.,0.,0.));
#3692=DIRECTION('',(0.,1.,0.));
#3693=DIRECTION('',(1.,0.,0.));
#3694=DIRECTION('center_axis',(0.,1.,0.));
#3695=DIRECTION('ref_axis',(0.,0.,1.));
#3696=DIRECTION('',(0.,0.,-1.));
#3697=DIRECTION('',(0.,0.,-1.));
#3698=DIRECTION('center_axis',(1.,0.,0.));
#3699=DIRECTION('ref_axis',(0.,0.,-1.));
#3700=DIRECTION('',(0.,0.,-1.));
#3701=DIRECTION('center_axis',(0.,-1.,0.));
#3702=DIRECTION('ref_axis',(0.,0.,-1.));
#3703=DIRECTION('',(0.,0.,-1.));
#3704=DIRECTION('center_axis',(-1.,0.,0.));
#3705=DIRECTION('ref_axis',(0.,0.,1.));
#3706=DIRECTION('center_axis',(0.,0.,1.));
#3707=DIRECTION('ref_axis',(1.,0.,0.));
#3708=DIRECTION('',(0.,1.,0.));
#3709=DIRECTION('',(-1.,0.,0.));
#3710=DIRECTION('',(0.,-1.,0.));
#3711=DIRECTION('',(1.,0.,0.));
#3712=DIRECTION('center_axis',(0.,0.,1.));
#3713=DIRECTION('ref_axis',(1.,0.,0.));
#3714=DIRECTION('',(0.,-1.,0.));
#3715=DIRECTION('',(-1.,0.,0.));
#3716=DIRECTION('',(0.,1.,0.));
#3717=DIRECTION('',(1.,0.,0.));
#3718=DIRECTION('center_axis',(0.,1.,0.));
#3719=DIRECTION('ref_axis',(0.,0.,1.));
#3720=DIRECTION('',(0.,0.,-1.));
#3721=DIRECTION('',(0.,0.,-1.));
#3722=DIRECTION('center_axis',(1.,0.,0.));
#3723=DIRECTION('ref_axis',(0.,0.,-1.));
#3724=DIRECTION('',(0.,0.,-1.));
#3725=DIRECTION('center_axis',(0.,-1.,0.));
#3726=DIRECTION('ref_axis',(0.,0.,-1.));
#3727=DIRECTION('',(0.,0.,-1.));
#3728=DIRECTION('center_axis',(-1.,0.,0.));
#3729=DIRECTION('ref_axis',(0.,0.,1.));
#3730=DIRECTION('center_axis',(0.,0.,1.));
#3731=DIRECTION('ref_axis',(1.,0.,0.));
#3732=DIRECTION('',(0.,1.,0.));
#3733=DIRECTION('',(-1.,0.,0.));
#3734=DIRECTION('',(0.,-1.,0.));
#3735=DIRECTION('',(1.,0.,0.));
#3736=DIRECTION('center_axis',(0.,0.,1.));
#3737=DIRECTION('ref_axis',(1.,0.,0.));
#3738=DIRECTION('',(0.,-1.,0.));
#3739=DIRECTION('',(-1.,0.,0.));
#3740=DIRECTION('',(0.,1.,0.));
#3741=DIRECTION('',(1.,0.,0.));
#3742=DIRECTION('center_axis',(0.,1.,0.));
#3743=DIRECTION('ref_axis',(0.,0.,1.));
#3744=DIRECTION('',(0.,0.,-1.));
#3745=DIRECTION('',(0.,0.,-1.));
#3746=DIRECTION('center_axis',(1.,0.,0.));
#3747=DIRECTION('ref_axis',(0.,0.,-1.));
#3748=DIRECTION('',(0.,0.,-1.));
#3749=DIRECTION('center_axis',(0.,-1.,0.));
#3750=DIRECTION('ref_axis',(0.,0.,-1.));
#3751=DIRECTION('',(0.,0.,-1.));
#3752=DIRECTION('center_axis',(-1.,0.,0.));
#3753=DIRECTION('ref_axis',(0.,0.,1.));
#3754=DIRECTION('center_axis',(0.,0.,1.));
#3755=DIRECTION('ref_axis',(1.,0.,0.));
#3756=DIRECTION('',(0.,1.,0.));
#3757=DIRECTION('',(-1.,0.,0.));
#3758=DIRECTION('',(0.,-1.,0.));
#3759=DIRECTION('',(1.,0.,0.));
#3760=DIRECTION('center_axis',(0.,0.,1.));
#3761=DIRECTION('ref_axis',(1.,0.,0.));
#3762=DIRECTION('',(0.,-1.,0.));
#3763=DIRECTION('',(-1.,0.,0.));
#3764=DIRECTION('',(0.,1.,0.));
#3765=DIRECTION('',(1.,0.,0.));
#3766=DIRECTION('center_axis',(0.,1.,0.));
#3767=DIRECTION('ref_axis',(0.,0.,1.));
#3768=DIRECTION('',(0.,0.,-1.));
#3769=DIRECTION('',(0.,0.,-1.));
#3770=DIRECTION('center_axis',(1.,0.,0.));
#3771=DIRECTION('ref_axis',(0.,0.,-1.));
#3772=DIRECTION('',(0.,0.,-1.));
#3773=DIRECTION('center_axis',(0.,-1.,0.));
#3774=DIRECTION('ref_axis',(0.,0.,-1.));
#3775=DIRECTION('',(0.,0.,-1.));
#3776=DIRECTION('center_axis',(-1.,0.,0.));
#3777=DIRECTION('ref_axis',(0.,0.,1.));
#3778=CARTESIAN_POINT('',(0.,0.,0.));
#3779=CARTESIAN_POINT('Origin',(0.,-3.556,0.25));
#3780=CARTESIAN_POINT('',(0.127,-7.239,0.25));
#3781=CARTESIAN_POINT('',(0.127,0.127,0.25));
#3782=CARTESIAN_POINT('',(0.127,-3.556,0.25));
#3783=CARTESIAN_POINT('',(-0.127,0.127,0.25));
#3784=CARTESIAN_POINT('',(0.,0.127,0.25));
#3785=CARTESIAN_POINT('',(-0.127,-7.239,0.25));
#3786=CARTESIAN_POINT('',(-0.127,-3.556,0.25));
#3787=CARTESIAN_POINT('',(0.,-7.239,0.25));
#3788=CARTESIAN_POINT('Origin',(0.,-3.556,0.));
#3789=CARTESIAN_POINT('',(0.127,0.127,0.));
#3790=CARTESIAN_POINT('',(0.127,-7.239,0.));
#3791=CARTESIAN_POINT('',(0.127,-3.556,0.));
#3792=CARTESIAN_POINT('',(-0.127,-7.239,0.));
#3793=CARTESIAN_POINT('',(0.,-7.239,0.));
#3794=CARTESIAN_POINT('',(-0.127,0.127,0.));
#3795=CARTESIAN_POINT('',(-0.127,-3.556,0.));
#3796=CARTESIAN_POINT('',(0.,0.127,0.));
#3797=CARTESIAN_POINT('Origin',(0.,-7.239,0.125));
#3798=CARTESIAN_POINT('',(-0.127,-7.239,0.125));
#3799=CARTESIAN_POINT('',(0.127,-7.239,0.125));
#3800=CARTESIAN_POINT('Origin',(-0.127,-3.556,0.125));
#3801=CARTESIAN_POINT('',(-0.127,0.127,0.125));
#3802=CARTESIAN_POINT('Origin',(0.,0.127,0.125));
#3803=CARTESIAN_POINT('',(0.127,0.127,0.125));
#3804=CARTESIAN_POINT('Origin',(0.127,-3.556,0.125));
#3805=CARTESIAN_POINT('Origin',(0.,0.,0.85));
#3806=CARTESIAN_POINT('',(0.032,-0.032,0.85));
#3807=CARTESIAN_POINT('',(0.032,0.032,0.85));
#3808=CARTESIAN_POINT('',(0.032,0.,0.85));
#3809=CARTESIAN_POINT('',(-0.032,0.032,0.85));
#3810=CARTESIAN_POINT('',(0.,0.032,0.85));
#3811=CARTESIAN_POINT('',(-0.032,-0.032,0.85));
#3812=CARTESIAN_POINT('',(-0.032,0.,0.85));
#3813=CARTESIAN_POINT('',(0.,-0.032,0.85));
#3814=CARTESIAN_POINT('Origin',(0.,0.,-0.28));
#3815=CARTESIAN_POINT('',(0.032,0.032,-0.28));
#3816=CARTESIAN_POINT('',(0.032,-0.032,-0.28));
#3817=CARTESIAN_POINT('',(0.032,0.,-0.28));
#3818=CARTESIAN_POINT('',(-0.032,-0.032,-0.28));
#3819=CARTESIAN_POINT('',(0.,-0.032,-0.28));
#3820=CARTESIAN_POINT('',(-0.032,0.032,-0.28));
#3821=CARTESIAN_POINT('',(-0.032,0.,-0.28));
#3822=CARTESIAN_POINT('',(0.,0.032,-0.28));
#3823=CARTESIAN_POINT('Origin',(0.,-0.032,0.285));
#3824=CARTESIAN_POINT('',(-0.032,-0.032,0.285));
#3825=CARTESIAN_POINT('',(0.032,-0.032,0.285));
#3826=CARTESIAN_POINT('Origin',(-0.032,0.,0.285));
#3827=CARTESIAN_POINT('',(-0.032,0.032,0.285));
#3828=CARTESIAN_POINT('Origin',(0.,0.032,0.285));
#3829=CARTESIAN_POINT('',(0.032,0.032,0.285));
#3830=CARTESIAN_POINT('Origin',(0.032,0.,0.285));
#3831=CARTESIAN_POINT('Origin',(0.,-0.254,0.85));
#3832=CARTESIAN_POINT('',(0.032,-0.286,0.85));
#3833=CARTESIAN_POINT('',(0.032,-0.222,0.85));
#3834=CARTESIAN_POINT('',(0.032,-0.254,0.85));
#3835=CARTESIAN_POINT('',(-0.032,-0.222,0.85));
#3836=CARTESIAN_POINT('',(0.,-0.222,0.85));
#3837=CARTESIAN_POINT('',(-0.032,-0.286,0.85));
#3838=CARTESIAN_POINT('',(-0.032,-0.254,0.85));
#3839=CARTESIAN_POINT('',(0.,-0.286,0.85));
#3840=CARTESIAN_POINT('Origin',(0.,-0.254,-0.28));
#3841=CARTESIAN_POINT('',(0.032,-0.222,-0.28));
#3842=CARTESIAN_POINT('',(0.032,-0.286,-0.28));
#3843=CARTESIAN_POINT('',(0.032,-0.254,-0.28));
#3844=CARTESIAN_POINT('',(-0.032,-0.286,-0.28));
#3845=CARTESIAN_POINT('',(0.,-0.286,-0.28));
#3846=CARTESIAN_POINT('',(-0.032,-0.222,-0.28));
#3847=CARTESIAN_POINT('',(-0.032,-0.254,-0.28));
#3848=CARTESIAN_POINT('',(0.,-0.222,-0.28));
#3849=CARTESIAN_POINT('Origin',(0.,-0.286,0.285));
#3850=CARTESIAN_POINT('',(-0.032,-0.286,0.285));
#3851=CARTESIAN_POINT('',(0.032,-0.286,0.285));
#3852=CARTESIAN_POINT('Origin',(-0.032,-0.254,0.285));
#3853=CARTESIAN_POINT('',(-0.032,-0.222,0.285));
#3854=CARTESIAN_POINT('Origin',(0.,-0.222,0.285));
#3855=CARTESIAN_POINT('',(0.032,-0.222,0.285));
#3856=CARTESIAN_POINT('Origin',(0.032,-0.254,0.285));
#3857=CARTESIAN_POINT('Origin',(0.,-0.508,0.85));
#3858=CARTESIAN_POINT('',(0.032,-0.54,0.85));
#3859=CARTESIAN_POINT('',(0.032,-0.476,0.85));
#3860=CARTESIAN_POINT('',(0.032,-0.508,0.85));
#3861=CARTESIAN_POINT('',(-0.032,-0.476,0.85));
#3862=CARTESIAN_POINT('',(0.,-0.476,0.85));
#3863=CARTESIAN_POINT('',(-0.032,-0.54,0.85));
#3864=CARTESIAN_POINT('',(-0.032,-0.508,0.85));
#3865=CARTESIAN_POINT('',(0.,-0.54,0.85));
#3866=CARTESIAN_POINT('Origin',(0.,-0.508,-0.28));
#3867=CARTESIAN_POINT('',(0.032,-0.476,-0.28));
#3868=CARTESIAN_POINT('',(0.032,-0.54,-0.28));
#3869=CARTESIAN_POINT('',(0.032,-0.508,-0.28));
#3870=CARTESIAN_POINT('',(-0.032,-0.54,-0.28));
#3871=CARTESIAN_POINT('',(0.,-0.54,-0.28));
#3872=CARTESIAN_POINT('',(-0.032,-0.476,-0.28));
#3873=CARTESIAN_POINT('',(-0.032,-0.508,-0.28));
#3874=CARTESIAN_POINT('',(0.,-0.476,-0.28));
#3875=CARTESIAN_POINT('Origin',(0.,-0.54,0.285));
#3876=CARTESIAN_POINT('',(-0.032,-0.54,0.285));
#3877=CARTESIAN_POINT('',(0.032,-0.54,0.285));
#3878=CARTESIAN_POINT('Origin',(-0.032,-0.508,0.285));
#3879=CARTESIAN_POINT('',(-0.032,-0.476,0.285));
#3880=CARTESIAN_POINT('Origin',(0.,-0.476,0.285));
#3881=CARTESIAN_POINT('',(0.032,-0.476,0.285));
#3882=CARTESIAN_POINT('Origin',(0.032,-0.508,0.285));
#3883=CARTESIAN_POINT('Origin',(0.,-0.762,0.85));
#3884=CARTESIAN_POINT('',(0.032,-0.794,0.85));
#3885=CARTESIAN_POINT('',(0.032,-0.73,0.85));
#3886=CARTESIAN_POINT('',(0.032,-0.762,0.85));
#3887=CARTESIAN_POINT('',(-0.032,-0.73,0.85));
#3888=CARTESIAN_POINT('',(0.,-0.73,0.85));
#3889=CARTESIAN_POINT('',(-0.032,-0.794,0.85));
#3890=CARTESIAN_POINT('',(-0.032,-0.762,0.85));
#3891=CARTESIAN_POINT('',(0.,-0.794,0.85));
#3892=CARTESIAN_POINT('Origin',(0.,-0.762,-0.28));
#3893=CARTESIAN_POINT('',(0.032,-0.73,-0.28));
#3894=CARTESIAN_POINT('',(0.032,-0.794,-0.28));
#3895=CARTESIAN_POINT('',(0.032,-0.762,-0.28));
#3896=CARTESIAN_POINT('',(-0.032,-0.794,-0.28));
#3897=CARTESIAN_POINT('',(0.,-0.794,-0.28));
#3898=CARTESIAN_POINT('',(-0.032,-0.73,-0.28));
#3899=CARTESIAN_POINT('',(-0.032,-0.762,-0.28));
#3900=CARTESIAN_POINT('',(0.,-0.73,-0.28));
#3901=CARTESIAN_POINT('Origin',(0.,-0.794,0.285));
#3902=CARTESIAN_POINT('',(-0.032,-0.794,0.285));
#3903=CARTESIAN_POINT('',(0.032,-0.794,0.285));
#3904=CARTESIAN_POINT('Origin',(-0.032,-0.762,0.285));
#3905=CARTESIAN_POINT('',(-0.032,-0.73,0.285));
#3906=CARTESIAN_POINT('Origin',(0.,-0.73,0.285));
#3907=CARTESIAN_POINT('',(0.032,-0.73,0.285));
#3908=CARTESIAN_POINT('Origin',(0.032,-0.762,0.285));
#3909=CARTESIAN_POINT('Origin',(0.,-1.016,0.85));
#3910=CARTESIAN_POINT('',(0.032,-1.048,0.85));
#3911=CARTESIAN_POINT('',(0.032,-0.984,0.85));
#3912=CARTESIAN_POINT('',(0.032,-1.016,0.85));
#3913=CARTESIAN_POINT('',(-0.032,-0.984,0.85));
#3914=CARTESIAN_POINT('',(0.,-0.984,0.85));
#3915=CARTESIAN_POINT('',(-0.032,-1.048,0.85));
#3916=CARTESIAN_POINT('',(-0.032,-1.016,0.85));
#3917=CARTESIAN_POINT('',(0.,-1.048,0.85));
#3918=CARTESIAN_POINT('Origin',(0.,-1.016,-0.28));
#3919=CARTESIAN_POINT('',(0.032,-0.984,-0.28));
#3920=CARTESIAN_POINT('',(0.032,-1.048,-0.28));
#3921=CARTESIAN_POINT('',(0.032,-1.016,-0.28));
#3922=CARTESIAN_POINT('',(-0.032,-1.048,-0.28));
#3923=CARTESIAN_POINT('',(0.,-1.048,-0.28));
#3924=CARTESIAN_POINT('',(-0.032,-0.984,-0.28));
#3925=CARTESIAN_POINT('',(-0.032,-1.016,-0.28));
#3926=CARTESIAN_POINT('',(0.,-0.984,-0.28));
#3927=CARTESIAN_POINT('Origin',(0.,-1.048,0.285));
#3928=CARTESIAN_POINT('',(-0.032,-1.048,0.285));
#3929=CARTESIAN_POINT('',(0.032,-1.048,0.285));
#3930=CARTESIAN_POINT('Origin',(-0.032,-1.016,0.285));
#3931=CARTESIAN_POINT('',(-0.032,-0.984,0.285));
#3932=CARTESIAN_POINT('Origin',(0.,-0.984,0.285));
#3933=CARTESIAN_POINT('',(0.032,-0.984,0.285));
#3934=CARTESIAN_POINT('Origin',(0.032,-1.016,0.285));
#3935=CARTESIAN_POINT('Origin',(0.,-1.27,0.85));
#3936=CARTESIAN_POINT('',(0.032,-1.302,0.85));
#3937=CARTESIAN_POINT('',(0.032,-1.238,0.85));
#3938=CARTESIAN_POINT('',(0.032,-1.27,0.85));
#3939=CARTESIAN_POINT('',(-0.032,-1.238,0.85));
#3940=CARTESIAN_POINT('',(0.,-1.238,0.85));
#3941=CARTESIAN_POINT('',(-0.032,-1.302,0.85));
#3942=CARTESIAN_POINT('',(-0.032,-1.27,0.85));
#3943=CARTESIAN_POINT('',(0.,-1.302,0.85));
#3944=CARTESIAN_POINT('Origin',(0.,-1.27,-0.28));
#3945=CARTESIAN_POINT('',(0.032,-1.238,-0.28));
#3946=CARTESIAN_POINT('',(0.032,-1.302,-0.28));
#3947=CARTESIAN_POINT('',(0.032,-1.27,-0.28));
#3948=CARTESIAN_POINT('',(-0.032,-1.302,-0.28));
#3949=CARTESIAN_POINT('',(0.,-1.302,-0.28));
#3950=CARTESIAN_POINT('',(-0.032,-1.238,-0.28));
#3951=CARTESIAN_POINT('',(-0.032,-1.27,-0.28));
#3952=CARTESIAN_POINT('',(0.,-1.238,-0.28));
#3953=CARTESIAN_POINT('Origin',(0.,-1.302,0.285));
#3954=CARTESIAN_POINT('',(-0.032,-1.302,0.285));
#3955=CARTESIAN_POINT('',(0.032,-1.302,0.285));
#3956=CARTESIAN_POINT('Origin',(-0.032,-1.27,0.285));
#3957=CARTESIAN_POINT('',(-0.032,-1.238,0.285));
#3958=CARTESIAN_POINT('Origin',(0.,-1.238,0.285));
#3959=CARTESIAN_POINT('',(0.032,-1.238,0.285));
#3960=CARTESIAN_POINT('Origin',(0.032,-1.27,0.285));
#3961=CARTESIAN_POINT('Origin',(0.,-1.524,0.85));
#3962=CARTESIAN_POINT('',(0.032,-1.556,0.85));
#3963=CARTESIAN_POINT('',(0.032,-1.492,0.85));
#3964=CARTESIAN_POINT('',(0.032,-1.524,0.85));
#3965=CARTESIAN_POINT('',(-0.032,-1.492,0.85));
#3966=CARTESIAN_POINT('',(0.,-1.492,0.85));
#3967=CARTESIAN_POINT('',(-0.032,-1.556,0.85));
#3968=CARTESIAN_POINT('',(-0.032,-1.524,0.85));
#3969=CARTESIAN_POINT('',(0.,-1.556,0.85));
#3970=CARTESIAN_POINT('Origin',(0.,-1.524,-0.28));
#3971=CARTESIAN_POINT('',(0.032,-1.492,-0.28));
#3972=CARTESIAN_POINT('',(0.032,-1.556,-0.28));
#3973=CARTESIAN_POINT('',(0.032,-1.524,-0.28));
#3974=CARTESIAN_POINT('',(-0.032,-1.556,-0.28));
#3975=CARTESIAN_POINT('',(0.,-1.556,-0.28));
#3976=CARTESIAN_POINT('',(-0.032,-1.492,-0.28));
#3977=CARTESIAN_POINT('',(-0.032,-1.524,-0.28));
#3978=CARTESIAN_POINT('',(0.,-1.492,-0.28));
#3979=CARTESIAN_POINT('Origin',(0.,-1.556,0.285));
#3980=CARTESIAN_POINT('',(-0.032,-1.556,0.285));
#3981=CARTESIAN_POINT('',(0.032,-1.556,0.285));
#3982=CARTESIAN_POINT('Origin',(-0.032,-1.524,0.285));
#3983=CARTESIAN_POINT('',(-0.032,-1.492,0.285));
#3984=CARTESIAN_POINT('Origin',(0.,-1.492,0.285));
#3985=CARTESIAN_POINT('',(0.032,-1.492,0.285));
#3986=CARTESIAN_POINT('Origin',(0.032,-1.524,0.285));
#3987=CARTESIAN_POINT('Origin',(0.,-1.778,0.85));
#3988=CARTESIAN_POINT('',(0.032,-1.81,0.85));
#3989=CARTESIAN_POINT('',(0.032,-1.746,0.85));
#3990=CARTESIAN_POINT('',(0.032,-1.778,0.85));
#3991=CARTESIAN_POINT('',(-0.032,-1.746,0.85));
#3992=CARTESIAN_POINT('',(0.,-1.746,0.85));
#3993=CARTESIAN_POINT('',(-0.032,-1.81,0.85));
#3994=CARTESIAN_POINT('',(-0.032,-1.778,0.85));
#3995=CARTESIAN_POINT('',(0.,-1.81,0.85));
#3996=CARTESIAN_POINT('Origin',(0.,-1.778,-0.28));
#3997=CARTESIAN_POINT('',(0.032,-1.746,-0.28));
#3998=CARTESIAN_POINT('',(0.032,-1.81,-0.28));
#3999=CARTESIAN_POINT('',(0.032,-1.778,-0.28));
#4000=CARTESIAN_POINT('',(-0.032,-1.81,-0.28));
#4001=CARTESIAN_POINT('',(0.,-1.81,-0.28));
#4002=CARTESIAN_POINT('',(-0.032,-1.746,-0.28));
#4003=CARTESIAN_POINT('',(-0.032,-1.778,-0.28));
#4004=CARTESIAN_POINT('',(0.,-1.746,-0.28));
#4005=CARTESIAN_POINT('Origin',(0.,-1.81,0.285));
#4006=CARTESIAN_POINT('',(-0.032,-1.81,0.285));
#4007=CARTESIAN_POINT('',(0.032,-1.81,0.285));
#4008=CARTESIAN_POINT('Origin',(-0.032,-1.778,0.285));
#4009=CARTESIAN_POINT('',(-0.032,-1.746,0.285));
#4010=CARTESIAN_POINT('Origin',(0.,-1.746,0.285));
#4011=CARTESIAN_POINT('',(0.032,-1.746,0.285));
#4012=CARTESIAN_POINT('Origin',(0.032,-1.778,0.285));
#4013=CARTESIAN_POINT('Origin',(0.,-2.032,0.85));
#4014=CARTESIAN_POINT('',(0.032,-2.064,0.85));
#4015=CARTESIAN_POINT('',(0.032,-2.,0.85));
#4016=CARTESIAN_POINT('',(0.032,-2.032,0.85));
#4017=CARTESIAN_POINT('',(-0.032,-2.,0.85));
#4018=CARTESIAN_POINT('',(0.,-2.,0.85));
#4019=CARTESIAN_POINT('',(-0.032,-2.064,0.85));
#4020=CARTESIAN_POINT('',(-0.032,-2.032,0.85));
#4021=CARTESIAN_POINT('',(0.,-2.064,0.85));
#4022=CARTESIAN_POINT('Origin',(0.,-2.032,-0.28));
#4023=CARTESIAN_POINT('',(0.032,-2.,-0.28));
#4024=CARTESIAN_POINT('',(0.032,-2.064,-0.28));
#4025=CARTESIAN_POINT('',(0.032,-2.032,-0.28));
#4026=CARTESIAN_POINT('',(-0.032,-2.064,-0.28));
#4027=CARTESIAN_POINT('',(0.,-2.064,-0.28));
#4028=CARTESIAN_POINT('',(-0.032,-2.,-0.28));
#4029=CARTESIAN_POINT('',(-0.032,-2.032,-0.28));
#4030=CARTESIAN_POINT('',(0.,-2.,-0.28));
#4031=CARTESIAN_POINT('Origin',(0.,-2.064,0.285));
#4032=CARTESIAN_POINT('',(-0.032,-2.064,0.285));
#4033=CARTESIAN_POINT('',(0.032,-2.064,0.285));
#4034=CARTESIAN_POINT('Origin',(-0.032,-2.032,0.285));
#4035=CARTESIAN_POINT('',(-0.032,-2.,0.285));
#4036=CARTESIAN_POINT('Origin',(0.,-2.,0.285));
#4037=CARTESIAN_POINT('',(0.032,-2.,0.285));
#4038=CARTESIAN_POINT('Origin',(0.032,-2.032,0.285));
#4039=CARTESIAN_POINT('Origin',(0.,-2.286,0.85));
#4040=CARTESIAN_POINT('',(0.032,-2.318,0.85));
#4041=CARTESIAN_POINT('',(0.032,-2.254,0.85));
#4042=CARTESIAN_POINT('',(0.032,-2.286,0.85));
#4043=CARTESIAN_POINT('',(-0.032,-2.254,0.85));
#4044=CARTESIAN_POINT('',(0.,-2.254,0.85));
#4045=CARTESIAN_POINT('',(-0.032,-2.318,0.85));
#4046=CARTESIAN_POINT('',(-0.032,-2.286,0.85));
#4047=CARTESIAN_POINT('',(0.,-2.318,0.85));
#4048=CARTESIAN_POINT('Origin',(0.,-2.286,-0.28));
#4049=CARTESIAN_POINT('',(0.032,-2.254,-0.28));
#4050=CARTESIAN_POINT('',(0.032,-2.318,-0.28));
#4051=CARTESIAN_POINT('',(0.032,-2.286,-0.28));
#4052=CARTESIAN_POINT('',(-0.032,-2.318,-0.28));
#4053=CARTESIAN_POINT('',(0.,-2.318,-0.28));
#4054=CARTESIAN_POINT('',(-0.032,-2.254,-0.28));
#4055=CARTESIAN_POINT('',(-0.032,-2.286,-0.28));
#4056=CARTESIAN_POINT('',(0.,-2.254,-0.28));
#4057=CARTESIAN_POINT('Origin',(0.,-2.318,0.285));
#4058=CARTESIAN_POINT('',(-0.032,-2.318,0.285));
#4059=CARTESIAN_POINT('',(0.032,-2.318,0.285));
#4060=CARTESIAN_POINT('Origin',(-0.032,-2.286,0.285));
#4061=CARTESIAN_POINT('',(-0.032,-2.254,0.285));
#4062=CARTESIAN_POINT('Origin',(0.,-2.254,0.285));
#4063=CARTESIAN_POINT('',(0.032,-2.254,0.285));
#4064=CARTESIAN_POINT('Origin',(0.032,-2.286,0.285));
#4065=CARTESIAN_POINT('Origin',(0.,-2.54,0.85));
#4066=CARTESIAN_POINT('',(0.032,-2.572,0.85));
#4067=CARTESIAN_POINT('',(0.032,-2.508,0.85));
#4068=CARTESIAN_POINT('',(0.032,-2.54,0.85));
#4069=CARTESIAN_POINT('',(-0.032,-2.508,0.85));
#4070=CARTESIAN_POINT('',(0.,-2.508,0.85));
#4071=CARTESIAN_POINT('',(-0.032,-2.572,0.85));
#4072=CARTESIAN_POINT('',(-0.032,-2.54,0.85));
#4073=CARTESIAN_POINT('',(0.,-2.572,0.85));
#4074=CARTESIAN_POINT('Origin',(0.,-2.54,-0.28));
#4075=CARTESIAN_POINT('',(0.032,-2.508,-0.28));
#4076=CARTESIAN_POINT('',(0.032,-2.572,-0.28));
#4077=CARTESIAN_POINT('',(0.032,-2.54,-0.28));
#4078=CARTESIAN_POINT('',(-0.032,-2.572,-0.28));
#4079=CARTESIAN_POINT('',(0.,-2.572,-0.28));
#4080=CARTESIAN_POINT('',(-0.032,-2.508,-0.28));
#4081=CARTESIAN_POINT('',(-0.032,-2.54,-0.28));
#4082=CARTESIAN_POINT('',(0.,-2.508,-0.28));
#4083=CARTESIAN_POINT('Origin',(0.,-2.572,0.285));
#4084=CARTESIAN_POINT('',(-0.032,-2.572,0.285));
#4085=CARTESIAN_POINT('',(0.032,-2.572,0.285));
#4086=CARTESIAN_POINT('Origin',(-0.032,-2.54,0.285));
#4087=CARTESIAN_POINT('',(-0.032,-2.508,0.285));
#4088=CARTESIAN_POINT('Origin',(0.,-2.508,0.285));
#4089=CARTESIAN_POINT('',(0.032,-2.508,0.285));
#4090=CARTESIAN_POINT('Origin',(0.032,-2.54,0.285));
#4091=CARTESIAN_POINT('Origin',(0.,-2.794,0.85));
#4092=CARTESIAN_POINT('',(0.032,-2.826,0.85));
#4093=CARTESIAN_POINT('',(0.032,-2.762,0.85));
#4094=CARTESIAN_POINT('',(0.032,-2.794,0.85));
#4095=CARTESIAN_POINT('',(-0.032,-2.762,0.85));
#4096=CARTESIAN_POINT('',(0.,-2.762,0.85));
#4097=CARTESIAN_POINT('',(-0.032,-2.826,0.85));
#4098=CARTESIAN_POINT('',(-0.032,-2.794,0.85));
#4099=CARTESIAN_POINT('',(0.,-2.826,0.85));
#4100=CARTESIAN_POINT('Origin',(0.,-2.794,-0.28));
#4101=CARTESIAN_POINT('',(0.032,-2.762,-0.28));
#4102=CARTESIAN_POINT('',(0.032,-2.826,-0.28));
#4103=CARTESIAN_POINT('',(0.032,-2.794,-0.28));
#4104=CARTESIAN_POINT('',(-0.032,-2.826,-0.28));
#4105=CARTESIAN_POINT('',(0.,-2.826,-0.28));
#4106=CARTESIAN_POINT('',(-0.032,-2.762,-0.28));
#4107=CARTESIAN_POINT('',(-0.032,-2.794,-0.28));
#4108=CARTESIAN_POINT('',(0.,-2.762,-0.28));
#4109=CARTESIAN_POINT('Origin',(0.,-2.826,0.285));
#4110=CARTESIAN_POINT('',(-0.032,-2.826,0.285));
#4111=CARTESIAN_POINT('',(0.032,-2.826,0.285));
#4112=CARTESIAN_POINT('Origin',(-0.032,-2.794,0.285));
#4113=CARTESIAN_POINT('',(-0.032,-2.762,0.285));
#4114=CARTESIAN_POINT('Origin',(0.,-2.762,0.285));
#4115=CARTESIAN_POINT('',(0.032,-2.762,0.285));
#4116=CARTESIAN_POINT('Origin',(0.032,-2.794,0.285));
#4117=CARTESIAN_POINT('Origin',(0.,-3.048,0.85));
#4118=CARTESIAN_POINT('',(0.032,-3.08,0.85));
#4119=CARTESIAN_POINT('',(0.032,-3.016,0.85));
#4120=CARTESIAN_POINT('',(0.032,-3.048,0.85));
#4121=CARTESIAN_POINT('',(-0.032,-3.016,0.85));
#4122=CARTESIAN_POINT('',(0.,-3.016,0.85));
#4123=CARTESIAN_POINT('',(-0.032,-3.08,0.85));
#4124=CARTESIAN_POINT('',(-0.032,-3.048,0.85));
#4125=CARTESIAN_POINT('',(0.,-3.08,0.85));
#4126=CARTESIAN_POINT('Origin',(0.,-3.048,-0.28));
#4127=CARTESIAN_POINT('',(0.032,-3.016,-0.28));
#4128=CARTESIAN_POINT('',(0.032,-3.08,-0.28));
#4129=CARTESIAN_POINT('',(0.032,-3.048,-0.28));
#4130=CARTESIAN_POINT('',(-0.032,-3.08,-0.28));
#4131=CARTESIAN_POINT('',(0.,-3.08,-0.28));
#4132=CARTESIAN_POINT('',(-0.032,-3.016,-0.28));
#4133=CARTESIAN_POINT('',(-0.032,-3.048,-0.28));
#4134=CARTESIAN_POINT('',(0.,-3.016,-0.28));
#4135=CARTESIAN_POINT('Origin',(0.,-3.08,0.285));
#4136=CARTESIAN_POINT('',(-0.032,-3.08,0.285));
#4137=CARTESIAN_POINT('',(0.032,-3.08,0.285));
#4138=CARTESIAN_POINT('Origin',(-0.032,-3.048,0.285));
#4139=CARTESIAN_POINT('',(-0.032,-3.016,0.285));
#4140=CARTESIAN_POINT('Origin',(0.,-3.016,0.285));
#4141=CARTESIAN_POINT('',(0.032,-3.016,0.285));
#4142=CARTESIAN_POINT('Origin',(0.032,-3.048,0.285));
#4143=CARTESIAN_POINT('Origin',(0.,-3.302,0.85));
#4144=CARTESIAN_POINT('',(0.032,-3.334,0.85));
#4145=CARTESIAN_POINT('',(0.032,-3.27,0.85));
#4146=CARTESIAN_POINT('',(0.032,-3.302,0.85));
#4147=CARTESIAN_POINT('',(-0.032,-3.27,0.85));
#4148=CARTESIAN_POINT('',(0.,-3.27,0.85));
#4149=CARTESIAN_POINT('',(-0.032,-3.334,0.85));
#4150=CARTESIAN_POINT('',(-0.032,-3.302,0.85));
#4151=CARTESIAN_POINT('',(0.,-3.334,0.85));
#4152=CARTESIAN_POINT('Origin',(0.,-3.302,-0.28));
#4153=CARTESIAN_POINT('',(0.032,-3.27,-0.28));
#4154=CARTESIAN_POINT('',(0.032,-3.334,-0.28));
#4155=CARTESIAN_POINT('',(0.032,-3.302,-0.28));
#4156=CARTESIAN_POINT('',(-0.032,-3.334,-0.28));
#4157=CARTESIAN_POINT('',(0.,-3.334,-0.28));
#4158=CARTESIAN_POINT('',(-0.032,-3.27,-0.28));
#4159=CARTESIAN_POINT('',(-0.032,-3.302,-0.28));
#4160=CARTESIAN_POINT('',(0.,-3.27,-0.28));
#4161=CARTESIAN_POINT('Origin',(0.,-3.334,0.285));
#4162=CARTESIAN_POINT('',(-0.032,-3.334,0.285));
#4163=CARTESIAN_POINT('',(0.032,-3.334,0.285));
#4164=CARTESIAN_POINT('Origin',(-0.032,-3.302,0.285));
#4165=CARTESIAN_POINT('',(-0.032,-3.27,0.285));
#4166=CARTESIAN_POINT('Origin',(0.,-3.27,0.285));
#4167=CARTESIAN_POINT('',(0.032,-3.27,0.285));
#4168=CARTESIAN_POINT('Origin',(0.032,-3.302,0.285));
#4169=CARTESIAN_POINT('Origin',(0.,-3.556,0.85));
#4170=CARTESIAN_POINT('',(0.032,-3.588,0.85));
#4171=CARTESIAN_POINT('',(0.032,-3.524,0.85));
#4172=CARTESIAN_POINT('',(0.032,-3.556,0.85));
#4173=CARTESIAN_POINT('',(-0.032,-3.524,0.85));
#4174=CARTESIAN_POINT('',(0.,-3.524,0.85));
#4175=CARTESIAN_POINT('',(-0.032,-3.588,0.85));
#4176=CARTESIAN_POINT('',(-0.032,-3.556,0.85));
#4177=CARTESIAN_POINT('',(0.,-3.588,0.85));
#4178=CARTESIAN_POINT('Origin',(0.,-3.556,-0.28));
#4179=CARTESIAN_POINT('',(0.032,-3.524,-0.28));
#4180=CARTESIAN_POINT('',(0.032,-3.588,-0.28));
#4181=CARTESIAN_POINT('',(0.032,-3.556,-0.28));
#4182=CARTESIAN_POINT('',(-0.032,-3.588,-0.28));
#4183=CARTESIAN_POINT('',(0.,-3.588,-0.28));
#4184=CARTESIAN_POINT('',(-0.032,-3.524,-0.28));
#4185=CARTESIAN_POINT('',(-0.032,-3.556,-0.28));
#4186=CARTESIAN_POINT('',(0.,-3.524,-0.28));
#4187=CARTESIAN_POINT('Origin',(0.,-3.588,0.285));
#4188=CARTESIAN_POINT('',(-0.032,-3.588,0.285));
#4189=CARTESIAN_POINT('',(0.032,-3.588,0.285));
#4190=CARTESIAN_POINT('Origin',(-0.032,-3.556,0.285));
#4191=CARTESIAN_POINT('',(-0.032,-3.524,0.285));
#4192=CARTESIAN_POINT('Origin',(0.,-3.524,0.285));
#4193=CARTESIAN_POINT('',(0.032,-3.524,0.285));
#4194=CARTESIAN_POINT('Origin',(0.032,-3.556,0.285));
#4195=CARTESIAN_POINT('Origin',(0.,-3.81,0.85));
#4196=CARTESIAN_POINT('',(0.032,-3.842,0.85));
#4197=CARTESIAN_POINT('',(0.032,-3.778,0.85));
#4198=CARTESIAN_POINT('',(0.032,-3.81,0.85));
#4199=CARTESIAN_POINT('',(-0.032,-3.778,0.85));
#4200=CARTESIAN_POINT('',(0.,-3.778,0.85));
#4201=CARTESIAN_POINT('',(-0.032,-3.842,0.85));
#4202=CARTESIAN_POINT('',(-0.032,-3.81,0.85));
#4203=CARTESIAN_POINT('',(0.,-3.842,0.85));
#4204=CARTESIAN_POINT('Origin',(0.,-3.81,-0.28));
#4205=CARTESIAN_POINT('',(0.032,-3.778,-0.28));
#4206=CARTESIAN_POINT('',(0.032,-3.842,-0.28));
#4207=CARTESIAN_POINT('',(0.032,-3.81,-0.28));
#4208=CARTESIAN_POINT('',(-0.032,-3.842,-0.28));
#4209=CARTESIAN_POINT('',(0.,-3.842,-0.28));
#4210=CARTESIAN_POINT('',(-0.032,-3.778,-0.28));
#4211=CARTESIAN_POINT('',(-0.032,-3.81,-0.28));
#4212=CARTESIAN_POINT('',(0.,-3.778,-0.28));
#4213=CARTESIAN_POINT('Origin',(0.,-3.842,0.285));
#4214=CARTESIAN_POINT('',(-0.032,-3.842,0.285));
#4215=CARTESIAN_POINT('',(0.032,-3.842,0.285));
#4216=CARTESIAN_POINT('Origin',(-0.032,-3.81,0.285));
#4217=CARTESIAN_POINT('',(-0.032,-3.778,0.285));
#4218=CARTESIAN_POINT('Origin',(0.,-3.778,0.285));
#4219=CARTESIAN_POINT('',(0.032,-3.778,0.285));
#4220=CARTESIAN_POINT('Origin',(0.032,-3.81,0.285));
#4221=CARTESIAN_POINT('Origin',(0.,-4.064,0.85));
#4222=CARTESIAN_POINT('',(0.032,-4.096,0.85));
#4223=CARTESIAN_POINT('',(0.032,-4.032,0.85));
#4224=CARTESIAN_POINT('',(0.032,-4.064,0.85));
#4225=CARTESIAN_POINT('',(-0.032,-4.032,0.85));
#4226=CARTESIAN_POINT('',(0.,-4.032,0.85));
#4227=CARTESIAN_POINT('',(-0.032,-4.096,0.85));
#4228=CARTESIAN_POINT('',(-0.032,-4.064,0.85));
#4229=CARTESIAN_POINT('',(0.,-4.096,0.85));
#4230=CARTESIAN_POINT('Origin',(0.,-4.064,-0.28));
#4231=CARTESIAN_POINT('',(0.032,-4.032,-0.28));
#4232=CARTESIAN_POINT('',(0.032,-4.096,-0.28));
#4233=CARTESIAN_POINT('',(0.032,-4.064,-0.28));
#4234=CARTESIAN_POINT('',(-0.032,-4.096,-0.28));
#4235=CARTESIAN_POINT('',(0.,-4.096,-0.28));
#4236=CARTESIAN_POINT('',(-0.032,-4.032,-0.28));
#4237=CARTESIAN_POINT('',(-0.032,-4.064,-0.28));
#4238=CARTESIAN_POINT('',(0.,-4.032,-0.28));
#4239=CARTESIAN_POINT('Origin',(0.,-4.096,0.285));
#4240=CARTESIAN_POINT('',(-0.032,-4.096,0.285));
#4241=CARTESIAN_POINT('',(0.032,-4.096,0.285));
#4242=CARTESIAN_POINT('Origin',(-0.032,-4.064,0.285));
#4243=CARTESIAN_POINT('',(-0.032,-4.032,0.285));
#4244=CARTESIAN_POINT('Origin',(0.,-4.032,0.285));
#4245=CARTESIAN_POINT('',(0.032,-4.032,0.285));
#4246=CARTESIAN_POINT('Origin',(0.032,-4.064,0.285));
#4247=CARTESIAN_POINT('Origin',(0.,-4.318,0.85));
#4248=CARTESIAN_POINT('',(0.032,-4.35,0.85));
#4249=CARTESIAN_POINT('',(0.032,-4.286,0.85));
#4250=CARTESIAN_POINT('',(0.032,-4.318,0.85));
#4251=CARTESIAN_POINT('',(-0.032,-4.286,0.85));
#4252=CARTESIAN_POINT('',(0.,-4.286,0.85));
#4253=CARTESIAN_POINT('',(-0.032,-4.35,0.85));
#4254=CARTESIAN_POINT('',(-0.032,-4.318,0.85));
#4255=CARTESIAN_POINT('',(0.,-4.35,0.85));
#4256=CARTESIAN_POINT('Origin',(0.,-4.318,-0.28));
#4257=CARTESIAN_POINT('',(0.032,-4.286,-0.28));
#4258=CARTESIAN_POINT('',(0.032,-4.35,-0.28));
#4259=CARTESIAN_POINT('',(0.032,-4.318,-0.28));
#4260=CARTESIAN_POINT('',(-0.032,-4.35,-0.28));
#4261=CARTESIAN_POINT('',(0.,-4.35,-0.28));
#4262=CARTESIAN_POINT('',(-0.032,-4.286,-0.28));
#4263=CARTESIAN_POINT('',(-0.032,-4.318,-0.28));
#4264=CARTESIAN_POINT('',(0.,-4.286,-0.28));
#4265=CARTESIAN_POINT('Origin',(0.,-4.35,0.285));
#4266=CARTESIAN_POINT('',(-0.032,-4.35,0.285));
#4267=CARTESIAN_POINT('',(0.032,-4.35,0.285));
#4268=CARTESIAN_POINT('Origin',(-0.032,-4.318,0.285));
#4269=CARTESIAN_POINT('',(-0.032,-4.286,0.285));
#4270=CARTESIAN_POINT('Origin',(0.,-4.286,0.285));
#4271=CARTESIAN_POINT('',(0.032,-4.286,0.285));
#4272=CARTESIAN_POINT('Origin',(0.032,-4.318,0.285));
#4273=CARTESIAN_POINT('Origin',(0.,-4.572,0.85));
#4274=CARTESIAN_POINT('',(0.032,-4.604,0.85));
#4275=CARTESIAN_POINT('',(0.032,-4.54,0.85));
#4276=CARTESIAN_POINT('',(0.032,-4.572,0.85));
#4277=CARTESIAN_POINT('',(-0.032,-4.54,0.85));
#4278=CARTESIAN_POINT('',(0.,-4.54,0.85));
#4279=CARTESIAN_POINT('',(-0.032,-4.604,0.85));
#4280=CARTESIAN_POINT('',(-0.032,-4.572,0.85));
#4281=CARTESIAN_POINT('',(0.,-4.604,0.85));
#4282=CARTESIAN_POINT('Origin',(0.,-4.572,-0.28));
#4283=CARTESIAN_POINT('',(0.032,-4.54,-0.28));
#4284=CARTESIAN_POINT('',(0.032,-4.604,-0.28));
#4285=CARTESIAN_POINT('',(0.032,-4.572,-0.28));
#4286=CARTESIAN_POINT('',(-0.032,-4.604,-0.28));
#4287=CARTESIAN_POINT('',(0.,-4.604,-0.28));
#4288=CARTESIAN_POINT('',(-0.032,-4.54,-0.28));
#4289=CARTESIAN_POINT('',(-0.032,-4.572,-0.28));
#4290=CARTESIAN_POINT('',(0.,-4.54,-0.28));
#4291=CARTESIAN_POINT('Origin',(0.,-4.604,0.285));
#4292=CARTESIAN_POINT('',(-0.032,-4.604,0.285));
#4293=CARTESIAN_POINT('',(0.032,-4.604,0.285));
#4294=CARTESIAN_POINT('Origin',(-0.032,-4.572,0.285));
#4295=CARTESIAN_POINT('',(-0.032,-4.54,0.285));
#4296=CARTESIAN_POINT('Origin',(0.,-4.54,0.285));
#4297=CARTESIAN_POINT('',(0.032,-4.54,0.285));
#4298=CARTESIAN_POINT('Origin',(0.032,-4.572,0.285));
#4299=CARTESIAN_POINT('Origin',(0.,-4.826,0.85));
#4300=CARTESIAN_POINT('',(0.032,-4.858,0.85));
#4301=CARTESIAN_POINT('',(0.032,-4.794,0.85));
#4302=CARTESIAN_POINT('',(0.032,-4.826,0.85));
#4303=CARTESIAN_POINT('',(-0.032,-4.794,0.85));
#4304=CARTESIAN_POINT('',(0.,-4.794,0.85));
#4305=CARTESIAN_POINT('',(-0.032,-4.858,0.85));
#4306=CARTESIAN_POINT('',(-0.032,-4.826,0.85));
#4307=CARTESIAN_POINT('',(0.,-4.858,0.85));
#4308=CARTESIAN_POINT('Origin',(0.,-4.826,-0.28));
#4309=CARTESIAN_POINT('',(0.032,-4.794,-0.28));
#4310=CARTESIAN_POINT('',(0.032,-4.858,-0.28));
#4311=CARTESIAN_POINT('',(0.032,-4.826,-0.28));
#4312=CARTESIAN_POINT('',(-0.032,-4.858,-0.28));
#4313=CARTESIAN_POINT('',(0.,-4.858,-0.28));
#4314=CARTESIAN_POINT('',(-0.032,-4.794,-0.28));
#4315=CARTESIAN_POINT('',(-0.032,-4.826,-0.28));
#4316=CARTESIAN_POINT('',(0.,-4.794,-0.28));
#4317=CARTESIAN_POINT('Origin',(0.,-4.858,0.285));
#4318=CARTESIAN_POINT('',(-0.032,-4.858,0.285));
#4319=CARTESIAN_POINT('',(0.032,-4.858,0.285));
#4320=CARTESIAN_POINT('Origin',(-0.032,-4.826,0.285));
#4321=CARTESIAN_POINT('',(-0.032,-4.794,0.285));
#4322=CARTESIAN_POINT('Origin',(0.,-4.794,0.285));
#4323=CARTESIAN_POINT('',(0.032,-4.794,0.285));
#4324=CARTESIAN_POINT('Origin',(0.032,-4.826,0.285));
#4325=CARTESIAN_POINT('Origin',(0.,-5.08,0.85));
#4326=CARTESIAN_POINT('',(0.032,-5.112,0.85));
#4327=CARTESIAN_POINT('',(0.032,-5.048,0.85));
#4328=CARTESIAN_POINT('',(0.032,-5.08,0.85));
#4329=CARTESIAN_POINT('',(-0.032,-5.048,0.85));
#4330=CARTESIAN_POINT('',(0.,-5.048,0.85));
#4331=CARTESIAN_POINT('',(-0.032,-5.112,0.85));
#4332=CARTESIAN_POINT('',(-0.032,-5.08,0.85));
#4333=CARTESIAN_POINT('',(0.,-5.112,0.85));
#4334=CARTESIAN_POINT('Origin',(0.,-5.08,-0.28));
#4335=CARTESIAN_POINT('',(0.032,-5.048,-0.28));
#4336=CARTESIAN_POINT('',(0.032,-5.112,-0.28));
#4337=CARTESIAN_POINT('',(0.032,-5.08,-0.28));
#4338=CARTESIAN_POINT('',(-0.032,-5.112,-0.28));
#4339=CARTESIAN_POINT('',(0.,-5.112,-0.28));
#4340=CARTESIAN_POINT('',(-0.032,-5.048,-0.28));
#4341=CARTESIAN_POINT('',(-0.032,-5.08,-0.28));
#4342=CARTESIAN_POINT('',(0.,-5.048,-0.28));
#4343=CARTESIAN_POINT('Origin',(0.,-5.112,0.285));
#4344=CARTESIAN_POINT('',(-0.032,-5.112,0.285));
#4345=CARTESIAN_POINT('',(0.032,-5.112,0.285));
#4346=CARTESIAN_POINT('Origin',(-0.032,-5.08,0.285));
#4347=CARTESIAN_POINT('',(-0.032,-5.048,0.285));
#4348=CARTESIAN_POINT('Origin',(0.,-5.048,0.285));
#4349=CARTESIAN_POINT('',(0.032,-5.048,0.285));
#4350=CARTESIAN_POINT('Origin',(0.032,-5.08,0.285));
#4351=CARTESIAN_POINT('Origin',(0.,-5.334,0.85));
#4352=CARTESIAN_POINT('',(0.032,-5.366,0.85));
#4353=CARTESIAN_POINT('',(0.032,-5.302,0.85));
#4354=CARTESIAN_POINT('',(0.032,-5.334,0.85));
#4355=CARTESIAN_POINT('',(-0.032,-5.302,0.85));
#4356=CARTESIAN_POINT('',(0.,-5.302,0.85));
#4357=CARTESIAN_POINT('',(-0.032,-5.366,0.85));
#4358=CARTESIAN_POINT('',(-0.032,-5.334,0.85));
#4359=CARTESIAN_POINT('',(0.,-5.366,0.85));
#4360=CARTESIAN_POINT('Origin',(0.,-5.334,-0.28));
#4361=CARTESIAN_POINT('',(0.032,-5.302,-0.28));
#4362=CARTESIAN_POINT('',(0.032,-5.366,-0.28));
#4363=CARTESIAN_POINT('',(0.032,-5.334,-0.28));
#4364=CARTESIAN_POINT('',(-0.032,-5.366,-0.28));
#4365=CARTESIAN_POINT('',(0.,-5.366,-0.28));
#4366=CARTESIAN_POINT('',(-0.032,-5.302,-0.28));
#4367=CARTESIAN_POINT('',(-0.032,-5.334,-0.28));
#4368=CARTESIAN_POINT('',(0.,-5.302,-0.28));
#4369=CARTESIAN_POINT('Origin',(0.,-5.366,0.285));
#4370=CARTESIAN_POINT('',(-0.032,-5.366,0.285));
#4371=CARTESIAN_POINT('',(0.032,-5.366,0.285));
#4372=CARTESIAN_POINT('Origin',(-0.032,-5.334,0.285));
#4373=CARTESIAN_POINT('',(-0.032,-5.302,0.285));
#4374=CARTESIAN_POINT('Origin',(0.,-5.302,0.285));
#4375=CARTESIAN_POINT('',(0.032,-5.302,0.285));
#4376=CARTESIAN_POINT('Origin',(0.032,-5.334,0.285));
#4377=CARTESIAN_POINT('Origin',(0.,-5.588,0.85));
#4378=CARTESIAN_POINT('',(0.032,-5.62,0.85));
#4379=CARTESIAN_POINT('',(0.032,-5.556,0.85));
#4380=CARTESIAN_POINT('',(0.032,-5.588,0.85));
#4381=CARTESIAN_POINT('',(-0.032,-5.556,0.85));
#4382=CARTESIAN_POINT('',(0.,-5.556,0.85));
#4383=CARTESIAN_POINT('',(-0.032,-5.62,0.85));
#4384=CARTESIAN_POINT('',(-0.032,-5.588,0.85));
#4385=CARTESIAN_POINT('',(0.,-5.62,0.85));
#4386=CARTESIAN_POINT('Origin',(0.,-5.588,-0.28));
#4387=CARTESIAN_POINT('',(0.032,-5.556,-0.28));
#4388=CARTESIAN_POINT('',(0.032,-5.62,-0.28));
#4389=CARTESIAN_POINT('',(0.032,-5.588,-0.28));
#4390=CARTESIAN_POINT('',(-0.032,-5.62,-0.28));
#4391=CARTESIAN_POINT('',(0.,-5.62,-0.28));
#4392=CARTESIAN_POINT('',(-0.032,-5.556,-0.28));
#4393=CARTESIAN_POINT('',(-0.032,-5.588,-0.28));
#4394=CARTESIAN_POINT('',(0.,-5.556,-0.28));
#4395=CARTESIAN_POINT('Origin',(0.,-5.62,0.285));
#4396=CARTESIAN_POINT('',(-0.032,-5.62,0.285));
#4397=CARTESIAN_POINT('',(0.032,-5.62,0.285));
#4398=CARTESIAN_POINT('Origin',(-0.032,-5.588,0.285));
#4399=CARTESIAN_POINT('',(-0.032,-5.556,0.285));
#4400=CARTESIAN_POINT('Origin',(0.,-5.556,0.285));
#4401=CARTESIAN_POINT('',(0.032,-5.556,0.285));
#4402=CARTESIAN_POINT('Origin',(0.032,-5.588,0.285));
#4403=CARTESIAN_POINT('Origin',(0.,-5.842,0.85));
#4404=CARTESIAN_POINT('',(0.032,-5.874,0.85));
#4405=CARTESIAN_POINT('',(0.032,-5.81,0.85));
#4406=CARTESIAN_POINT('',(0.032,-5.842,0.85));
#4407=CARTESIAN_POINT('',(-0.032,-5.81,0.85));
#4408=CARTESIAN_POINT('',(0.,-5.81,0.85));
#4409=CARTESIAN_POINT('',(-0.032,-5.874,0.85));
#4410=CARTESIAN_POINT('',(-0.032,-5.842,0.85));
#4411=CARTESIAN_POINT('',(0.,-5.874,0.85));
#4412=CARTESIAN_POINT('Origin',(0.,-5.842,-0.28));
#4413=CARTESIAN_POINT('',(0.032,-5.81,-0.28));
#4414=CARTESIAN_POINT('',(0.032,-5.874,-0.28));
#4415=CARTESIAN_POINT('',(0.032,-5.842,-0.28));
#4416=CARTESIAN_POINT('',(-0.032,-5.874,-0.28));
#4417=CARTESIAN_POINT('',(0.,-5.874,-0.28));
#4418=CARTESIAN_POINT('',(-0.032,-5.81,-0.28));
#4419=CARTESIAN_POINT('',(-0.032,-5.842,-0.28));
#4420=CARTESIAN_POINT('',(0.,-5.81,-0.28));
#4421=CARTESIAN_POINT('Origin',(0.,-5.874,0.285));
#4422=CARTESIAN_POINT('',(-0.032,-5.874,0.285));
#4423=CARTESIAN_POINT('',(0.032,-5.874,0.285));
#4424=CARTESIAN_POINT('Origin',(-0.032,-5.842,0.285));
#4425=CARTESIAN_POINT('',(-0.032,-5.81,0.285));
#4426=CARTESIAN_POINT('Origin',(0.,-5.81,0.285));
#4427=CARTESIAN_POINT('',(0.032,-5.81,0.285));
#4428=CARTESIAN_POINT('Origin',(0.032,-5.842,0.285));
#4429=CARTESIAN_POINT('Origin',(0.,-6.096,0.85));
#4430=CARTESIAN_POINT('',(0.032,-6.128,0.85));
#4431=CARTESIAN_POINT('',(0.032,-6.064,0.85));
#4432=CARTESIAN_POINT('',(0.032,-6.096,0.85));
#4433=CARTESIAN_POINT('',(-0.032,-6.064,0.85));
#4434=CARTESIAN_POINT('',(0.,-6.064,0.85));
#4435=CARTESIAN_POINT('',(-0.032,-6.128,0.85));
#4436=CARTESIAN_POINT('',(-0.032,-6.096,0.85));
#4437=CARTESIAN_POINT('',(0.,-6.128,0.85));
#4438=CARTESIAN_POINT('Origin',(0.,-6.096,-0.28));
#4439=CARTESIAN_POINT('',(0.032,-6.064,-0.28));
#4440=CARTESIAN_POINT('',(0.032,-6.128,-0.28));
#4441=CARTESIAN_POINT('',(0.032,-6.096,-0.28));
#4442=CARTESIAN_POINT('',(-0.032,-6.128,-0.28));
#4443=CARTESIAN_POINT('',(0.,-6.128,-0.28));
#4444=CARTESIAN_POINT('',(-0.032,-6.064,-0.28));
#4445=CARTESIAN_POINT('',(-0.032,-6.096,-0.28));
#4446=CARTESIAN_POINT('',(0.,-6.064,-0.28));
#4447=CARTESIAN_POINT('Origin',(0.,-6.128,0.285));
#4448=CARTESIAN_POINT('',(-0.032,-6.128,0.285));
#4449=CARTESIAN_POINT('',(0.032,-6.128,0.285));
#4450=CARTESIAN_POINT('Origin',(-0.032,-6.096,0.285));
#4451=CARTESIAN_POINT('',(-0.032,-6.064,0.285));
#4452=CARTESIAN_POINT('Origin',(0.,-6.064,0.285));
#4453=CARTESIAN_POINT('',(0.032,-6.064,0.285));
#4454=CARTESIAN_POINT('Origin',(0.032,-6.096,0.285));
#4455=CARTESIAN_POINT('Origin',(0.,-6.35,0.85));
#4456=CARTESIAN_POINT('',(0.032,-6.382,0.85));
#4457=CARTESIAN_POINT('',(0.032,-6.318,0.85));
#4458=CARTESIAN_POINT('',(0.032,-6.35,0.85));
#4459=CARTESIAN_POINT('',(-0.032,-6.318,0.85));
#4460=CARTESIAN_POINT('',(0.,-6.318,0.85));
#4461=CARTESIAN_POINT('',(-0.032,-6.382,0.85));
#4462=CARTESIAN_POINT('',(-0.032,-6.35,0.85));
#4463=CARTESIAN_POINT('',(0.,-6.382,0.85));
#4464=CARTESIAN_POINT('Origin',(0.,-6.35,-0.28));
#4465=CARTESIAN_POINT('',(0.032,-6.318,-0.28));
#4466=CARTESIAN_POINT('',(0.032,-6.382,-0.28));
#4467=CARTESIAN_POINT('',(0.032,-6.35,-0.28));
#4468=CARTESIAN_POINT('',(-0.032,-6.382,-0.28));
#4469=CARTESIAN_POINT('',(0.,-6.382,-0.28));
#4470=CARTESIAN_POINT('',(-0.032,-6.318,-0.28));
#4471=CARTESIAN_POINT('',(-0.032,-6.35,-0.28));
#4472=CARTESIAN_POINT('',(0.,-6.318,-0.28));
#4473=CARTESIAN_POINT('Origin',(0.,-6.382,0.285));
#4474=CARTESIAN_POINT('',(-0.032,-6.382,0.285));
#4475=CARTESIAN_POINT('',(0.032,-6.382,0.285));
#4476=CARTESIAN_POINT('Origin',(-0.032,-6.35,0.285));
#4477=CARTESIAN_POINT('',(-0.032,-6.318,0.285));
#4478=CARTESIAN_POINT('Origin',(0.,-6.318,0.285));
#4479=CARTESIAN_POINT('',(0.032,-6.318,0.285));
#4480=CARTESIAN_POINT('Origin',(0.032,-6.35,0.285));
#4481=CARTESIAN_POINT('Origin',(0.,-6.604,0.85));
#4482=CARTESIAN_POINT('',(0.032,-6.636,0.85));
#4483=CARTESIAN_POINT('',(0.032,-6.572,0.85));
#4484=CARTESIAN_POINT('',(0.032,-6.604,0.85));
#4485=CARTESIAN_POINT('',(-0.032,-6.572,0.85));
#4486=CARTESIAN_POINT('',(0.,-6.572,0.85));
#4487=CARTESIAN_POINT('',(-0.032,-6.636,0.85));
#4488=CARTESIAN_POINT('',(-0.032,-6.604,0.85));
#4489=CARTESIAN_POINT('',(0.,-6.636,0.85));
#4490=CARTESIAN_POINT('Origin',(0.,-6.604,-0.28));
#4491=CARTESIAN_POINT('',(0.032,-6.572,-0.28));
#4492=CARTESIAN_POINT('',(0.032,-6.636,-0.28));
#4493=CARTESIAN_POINT('',(0.032,-6.604,-0.28));
#4494=CARTESIAN_POINT('',(-0.032,-6.636,-0.28));
#4495=CARTESIAN_POINT('',(0.,-6.636,-0.28));
#4496=CARTESIAN_POINT('',(-0.032,-6.572,-0.28));
#4497=CARTESIAN_POINT('',(-0.032,-6.604,-0.28));
#4498=CARTESIAN_POINT('',(0.,-6.572,-0.28));
#4499=CARTESIAN_POINT('Origin',(0.,-6.636,0.285));
#4500=CARTESIAN_POINT('',(-0.032,-6.636,0.285));
#4501=CARTESIAN_POINT('',(0.032,-6.636,0.285));
#4502=CARTESIAN_POINT('Origin',(-0.032,-6.604,0.285));
#4503=CARTESIAN_POINT('',(-0.032,-6.572,0.285));
#4504=CARTESIAN_POINT('Origin',(0.,-6.572,0.285));
#4505=CARTESIAN_POINT('',(0.032,-6.572,0.285));
#4506=CARTESIAN_POINT('Origin',(0.032,-6.604,0.285));
#4507=CARTESIAN_POINT('Origin',(0.,-6.858,0.85));
#4508=CARTESIAN_POINT('',(0.032,-6.89,0.85));
#4509=CARTESIAN_POINT('',(0.032,-6.826,0.85));
#4510=CARTESIAN_POINT('',(0.032,-6.858,0.85));
#4511=CARTESIAN_POINT('',(-0.032,-6.826,0.85));
#4512=CARTESIAN_POINT('',(0.,-6.826,0.85));
#4513=CARTESIAN_POINT('',(-0.032,-6.89,0.85));
#4514=CARTESIAN_POINT('',(-0.032,-6.858,0.85));
#4515=CARTESIAN_POINT('',(0.,-6.89,0.85));
#4516=CARTESIAN_POINT('Origin',(0.,-6.858,-0.28));
#4517=CARTESIAN_POINT('',(0.032,-6.826,-0.28));
#4518=CARTESIAN_POINT('',(0.032,-6.89,-0.28));
#4519=CARTESIAN_POINT('',(0.032,-6.858,-0.28));
#4520=CARTESIAN_POINT('',(-0.032,-6.89,-0.28));
#4521=CARTESIAN_POINT('',(0.,-6.89,-0.28));
#4522=CARTESIAN_POINT('',(-0.032,-6.826,-0.28));
#4523=CARTESIAN_POINT('',(-0.032,-6.858,-0.28));
#4524=CARTESIAN_POINT('',(0.,-6.826,-0.28));
#4525=CARTESIAN_POINT('Origin',(0.,-6.89,0.285));
#4526=CARTESIAN_POINT('',(-0.032,-6.89,0.285));
#4527=CARTESIAN_POINT('',(0.032,-6.89,0.285));
#4528=CARTESIAN_POINT('Origin',(-0.032,-6.858,0.285));
#4529=CARTESIAN_POINT('',(-0.032,-6.826,0.285));
#4530=CARTESIAN_POINT('Origin',(0.,-6.826,0.285));
#4531=CARTESIAN_POINT('',(0.032,-6.826,0.285));
#4532=CARTESIAN_POINT('Origin',(0.032,-6.858,0.285));
#4533=CARTESIAN_POINT('Origin',(0.,-7.112,0.85));
#4534=CARTESIAN_POINT('',(0.032,-7.144,0.85));
#4535=CARTESIAN_POINT('',(0.032,-7.08,0.85));
#4536=CARTESIAN_POINT('',(0.032,-7.112,0.85));
#4537=CARTESIAN_POINT('',(-0.032,-7.08,0.85));
#4538=CARTESIAN_POINT('',(0.,-7.08,0.85));
#4539=CARTESIAN_POINT('',(-0.032,-7.144,0.85));
#4540=CARTESIAN_POINT('',(-0.032,-7.112,0.85));
#4541=CARTESIAN_POINT('',(0.,-7.144,0.85));
#4542=CARTESIAN_POINT('Origin',(0.,-7.112,-0.28));
#4543=CARTESIAN_POINT('',(0.032,-7.08,-0.28));
#4544=CARTESIAN_POINT('',(0.032,-7.144,-0.28));
#4545=CARTESIAN_POINT('',(0.032,-7.112,-0.28));
#4546=CARTESIAN_POINT('',(-0.032,-7.144,-0.28));
#4547=CARTESIAN_POINT('',(0.,-7.144,-0.28));
#4548=CARTESIAN_POINT('',(-0.032,-7.08,-0.28));
#4549=CARTESIAN_POINT('',(-0.032,-7.112,-0.28));
#4550=CARTESIAN_POINT('',(0.,-7.08,-0.28));
#4551=CARTESIAN_POINT('Origin',(0.,-7.144,0.285));
#4552=CARTESIAN_POINT('',(-0.032,-7.144,0.285));
#4553=CARTESIAN_POINT('',(0.032,-7.144,0.285));
#4554=CARTESIAN_POINT('Origin',(-0.032,-7.112,0.285));
#4555=CARTESIAN_POINT('',(-0.032,-7.08,0.285));
#4556=CARTESIAN_POINT('Origin',(0.,-7.08,0.285));
#4557=CARTESIAN_POINT('',(0.032,-7.08,0.285));
#4558=CARTESIAN_POINT('Origin',(0.032,-7.112,0.285));
#4559=UNCERTAINTY_MEASURE_WITH_UNIT(LENGTH_MEASURE(0.001),#4563,
'DISTANCE_ACCURACY_VALUE',
'Maximum model space distance between geometric entities at asserted c
onnectivities');
#4560=UNCERTAINTY_MEASURE_WITH_UNIT(LENGTH_MEASURE(0.001),#4563,
'DISTANCE_ACCURACY_VALUE',
'Maximum model space distance between geometric entities at asserted c
onnectivities');
#4561=(
GEOMETRIC_REPRESENTATION_CONTEXT(3)
GLOBAL_UNCERTAINTY_ASSIGNED_CONTEXT((#4559))
GLOBAL_UNIT_ASSIGNED_CONTEXT((#4563,#4565,#4566))
REPRESENTATION_CONTEXT('','3D')
);
#4562=(
GEOMETRIC_REPRESENTATION_CONTEXT(3)
GLOBAL_UNCERTAINTY_ASSIGNED_CONTEXT((#4560))
GLOBAL_UNIT_ASSIGNED_CONTEXT((#4563,#4565,#4566))
REPRESENTATION_CONTEXT('','3D')
);
#4563=(
LENGTH_UNIT()
NAMED_UNIT(*)
SI_UNIT(.CENTI.,.METRE.)
);
#4564=(
LENGTH_UNIT()
NAMED_UNIT(*)
SI_UNIT($,.METRE.)
);
#4565=(
NAMED_UNIT(*)
PLANE_ANGLE_UNIT()
SI_UNIT($,.RADIAN.)
);
#4566=(
NAMED_UNIT(*)
SI_UNIT($,.STERADIAN.)
SOLID_ANGLE_UNIT()
);
#4567=SHAPE_DEFINITION_REPRESENTATION(#4568,#4569);
#4568=PRODUCT_DEFINITION_SHAPE('',$,#4571);
#4569=SHAPE_REPRESENTATION('',(#2875),#4561);
#4570=PRODUCT_DEFINITION_CONTEXT('part definition',#4575,'design');
#4571=PRODUCT_DEFINITION('2026-10-02-22-14-40-636','RevG_model_J1',#4572,
#4570);
#4572=PRODUCT_DEFINITION_FORMATION('',$,#4577);
#4573=PRODUCT_RELATED_PRODUCT_CATEGORY('RevG_model_J1','RevG_model_J1',
(#4577));
#4574=APPLICATION_PROTOCOL_DEFINITION('international standard',
'automotive_design',2009,#4575);
#4575=APPLICATION_CONTEXT(
'Core Data for Automotive Mechanical Design Process');
#4576=PRODUCT_CONTEXT('part definition',#4575,'mechanical');
#4577=PRODUCT('2026-10-02-22-14-40-636','RevG_model_J1',$,(#4576));
#4578=PRESENTATION_STYLE_ASSIGNMENT((#4581));
#4579=PRESENTATION_STYLE_ASSIGNMENT((#4582));
#4580=PRESENTATION_STYLE_ASSIGNMENT((#4583));
#4581=SURFACE_STYLE_USAGE(.BOTH.,#4584);
#4582=SURFACE_STYLE_USAGE(.BOTH.,#4585);
#4583=SURFACE_STYLE_USAGE(.BOTH.,#4586);
#4584=SURFACE_SIDE_STYLE('',(#4587));
#4585=SURFACE_SIDE_STYLE('',(#4588));
#4586=SURFACE_SIDE_STYLE('',(#4589));
#4587=SURFACE_STYLE_FILL_AREA(#4590);
#4588=SURFACE_STYLE_FILL_AREA(#4591);
#4589=SURFACE_STYLE_FILL_AREA(#4592);
#4590=FILL_AREA_STYLE('Steel - Satin',(#4593));
#4591=FILL_AREA_STYLE('Opaque(10,10,10)',(#4594));
#4592=FILL_AREA_STYLE('Opaque(228,180,12)',(#4595));
#4593=FILL_AREA_STYLE_COLOUR('Steel - Satin',#4596);
#4594=FILL_AREA_STYLE_COLOUR('Opaque(10,10,10)',#4597);
#4595=FILL_AREA_STYLE_COLOUR('Opaque(228,180,12)',#4598);
#4596=COLOUR_RGB('Steel - Satin',0.627450980392157,0.627450980392157,0.627450980392157);
#4597=COLOUR_RGB('Opaque(10,10,10)',0.0392156862745098,0.0392156862745098,
0.0392156862745098);
#4598=COLOUR_RGB('Opaque(228,180,12)',0.894117647058824,0.705882352941177,
0.0470588235294118);
ENDSEC;
END-ISO-10303-21;
