ISO-10303-21;
HEADER;
/* Generated by software containing ST-Developer
 * from STEP Tools, Inc. (www.steptools.com) 
 */

FILE_DESCRIPTION(
/* description */ (''),
/* implementation_level */ '2;1');

FILE_NAME(
/* name */ 'U1.step',
/* time_stamp */ '2026-10-02T22:14:16+08:00',
/* author */ (''),
/* organization */ (''),
/* preprocessor_version */ 'ST-DEVELOPER v20.2',
/* originating_system */ 'Autodesk Translation Framework v15.15.0.0',
/* authorisation */ '');

FILE_SCHEMA (('AUTOMOTIVE_DESIGN { 1 0 10303 214 3 1 1 }'));
ENDSEC;

DATA;
#10=MECHANICAL_DESIGN_GEOMETRIC_PRESENTATION_REPRESENTATION('',(#13,#14,
#15,#16,#17,#18,#19,#20,#21,#22,#23,#24,#25,#26,#27,#28,#29,#30,#31,#32,
#33,#34,#35,#36,#37,#38,#39,#40,#41,#42,#43,#44,#45,#46,#47,#48,#49,#50,
#51,#52,#53,#54,#55,#56,#57,#58,#59,#60,#61,#62,#63,#64,#65,#66,#67,#68),
#8488);
#11=SHAPE_REPRESENTATION_RELATIONSHIP('SRR','None',#8495,#12);
#12=ADVANCED_BREP_SHAPE_REPRESENTATION('',(#69,#70,#71,#72,#73,#74,#75,
#76,#77,#78,#79,#80,#81,#82,#83,#84,#85,#86,#87,#88,#89,#90,#91,#92,#93,
#94,#95,#96,#97,#98,#99,#100,#101,#102,#103,#104,#105,#106,#107,#108,#109,
#110,#111,#112,#113,#114,#115,#116,#117,#118,#119,#120,#121,#122,#123,#124),
#8487);
#13=STYLED_ITEM('',(#8505),#69);
#14=STYLED_ITEM('',(#8506),#70);
#15=STYLED_ITEM('',(#8505),#71);
#16=STYLED_ITEM('',(#8507),#72);
#17=STYLED_ITEM('',(#8507),#73);
#18=STYLED_ITEM('',(#8507),#74);
#19=STYLED_ITEM('',(#8507),#75);
#20=STYLED_ITEM('',(#8507),#76);
#21=STYLED_ITEM('',(#8506),#77);
#22=STYLED_ITEM('',(#8505),#78);
#23=STYLED_ITEM('',(#8506),#79);
#24=STYLED_ITEM('',(#8505),#80);
#25=STYLED_ITEM('',(#8506),#81);
#26=STYLED_ITEM('',(#8505),#82);
#27=STYLED_ITEM('',(#8505),#83);
#28=STYLED_ITEM('',(#8505),#84);
#29=STYLED_ITEM('',(#8505),#85);
#30=STYLED_ITEM('',(#8507),#86);
#31=STYLED_ITEM('',(#8507),#87);
#32=STYLED_ITEM('',(#8507),#88);
#33=STYLED_ITEM('',(#8507),#89);
#34=STYLED_ITEM('',(#8507),#90);
#35=STYLED_ITEM('',(#8507),#91);
#36=STYLED_ITEM('',(#8507),#92);
#37=STYLED_ITEM('',(#8507),#93);
#38=STYLED_ITEM('',(#8507),#94);
#39=STYLED_ITEM('',(#8507),#95);
#40=STYLED_ITEM('',(#8507),#96);
#41=STYLED_ITEM('',(#8507),#97);
#42=STYLED_ITEM('',(#8507),#98);
#43=STYLED_ITEM('',(#8507),#99);
#44=STYLED_ITEM('',(#8507),#100);
#45=STYLED_ITEM('',(#8507),#101);
#46=STYLED_ITEM('',(#8507),#102);
#47=STYLED_ITEM('',(#8507),#103);
#48=STYLED_ITEM('',(#8507),#104);
#49=STYLED_ITEM('',(#8505),#105);
#50=STYLED_ITEM('',(#8507),#106);
#51=STYLED_ITEM('',(#8507),#107);
#52=STYLED_ITEM('',(#8507),#108);
#53=STYLED_ITEM('',(#8507),#109);
#54=STYLED_ITEM('',(#8507),#110);
#55=STYLED_ITEM('',(#8507),#111);
#56=STYLED_ITEM('',(#8507),#112);
#57=STYLED_ITEM('',(#8507),#113);
#58=STYLED_ITEM('',(#8507),#114);
#59=STYLED_ITEM('',(#8507),#115);
#60=STYLED_ITEM('',(#8507),#116);
#61=STYLED_ITEM('',(#8507),#117);
#62=STYLED_ITEM('',(#8507),#118);
#63=STYLED_ITEM('',(#8507),#119);
#64=STYLED_ITEM('',(#8507),#120);
#65=STYLED_ITEM('',(#8507),#121);
#66=STYLED_ITEM('',(#8507),#122);
#67=STYLED_ITEM('',(#8507),#123);
#68=STYLED_ITEM('',(#8507),#124);
#69=MANIFOLD_SOLID_BREP('DevKitC PCB',#5277);
#70=MANIFOLD_SOLID_BREP('WROOM RF shield',#5278);
#71=MANIFOLD_SOLID_BREP('RF antenna substrate',#5279);
#72=MANIFOLD_SOLID_BREP('Antenna copper trace',#5280);
#73=MANIFOLD_SOLID_BREP('Antenna copper trace (1)',#5281);
#74=MANIFOLD_SOLID_BREP('Antenna copper trace (2)',#5282);
#75=MANIFOLD_SOLID_BREP('Antenna copper trace (3)',#5283);
#76=MANIFOLD_SOLID_BREP('Antenna copper trace (4)',#5284);
#77=MANIFOLD_SOLID_BREP('USB socket shell',#5285);
#78=MANIFOLD_SOLID_BREP('USB opening',#5286);
#79=MANIFOLD_SOLID_BREP('Boot/reset button',#5287);
#80=MANIFOLD_SOLID_BREP('Button actuator',#5288);
#81=MANIFOLD_SOLID_BREP('Boot/reset button (1)',#5289);
#82=MANIFOLD_SOLID_BREP('Button actuator (1)',#5290);
#83=MANIFOLD_SOLID_BREP('USB UART IC',#5291);
#84=MANIFOLD_SOLID_BREP('3V3 regulator',#5292);
#85=MANIFOLD_SOLID_BREP('19 way socket housing',#5293);
#86=MANIFOLD_SOLID_BREP('Header pin',#5294);
#87=MANIFOLD_SOLID_BREP('Header pin (1)',#5295);
#88=MANIFOLD_SOLID_BREP('Header pin (2)',#5296);
#89=MANIFOLD_SOLID_BREP('Header pin (3)',#5297);
#90=MANIFOLD_SOLID_BREP('Header pin (4)',#5298);
#91=MANIFOLD_SOLID_BREP('Header pin (5)',#5299);
#92=MANIFOLD_SOLID_BREP('Header pin (6)',#5300);
#93=MANIFOLD_SOLID_BREP('Header pin (7)',#5301);
#94=MANIFOLD_SOLID_BREP('Header pin (8)',#5302);
#95=MANIFOLD_SOLID_BREP('Header pin (9)',#5303);
#96=MANIFOLD_SOLID_BREP('Header pin (10)',#5304);
#97=MANIFOLD_SOLID_BREP('Header pin (11)',#5305);
#98=MANIFOLD_SOLID_BREP('Header pin (12)',#5306);
#99=MANIFOLD_SOLID_BREP('Header pin (13)',#5307);
#100=MANIFOLD_SOLID_BREP('Header pin (14)',#5308);
#101=MANIFOLD_SOLID_BREP('Header pin (15)',#5309);
#102=MANIFOLD_SOLID_BREP('Header pin (16)',#5310);
#103=MANIFOLD_SOLID_BREP('Header pin (17)',#5311);
#104=MANIFOLD_SOLID_BREP('Header pin (18)',#5312);
#105=MANIFOLD_SOLID_BREP('19 way socket housing (1)',#5313);
#106=MANIFOLD_SOLID_BREP('Header pin (19)',#5314);
#107=MANIFOLD_SOLID_BREP('Header pin (20)',#5315);
#108=MANIFOLD_SOLID_BREP('Header pin (21)',#5316);
#109=MANIFOLD_SOLID_BREP('Header pin (22)',#5317);
#110=MANIFOLD_SOLID_BREP('Header pin (23)',#5318);
#111=MANIFOLD_SOLID_BREP('Header pin (24)',#5319);
#112=MANIFOLD_SOLID_BREP('Header pin (25)',#5320);
#113=MANIFOLD_SOLID_BREP('Header pin (26)',#5321);
#114=MANIFOLD_SOLID_BREP('Header pin (27)',#5322);
#115=MANIFOLD_SOLID_BREP('Header pin (28)',#5323);
#116=MANIFOLD_SOLID_BREP('Header pin (29)',#5324);
#117=MANIFOLD_SOLID_BREP('Header pin (30)',#5325);
#118=MANIFOLD_SOLID_BREP('Header pin (31)',#5326);
#119=MANIFOLD_SOLID_BREP('Header pin (32)',#5327);
#120=MANIFOLD_SOLID_BREP('Header pin (33)',#5328);
#121=MANIFOLD_SOLID_BREP('Header pin (34)',#5329);
#122=MANIFOLD_SOLID_BREP('Header pin (35)',#5330);
#123=MANIFOLD_SOLID_BREP('Header pin (36)',#5331);
#124=MANIFOLD_SOLID_BREP('Header pin (37)',#5332);
#125=FACE_OUTER_BOUND('',#461,.T.);
#126=FACE_OUTER_BOUND('',#462,.T.);
#127=FACE_OUTER_BOUND('',#463,.T.);
#128=FACE_OUTER_BOUND('',#464,.T.);
#129=FACE_OUTER_BOUND('',#465,.T.);
#130=FACE_OUTER_BOUND('',#466,.T.);
#131=FACE_OUTER_BOUND('',#467,.T.);
#132=FACE_OUTER_BOUND('',#468,.T.);
#133=FACE_OUTER_BOUND('',#469,.T.);
#134=FACE_OUTER_BOUND('',#470,.T.);
#135=FACE_OUTER_BOUND('',#471,.T.);
#136=FACE_OUTER_BOUND('',#472,.T.);
#137=FACE_OUTER_BOUND('',#473,.T.);
#138=FACE_OUTER_BOUND('',#474,.T.);
#139=FACE_OUTER_BOUND('',#475,.T.);
#140=FACE_OUTER_BOUND('',#476,.T.);
#141=FACE_OUTER_BOUND('',#477,.T.);
#142=FACE_OUTER_BOUND('',#478,.T.);
#143=FACE_OUTER_BOUND('',#479,.T.);
#144=FACE_OUTER_BOUND('',#480,.T.);
#145=FACE_OUTER_BOUND('',#481,.T.);
#146=FACE_OUTER_BOUND('',#482,.T.);
#147=FACE_OUTER_BOUND('',#483,.T.);
#148=FACE_OUTER_BOUND('',#484,.T.);
#149=FACE_OUTER_BOUND('',#485,.T.);
#150=FACE_OUTER_BOUND('',#486,.T.);
#151=FACE_OUTER_BOUND('',#487,.T.);
#152=FACE_OUTER_BOUND('',#488,.T.);
#153=FACE_OUTER_BOUND('',#489,.T.);
#154=FACE_OUTER_BOUND('',#490,.T.);
#155=FACE_OUTER_BOUND('',#491,.T.);
#156=FACE_OUTER_BOUND('',#492,.T.);
#157=FACE_OUTER_BOUND('',#493,.T.);
#158=FACE_OUTER_BOUND('',#494,.T.);
#159=FACE_OUTER_BOUND('',#495,.T.);
#160=FACE_OUTER_BOUND('',#496,.T.);
#161=FACE_OUTER_BOUND('',#497,.T.);
#162=FACE_OUTER_BOUND('',#498,.T.);
#163=FACE_OUTER_BOUND('',#499,.T.);
#164=FACE_OUTER_BOUND('',#500,.T.);
#165=FACE_OUTER_BOUND('',#501,.T.);
#166=FACE_OUTER_BOUND('',#502,.T.);
#167=FACE_OUTER_BOUND('',#503,.T.);
#168=FACE_OUTER_BOUND('',#504,.T.);
#169=FACE_OUTER_BOUND('',#505,.T.);
#170=FACE_OUTER_BOUND('',#506,.T.);
#171=FACE_OUTER_BOUND('',#507,.T.);
#172=FACE_OUTER_BOUND('',#508,.T.);
#173=FACE_OUTER_BOUND('',#509,.T.);
#174=FACE_OUTER_BOUND('',#510,.T.);
#175=FACE_OUTER_BOUND('',#511,.T.);
#176=FACE_OUTER_BOUND('',#512,.T.);
#177=FACE_OUTER_BOUND('',#513,.T.);
#178=FACE_OUTER_BOUND('',#514,.T.);
#179=FACE_OUTER_BOUND('',#515,.T.);
#180=FACE_OUTER_BOUND('',#516,.T.);
#181=FACE_OUTER_BOUND('',#517,.T.);
#182=FACE_OUTER_BOUND('',#518,.T.);
#183=FACE_OUTER_BOUND('',#519,.T.);
#184=FACE_OUTER_BOUND('',#520,.T.);
#185=FACE_OUTER_BOUND('',#521,.T.);
#186=FACE_OUTER_BOUND('',#522,.T.);
#187=FACE_OUTER_BOUND('',#523,.T.);
#188=FACE_OUTER_BOUND('',#524,.T.);
#189=FACE_OUTER_BOUND('',#525,.T.);
#190=FACE_OUTER_BOUND('',#526,.T.);
#191=FACE_OUTER_BOUND('',#527,.T.);
#192=FACE_OUTER_BOUND('',#528,.T.);
#193=FACE_OUTER_BOUND('',#529,.T.);
#194=FACE_OUTER_BOUND('',#530,.T.);
#195=FACE_OUTER_BOUND('',#531,.T.);
#196=FACE_OUTER_BOUND('',#532,.T.);
#197=FACE_OUTER_BOUND('',#533,.T.);
#198=FACE_OUTER_BOUND('',#534,.T.);
#199=FACE_OUTER_BOUND('',#535,.T.);
#200=FACE_OUTER_BOUND('',#536,.T.);
#201=FACE_OUTER_BOUND('',#537,.T.);
#202=FACE_OUTER_BOUND('',#538,.T.);
#203=FACE_OUTER_BOUND('',#539,.T.);
#204=FACE_OUTER_BOUND('',#540,.T.);
#205=FACE_OUTER_BOUND('',#541,.T.);
#206=FACE_OUTER_BOUND('',#542,.T.);
#207=FACE_OUTER_BOUND('',#543,.T.);
#208=FACE_OUTER_BOUND('',#544,.T.);
#209=FACE_OUTER_BOUND('',#545,.T.);
#210=FACE_OUTER_BOUND('',#546,.T.);
#211=FACE_OUTER_BOUND('',#547,.T.);
#212=FACE_OUTER_BOUND('',#548,.T.);
#213=FACE_OUTER_BOUND('',#549,.T.);
#214=FACE_OUTER_BOUND('',#550,.T.);
#215=FACE_OUTER_BOUND('',#551,.T.);
#216=FACE_OUTER_BOUND('',#552,.T.);
#217=FACE_OUTER_BOUND('',#553,.T.);
#218=FACE_OUTER_BOUND('',#554,.T.);
#219=FACE_OUTER_BOUND('',#555,.T.);
#220=FACE_OUTER_BOUND('',#556,.T.);
#221=FACE_OUTER_BOUND('',#557,.T.);
#222=FACE_OUTER_BOUND('',#558,.T.);
#223=FACE_OUTER_BOUND('',#559,.T.);
#224=FACE_OUTER_BOUND('',#560,.T.);
#225=FACE_OUTER_BOUND('',#561,.T.);
#226=FACE_OUTER_BOUND('',#562,.T.);
#227=FACE_OUTER_BOUND('',#563,.T.);
#228=FACE_OUTER_BOUND('',#564,.T.);
#229=FACE_OUTER_BOUND('',#565,.T.);
#230=FACE_OUTER_BOUND('',#566,.T.);
#231=FACE_OUTER_BOUND('',#567,.T.);
#232=FACE_OUTER_BOUND('',#568,.T.);
#233=FACE_OUTER_BOUND('',#569,.T.);
#234=FACE_OUTER_BOUND('',#570,.T.);
#235=FACE_OUTER_BOUND('',#571,.T.);
#236=FACE_OUTER_BOUND('',#572,.T.);
#237=FACE_OUTER_BOUND('',#573,.T.);
#238=FACE_OUTER_BOUND('',#574,.T.);
#239=FACE_OUTER_BOUND('',#575,.T.);
#240=FACE_OUTER_BOUND('',#576,.T.);
#241=FACE_OUTER_BOUND('',#577,.T.);
#242=FACE_OUTER_BOUND('',#578,.T.);
#243=FACE_OUTER_BOUND('',#579,.T.);
#244=FACE_OUTER_BOUND('',#580,.T.);
#245=FACE_OUTER_BOUND('',#581,.T.);
#246=FACE_OUTER_BOUND('',#582,.T.);
#247=FACE_OUTER_BOUND('',#583,.T.);
#248=FACE_OUTER_BOUND('',#584,.T.);
#249=FACE_OUTER_BOUND('',#585,.T.);
#250=FACE_OUTER_BOUND('',#586,.T.);
#251=FACE_OUTER_BOUND('',#587,.T.);
#252=FACE_OUTER_BOUND('',#588,.T.);
#253=FACE_OUTER_BOUND('',#589,.T.);
#254=FACE_OUTER_BOUND('',#590,.T.);
#255=FACE_OUTER_BOUND('',#591,.T.);
#256=FACE_OUTER_BOUND('',#592,.T.);
#257=FACE_OUTER_BOUND('',#593,.T.);
#258=FACE_OUTER_BOUND('',#594,.T.);
#259=FACE_OUTER_BOUND('',#595,.T.);
#260=FACE_OUTER_BOUND('',#596,.T.);
#261=FACE_OUTER_BOUND('',#597,.T.);
#262=FACE_OUTER_BOUND('',#598,.T.);
#263=FACE_OUTER_BOUND('',#599,.T.);
#264=FACE_OUTER_BOUND('',#600,.T.);
#265=FACE_OUTER_BOUND('',#601,.T.);
#266=FACE_OUTER_BOUND('',#602,.T.);
#267=FACE_OUTER_BOUND('',#603,.T.);
#268=FACE_OUTER_BOUND('',#604,.T.);
#269=FACE_OUTER_BOUND('',#605,.T.);
#270=FACE_OUTER_BOUND('',#606,.T.);
#271=FACE_OUTER_BOUND('',#607,.T.);
#272=FACE_OUTER_BOUND('',#608,.T.);
#273=FACE_OUTER_BOUND('',#609,.T.);
#274=FACE_OUTER_BOUND('',#610,.T.);
#275=FACE_OUTER_BOUND('',#611,.T.);
#276=FACE_OUTER_BOUND('',#612,.T.);
#277=FACE_OUTER_BOUND('',#613,.T.);
#278=FACE_OUTER_BOUND('',#614,.T.);
#279=FACE_OUTER_BOUND('',#615,.T.);
#280=FACE_OUTER_BOUND('',#616,.T.);
#281=FACE_OUTER_BOUND('',#617,.T.);
#282=FACE_OUTER_BOUND('',#618,.T.);
#283=FACE_OUTER_BOUND('',#619,.T.);
#284=FACE_OUTER_BOUND('',#620,.T.);
#285=FACE_OUTER_BOUND('',#621,.T.);
#286=FACE_OUTER_BOUND('',#622,.T.);
#287=FACE_OUTER_BOUND('',#623,.T.);
#288=FACE_OUTER_BOUND('',#624,.T.);
#289=FACE_OUTER_BOUND('',#625,.T.);
#290=FACE_OUTER_BOUND('',#626,.T.);
#291=FACE_OUTER_BOUND('',#627,.T.);
#292=FACE_OUTER_BOUND('',#628,.T.);
#293=FACE_OUTER_BOUND('',#629,.T.);
#294=FACE_OUTER_BOUND('',#630,.T.);
#295=FACE_OUTER_BOUND('',#631,.T.);
#296=FACE_OUTER_BOUND('',#632,.T.);
#297=FACE_OUTER_BOUND('',#633,.T.);
#298=FACE_OUTER_BOUND('',#634,.T.);
#299=FACE_OUTER_BOUND('',#635,.T.);
#300=FACE_OUTER_BOUND('',#636,.T.);
#301=FACE_OUTER_BOUND('',#637,.T.);
#302=FACE_OUTER_BOUND('',#638,.T.);
#303=FACE_OUTER_BOUND('',#639,.T.);
#304=FACE_OUTER_BOUND('',#640,.T.);
#305=FACE_OUTER_BOUND('',#641,.T.);
#306=FACE_OUTER_BOUND('',#642,.T.);
#307=FACE_OUTER_BOUND('',#643,.T.);
#308=FACE_OUTER_BOUND('',#644,.T.);
#309=FACE_OUTER_BOUND('',#645,.T.);
#310=FACE_OUTER_BOUND('',#646,.T.);
#311=FACE_OUTER_BOUND('',#647,.T.);
#312=FACE_OUTER_BOUND('',#648,.T.);
#313=FACE_OUTER_BOUND('',#649,.T.);
#314=FACE_OUTER_BOUND('',#650,.T.);
#315=FACE_OUTER_BOUND('',#651,.T.);
#316=FACE_OUTER_BOUND('',#652,.T.);
#317=FACE_OUTER_BOUND('',#653,.T.);
#318=FACE_OUTER_BOUND('',#654,.T.);
#319=FACE_OUTER_BOUND('',#655,.T.);
#320=FACE_OUTER_BOUND('',#656,.T.);
#321=FACE_OUTER_BOUND('',#657,.T.);
#322=FACE_OUTER_BOUND('',#658,.T.);
#323=FACE_OUTER_BOUND('',#659,.T.);
#324=FACE_OUTER_BOUND('',#660,.T.);
#325=FACE_OUTER_BOUND('',#661,.T.);
#326=FACE_OUTER_BOUND('',#662,.T.);
#327=FACE_OUTER_BOUND('',#663,.T.);
#328=FACE_OUTER_BOUND('',#664,.T.);
#329=FACE_OUTER_BOUND('',#665,.T.);
#330=FACE_OUTER_BOUND('',#666,.T.);
#331=FACE_OUTER_BOUND('',#667,.T.);
#332=FACE_OUTER_BOUND('',#668,.T.);
#333=FACE_OUTER_BOUND('',#669,.T.);
#334=FACE_OUTER_BOUND('',#670,.T.);
#335=FACE_OUTER_BOUND('',#671,.T.);
#336=FACE_OUTER_BOUND('',#672,.T.);
#337=FACE_OUTER_BOUND('',#673,.T.);
#338=FACE_OUTER_BOUND('',#674,.T.);
#339=FACE_OUTER_BOUND('',#675,.T.);
#340=FACE_OUTER_BOUND('',#676,.T.);
#341=FACE_OUTER_BOUND('',#677,.T.);
#342=FACE_OUTER_BOUND('',#678,.T.);
#343=FACE_OUTER_BOUND('',#679,.T.);
#344=FACE_OUTER_BOUND('',#680,.T.);
#345=FACE_OUTER_BOUND('',#681,.T.);
#346=FACE_OUTER_BOUND('',#682,.T.);
#347=FACE_OUTER_BOUND('',#683,.T.);
#348=FACE_OUTER_BOUND('',#684,.T.);
#349=FACE_OUTER_BOUND('',#685,.T.);
#350=FACE_OUTER_BOUND('',#686,.T.);
#351=FACE_OUTER_BOUND('',#687,.T.);
#352=FACE_OUTER_BOUND('',#688,.T.);
#353=FACE_OUTER_BOUND('',#689,.T.);
#354=FACE_OUTER_BOUND('',#690,.T.);
#355=FACE_OUTER_BOUND('',#691,.T.);
#356=FACE_OUTER_BOUND('',#692,.T.);
#357=FACE_OUTER_BOUND('',#693,.T.);
#358=FACE_OUTER_BOUND('',#694,.T.);
#359=FACE_OUTER_BOUND('',#695,.T.);
#360=FACE_OUTER_BOUND('',#696,.T.);
#361=FACE_OUTER_BOUND('',#697,.T.);
#362=FACE_OUTER_BOUND('',#698,.T.);
#363=FACE_OUTER_BOUND('',#699,.T.);
#364=FACE_OUTER_BOUND('',#700,.T.);
#365=FACE_OUTER_BOUND('',#701,.T.);
#366=FACE_OUTER_BOUND('',#702,.T.);
#367=FACE_OUTER_BOUND('',#703,.T.);
#368=FACE_OUTER_BOUND('',#704,.T.);
#369=FACE_OUTER_BOUND('',#705,.T.);
#370=FACE_OUTER_BOUND('',#706,.T.);
#371=FACE_OUTER_BOUND('',#707,.T.);
#372=FACE_OUTER_BOUND('',#708,.T.);
#373=FACE_OUTER_BOUND('',#709,.T.);
#374=FACE_OUTER_BOUND('',#710,.T.);
#375=FACE_OUTER_BOUND('',#711,.T.);
#376=FACE_OUTER_BOUND('',#712,.T.);
#377=FACE_OUTER_BOUND('',#713,.T.);
#378=FACE_OUTER_BOUND('',#714,.T.);
#379=FACE_OUTER_BOUND('',#715,.T.);
#380=FACE_OUTER_BOUND('',#716,.T.);
#381=FACE_OUTER_BOUND('',#717,.T.);
#382=FACE_OUTER_BOUND('',#718,.T.);
#383=FACE_OUTER_BOUND('',#719,.T.);
#384=FACE_OUTER_BOUND('',#720,.T.);
#385=FACE_OUTER_BOUND('',#721,.T.);
#386=FACE_OUTER_BOUND('',#722,.T.);
#387=FACE_OUTER_BOUND('',#723,.T.);
#388=FACE_OUTER_BOUND('',#724,.T.);
#389=FACE_OUTER_BOUND('',#725,.T.);
#390=FACE_OUTER_BOUND('',#726,.T.);
#391=FACE_OUTER_BOUND('',#727,.T.);
#392=FACE_OUTER_BOUND('',#728,.T.);
#393=FACE_OUTER_BOUND('',#729,.T.);
#394=FACE_OUTER_BOUND('',#730,.T.);
#395=FACE_OUTER_BOUND('',#731,.T.);
#396=FACE_OUTER_BOUND('',#732,.T.);
#397=FACE_OUTER_BOUND('',#733,.T.);
#398=FACE_OUTER_BOUND('',#734,.T.);
#399=FACE_OUTER_BOUND('',#735,.T.);
#400=FACE_OUTER_BOUND('',#736,.T.);
#401=FACE_OUTER_BOUND('',#737,.T.);
#402=FACE_OUTER_BOUND('',#738,.T.);
#403=FACE_OUTER_BOUND('',#739,.T.);
#404=FACE_OUTER_BOUND('',#740,.T.);
#405=FACE_OUTER_BOUND('',#741,.T.);
#406=FACE_OUTER_BOUND('',#742,.T.);
#407=FACE_OUTER_BOUND('',#743,.T.);
#408=FACE_OUTER_BOUND('',#744,.T.);
#409=FACE_OUTER_BOUND('',#745,.T.);
#410=FACE_OUTER_BOUND('',#746,.T.);
#411=FACE_OUTER_BOUND('',#747,.T.);
#412=FACE_OUTER_BOUND('',#748,.T.);
#413=FACE_OUTER_BOUND('',#749,.T.);
#414=FACE_OUTER_BOUND('',#750,.T.);
#415=FACE_OUTER_BOUND('',#751,.T.);
#416=FACE_OUTER_BOUND('',#752,.T.);
#417=FACE_OUTER_BOUND('',#753,.T.);
#418=FACE_OUTER_BOUND('',#754,.T.);
#419=FACE_OUTER_BOUND('',#755,.T.);
#420=FACE_OUTER_BOUND('',#756,.T.);
#421=FACE_OUTER_BOUND('',#757,.T.);
#422=FACE_OUTER_BOUND('',#758,.T.);
#423=FACE_OUTER_BOUND('',#759,.T.);
#424=FACE_OUTER_BOUND('',#760,.T.);
#425=FACE_OUTER_BOUND('',#761,.T.);
#426=FACE_OUTER_BOUND('',#762,.T.);
#427=FACE_OUTER_BOUND('',#763,.T.);
#428=FACE_OUTER_BOUND('',#764,.T.);
#429=FACE_OUTER_BOUND('',#765,.T.);
#430=FACE_OUTER_BOUND('',#766,.T.);
#431=FACE_OUTER_BOUND('',#767,.T.);
#432=FACE_OUTER_BOUND('',#768,.T.);
#433=FACE_OUTER_BOUND('',#769,.T.);
#434=FACE_OUTER_BOUND('',#770,.T.);
#435=FACE_OUTER_BOUND('',#771,.T.);
#436=FACE_OUTER_BOUND('',#772,.T.);
#437=FACE_OUTER_BOUND('',#773,.T.);
#438=FACE_OUTER_BOUND('',#774,.T.);
#439=FACE_OUTER_BOUND('',#775,.T.);
#440=FACE_OUTER_BOUND('',#776,.T.);
#441=FACE_OUTER_BOUND('',#777,.T.);
#442=FACE_OUTER_BOUND('',#778,.T.);
#443=FACE_OUTER_BOUND('',#779,.T.);
#444=FACE_OUTER_BOUND('',#780,.T.);
#445=FACE_OUTER_BOUND('',#781,.T.);
#446=FACE_OUTER_BOUND('',#782,.T.);
#447=FACE_OUTER_BOUND('',#783,.T.);
#448=FACE_OUTER_BOUND('',#784,.T.);
#449=FACE_OUTER_BOUND('',#785,.T.);
#450=FACE_OUTER_BOUND('',#786,.T.);
#451=FACE_OUTER_BOUND('',#787,.T.);
#452=FACE_OUTER_BOUND('',#788,.T.);
#453=FACE_OUTER_BOUND('',#789,.T.);
#454=FACE_OUTER_BOUND('',#790,.T.);
#455=FACE_OUTER_BOUND('',#791,.T.);
#456=FACE_OUTER_BOUND('',#792,.T.);
#457=FACE_OUTER_BOUND('',#793,.T.);
#458=FACE_OUTER_BOUND('',#794,.T.);
#459=FACE_OUTER_BOUND('',#795,.T.);
#460=FACE_OUTER_BOUND('',#796,.T.);
#461=EDGE_LOOP('',(#3261,#3262,#3263,#3264));
#462=EDGE_LOOP('',(#3265,#3266,#3267,#3268));
#463=EDGE_LOOP('',(#3269,#3270,#3271,#3272));
#464=EDGE_LOOP('',(#3273,#3274,#3275,#3276));
#465=EDGE_LOOP('',(#3277,#3278,#3279,#3280));
#466=EDGE_LOOP('',(#3281,#3282,#3283,#3284));
#467=EDGE_LOOP('',(#3285,#3286,#3287,#3288));
#468=EDGE_LOOP('',(#3289,#3290,#3291,#3292));
#469=EDGE_LOOP('',(#3293,#3294,#3295,#3296));
#470=EDGE_LOOP('',(#3297,#3298,#3299,#3300));
#471=EDGE_LOOP('',(#3301,#3302,#3303,#3304));
#472=EDGE_LOOP('',(#3305,#3306,#3307,#3308));
#473=EDGE_LOOP('',(#3309,#3310,#3311,#3312));
#474=EDGE_LOOP('',(#3313,#3314,#3315,#3316));
#475=EDGE_LOOP('',(#3317,#3318,#3319,#3320));
#476=EDGE_LOOP('',(#3321,#3322,#3323,#3324));
#477=EDGE_LOOP('',(#3325,#3326,#3327,#3328));
#478=EDGE_LOOP('',(#3329,#3330,#3331,#3332));
#479=EDGE_LOOP('',(#3333,#3334,#3335,#3336));
#480=EDGE_LOOP('',(#3337,#3338,#3339,#3340));
#481=EDGE_LOOP('',(#3341,#3342,#3343,#3344));
#482=EDGE_LOOP('',(#3345,#3346,#3347,#3348));
#483=EDGE_LOOP('',(#3349,#3350,#3351,#3352));
#484=EDGE_LOOP('',(#3353,#3354,#3355,#3356));
#485=EDGE_LOOP('',(#3357,#3358,#3359,#3360));
#486=EDGE_LOOP('',(#3361,#3362,#3363,#3364));
#487=EDGE_LOOP('',(#3365,#3366,#3367,#3368));
#488=EDGE_LOOP('',(#3369,#3370,#3371,#3372));
#489=EDGE_LOOP('',(#3373,#3374,#3375,#3376));
#490=EDGE_LOOP('',(#3377,#3378,#3379,#3380));
#491=EDGE_LOOP('',(#3381,#3382,#3383,#3384));
#492=EDGE_LOOP('',(#3385,#3386,#3387,#3388));
#493=EDGE_LOOP('',(#3389,#3390,#3391,#3392));
#494=EDGE_LOOP('',(#3393,#3394,#3395,#3396));
#495=EDGE_LOOP('',(#3397,#3398,#3399,#3400));
#496=EDGE_LOOP('',(#3401,#3402,#3403,#3404));
#497=EDGE_LOOP('',(#3405,#3406,#3407,#3408));
#498=EDGE_LOOP('',(#3409,#3410,#3411,#3412));
#499=EDGE_LOOP('',(#3413,#3414,#3415,#3416));
#500=EDGE_LOOP('',(#3417,#3418,#3419,#3420));
#501=EDGE_LOOP('',(#3421,#3422,#3423,#3424));
#502=EDGE_LOOP('',(#3425,#3426,#3427,#3428));
#503=EDGE_LOOP('',(#3429,#3430,#3431,#3432));
#504=EDGE_LOOP('',(#3433,#3434,#3435,#3436));
#505=EDGE_LOOP('',(#3437,#3438,#3439,#3440));
#506=EDGE_LOOP('',(#3441,#3442,#3443,#3444));
#507=EDGE_LOOP('',(#3445,#3446,#3447,#3448));
#508=EDGE_LOOP('',(#3449,#3450,#3451,#3452));
#509=EDGE_LOOP('',(#3453,#3454,#3455,#3456));
#510=EDGE_LOOP('',(#3457,#3458,#3459,#3460));
#511=EDGE_LOOP('',(#3461,#3462,#3463,#3464));
#512=EDGE_LOOP('',(#3465,#3466,#3467,#3468));
#513=EDGE_LOOP('',(#3469,#3470,#3471,#3472));
#514=EDGE_LOOP('',(#3473,#3474,#3475,#3476));
#515=EDGE_LOOP('',(#3477,#3478,#3479,#3480));
#516=EDGE_LOOP('',(#3481,#3482,#3483,#3484));
#517=EDGE_LOOP('',(#3485,#3486,#3487,#3488));
#518=EDGE_LOOP('',(#3489,#3490,#3491,#3492));
#519=EDGE_LOOP('',(#3493,#3494,#3495,#3496));
#520=EDGE_LOOP('',(#3497,#3498,#3499,#3500));
#521=EDGE_LOOP('',(#3501,#3502,#3503,#3504));
#522=EDGE_LOOP('',(#3505,#3506,#3507,#3508));
#523=EDGE_LOOP('',(#3509,#3510,#3511,#3512));
#524=EDGE_LOOP('',(#3513,#3514,#3515,#3516));
#525=EDGE_LOOP('',(#3517,#3518,#3519,#3520));
#526=EDGE_LOOP('',(#3521,#3522,#3523,#3524));
#527=EDGE_LOOP('',(#3525,#3526,#3527,#3528));
#528=EDGE_LOOP('',(#3529,#3530,#3531,#3532));
#529=EDGE_LOOP('',(#3533,#3534,#3535,#3536));
#530=EDGE_LOOP('',(#3537,#3538,#3539,#3540));
#531=EDGE_LOOP('',(#3541,#3542,#3543,#3544));
#532=EDGE_LOOP('',(#3545,#3546,#3547,#3548));
#533=EDGE_LOOP('',(#3549,#3550,#3551,#3552));
#534=EDGE_LOOP('',(#3553,#3554,#3555,#3556));
#535=EDGE_LOOP('',(#3557,#3558,#3559,#3560));
#536=EDGE_LOOP('',(#3561,#3562,#3563,#3564));
#537=EDGE_LOOP('',(#3565,#3566,#3567,#3568));
#538=EDGE_LOOP('',(#3569,#3570,#3571,#3572));
#539=EDGE_LOOP('',(#3573,#3574,#3575,#3576));
#540=EDGE_LOOP('',(#3577,#3578,#3579,#3580));
#541=EDGE_LOOP('',(#3581,#3582,#3583,#3584));
#542=EDGE_LOOP('',(#3585,#3586,#3587,#3588));
#543=EDGE_LOOP('',(#3589,#3590,#3591,#3592));
#544=EDGE_LOOP('',(#3593,#3594,#3595,#3596));
#545=EDGE_LOOP('',(#3597,#3598,#3599,#3600));
#546=EDGE_LOOP('',(#3601,#3602,#3603,#3604));
#547=EDGE_LOOP('',(#3605,#3606,#3607,#3608));
#548=EDGE_LOOP('',(#3609,#3610,#3611,#3612));
#549=EDGE_LOOP('',(#3613,#3614,#3615,#3616));
#550=EDGE_LOOP('',(#3617,#3618,#3619,#3620));
#551=EDGE_LOOP('',(#3621,#3622,#3623,#3624));
#552=EDGE_LOOP('',(#3625,#3626,#3627,#3628));
#553=EDGE_LOOP('',(#3629,#3630,#3631,#3632));
#554=EDGE_LOOP('',(#3633,#3634,#3635,#3636));
#555=EDGE_LOOP('',(#3637,#3638,#3639,#3640));
#556=EDGE_LOOP('',(#3641,#3642,#3643,#3644));
#557=EDGE_LOOP('',(#3645,#3646,#3647,#3648));
#558=EDGE_LOOP('',(#3649,#3650,#3651,#3652));
#559=EDGE_LOOP('',(#3653,#3654,#3655,#3656));
#560=EDGE_LOOP('',(#3657,#3658,#3659,#3660));
#561=EDGE_LOOP('',(#3661,#3662,#3663,#3664));
#562=EDGE_LOOP('',(#3665,#3666,#3667,#3668));
#563=EDGE_LOOP('',(#3669,#3670,#3671,#3672));
#564=EDGE_LOOP('',(#3673,#3674,#3675,#3676));
#565=EDGE_LOOP('',(#3677,#3678,#3679,#3680));
#566=EDGE_LOOP('',(#3681,#3682,#3683,#3684));
#567=EDGE_LOOP('',(#3685,#3686,#3687,#3688));
#568=EDGE_LOOP('',(#3689,#3690,#3691,#3692));
#569=EDGE_LOOP('',(#3693,#3694,#3695,#3696));
#570=EDGE_LOOP('',(#3697,#3698,#3699,#3700));
#571=EDGE_LOOP('',(#3701,#3702,#3703,#3704));
#572=EDGE_LOOP('',(#3705,#3706,#3707,#3708));
#573=EDGE_LOOP('',(#3709,#3710,#3711,#3712));
#574=EDGE_LOOP('',(#3713,#3714,#3715,#3716));
#575=EDGE_LOOP('',(#3717,#3718,#3719,#3720));
#576=EDGE_LOOP('',(#3721,#3722,#3723,#3724));
#577=EDGE_LOOP('',(#3725,#3726,#3727,#3728));
#578=EDGE_LOOP('',(#3729,#3730,#3731,#3732));
#579=EDGE_LOOP('',(#3733,#3734,#3735,#3736));
#580=EDGE_LOOP('',(#3737,#3738,#3739,#3740));
#581=EDGE_LOOP('',(#3741,#3742,#3743,#3744));
#582=EDGE_LOOP('',(#3745,#3746,#3747,#3748));
#583=EDGE_LOOP('',(#3749,#3750,#3751,#3752));
#584=EDGE_LOOP('',(#3753,#3754,#3755,#3756));
#585=EDGE_LOOP('',(#3757,#3758,#3759,#3760));
#586=EDGE_LOOP('',(#3761,#3762,#3763,#3764));
#587=EDGE_LOOP('',(#3765,#3766,#3767,#3768));
#588=EDGE_LOOP('',(#3769,#3770,#3771,#3772));
#589=EDGE_LOOP('',(#3773,#3774,#3775,#3776));
#590=EDGE_LOOP('',(#3777,#3778,#3779,#3780));
#591=EDGE_LOOP('',(#3781,#3782,#3783,#3784));
#592=EDGE_LOOP('',(#3785,#3786,#3787,#3788));
#593=EDGE_LOOP('',(#3789,#3790,#3791,#3792));
#594=EDGE_LOOP('',(#3793,#3794,#3795,#3796));
#595=EDGE_LOOP('',(#3797,#3798,#3799,#3800));
#596=EDGE_LOOP('',(#3801,#3802,#3803,#3804));
#597=EDGE_LOOP('',(#3805,#3806,#3807,#3808));
#598=EDGE_LOOP('',(#3809,#3810,#3811,#3812));
#599=EDGE_LOOP('',(#3813,#3814,#3815,#3816));
#600=EDGE_LOOP('',(#3817,#3818,#3819,#3820));
#601=EDGE_LOOP('',(#3821,#3822,#3823,#3824));
#602=EDGE_LOOP('',(#3825,#3826,#3827,#3828));
#603=EDGE_LOOP('',(#3829,#3830,#3831,#3832));
#604=EDGE_LOOP('',(#3833,#3834,#3835,#3836));
#605=EDGE_LOOP('',(#3837,#3838,#3839,#3840));
#606=EDGE_LOOP('',(#3841,#3842,#3843,#3844));
#607=EDGE_LOOP('',(#3845,#3846,#3847,#3848));
#608=EDGE_LOOP('',(#3849,#3850,#3851,#3852));
#609=EDGE_LOOP('',(#3853,#3854,#3855,#3856));
#610=EDGE_LOOP('',(#3857,#3858,#3859,#3860));
#611=EDGE_LOOP('',(#3861,#3862,#3863,#3864));
#612=EDGE_LOOP('',(#3865,#3866,#3867,#3868));
#613=EDGE_LOOP('',(#3869,#3870,#3871,#3872));
#614=EDGE_LOOP('',(#3873,#3874,#3875,#3876));
#615=EDGE_LOOP('',(#3877,#3878,#3879,#3880));
#616=EDGE_LOOP('',(#3881,#3882,#3883,#3884));
#617=EDGE_LOOP('',(#3885,#3886,#3887,#3888));
#618=EDGE_LOOP('',(#3889,#3890,#3891,#3892));
#619=EDGE_LOOP('',(#3893,#3894,#3895,#3896));
#620=EDGE_LOOP('',(#3897,#3898,#3899,#3900));
#621=EDGE_LOOP('',(#3901,#3902,#3903,#3904));
#622=EDGE_LOOP('',(#3905,#3906,#3907,#3908));
#623=EDGE_LOOP('',(#3909,#3910,#3911,#3912));
#624=EDGE_LOOP('',(#3913,#3914,#3915,#3916));
#625=EDGE_LOOP('',(#3917,#3918,#3919,#3920));
#626=EDGE_LOOP('',(#3921,#3922,#3923,#3924));
#627=EDGE_LOOP('',(#3925,#3926,#3927,#3928));
#628=EDGE_LOOP('',(#3929,#3930,#3931,#3932));
#629=EDGE_LOOP('',(#3933,#3934,#3935,#3936));
#630=EDGE_LOOP('',(#3937,#3938,#3939,#3940));
#631=EDGE_LOOP('',(#3941,#3942,#3943,#3944));
#632=EDGE_LOOP('',(#3945,#3946,#3947,#3948));
#633=EDGE_LOOP('',(#3949,#3950,#3951,#3952));
#634=EDGE_LOOP('',(#3953,#3954,#3955,#3956));
#635=EDGE_LOOP('',(#3957,#3958,#3959,#3960));
#636=EDGE_LOOP('',(#3961,#3962,#3963,#3964));
#637=EDGE_LOOP('',(#3965,#3966,#3967,#3968));
#638=EDGE_LOOP('',(#3969,#3970,#3971,#3972));
#639=EDGE_LOOP('',(#3973,#3974,#3975,#3976));
#640=EDGE_LOOP('',(#3977,#3978,#3979,#3980));
#641=EDGE_LOOP('',(#3981,#3982,#3983,#3984));
#642=EDGE_LOOP('',(#3985,#3986,#3987,#3988));
#643=EDGE_LOOP('',(#3989,#3990,#3991,#3992));
#644=EDGE_LOOP('',(#3993,#3994,#3995,#3996));
#645=EDGE_LOOP('',(#3997,#3998,#3999,#4000));
#646=EDGE_LOOP('',(#4001,#4002,#4003,#4004));
#647=EDGE_LOOP('',(#4005,#4006,#4007,#4008));
#648=EDGE_LOOP('',(#4009,#4010,#4011,#4012));
#649=EDGE_LOOP('',(#4013,#4014,#4015,#4016));
#650=EDGE_LOOP('',(#4017,#4018,#4019,#4020));
#651=EDGE_LOOP('',(#4021,#4022,#4023,#4024));
#652=EDGE_LOOP('',(#4025,#4026,#4027,#4028));
#653=EDGE_LOOP('',(#4029,#4030,#4031,#4032));
#654=EDGE_LOOP('',(#4033,#4034,#4035,#4036));
#655=EDGE_LOOP('',(#4037,#4038,#4039,#4040));
#656=EDGE_LOOP('',(#4041,#4042,#4043,#4044));
#657=EDGE_LOOP('',(#4045,#4046,#4047,#4048));
#658=EDGE_LOOP('',(#4049,#4050,#4051,#4052));
#659=EDGE_LOOP('',(#4053,#4054,#4055,#4056));
#660=EDGE_LOOP('',(#4057,#4058,#4059,#4060));
#661=EDGE_LOOP('',(#4061,#4062,#4063,#4064));
#662=EDGE_LOOP('',(#4065,#4066,#4067,#4068));
#663=EDGE_LOOP('',(#4069,#4070,#4071,#4072));
#664=EDGE_LOOP('',(#4073,#4074,#4075,#4076));
#665=EDGE_LOOP('',(#4077,#4078,#4079,#4080));
#666=EDGE_LOOP('',(#4081,#4082,#4083,#4084));
#667=EDGE_LOOP('',(#4085,#4086,#4087,#4088));
#668=EDGE_LOOP('',(#4089,#4090,#4091,#4092));
#669=EDGE_LOOP('',(#4093,#4094,#4095,#4096));
#670=EDGE_LOOP('',(#4097,#4098,#4099,#4100));
#671=EDGE_LOOP('',(#4101,#4102,#4103,#4104));
#672=EDGE_LOOP('',(#4105,#4106,#4107,#4108));
#673=EDGE_LOOP('',(#4109,#4110,#4111,#4112));
#674=EDGE_LOOP('',(#4113,#4114,#4115,#4116));
#675=EDGE_LOOP('',(#4117,#4118,#4119,#4120));
#676=EDGE_LOOP('',(#4121,#4122,#4123,#4124));
#677=EDGE_LOOP('',(#4125,#4126,#4127,#4128));
#678=EDGE_LOOP('',(#4129,#4130,#4131,#4132));
#679=EDGE_LOOP('',(#4133,#4134,#4135,#4136));
#680=EDGE_LOOP('',(#4137,#4138,#4139,#4140));
#681=EDGE_LOOP('',(#4141,#4142,#4143,#4144));
#682=EDGE_LOOP('',(#4145,#4146,#4147,#4148));
#683=EDGE_LOOP('',(#4149,#4150,#4151,#4152));
#684=EDGE_LOOP('',(#4153,#4154,#4155,#4156));
#685=EDGE_LOOP('',(#4157,#4158,#4159,#4160));
#686=EDGE_LOOP('',(#4161,#4162,#4163,#4164));
#687=EDGE_LOOP('',(#4165,#4166,#4167,#4168));
#688=EDGE_LOOP('',(#4169,#4170,#4171,#4172));
#689=EDGE_LOOP('',(#4173,#4174,#4175,#4176));
#690=EDGE_LOOP('',(#4177,#4178,#4179,#4180));
#691=EDGE_LOOP('',(#4181,#4182,#4183,#4184));
#692=EDGE_LOOP('',(#4185,#4186,#4187,#4188));
#693=EDGE_LOOP('',(#4189,#4190,#4191,#4192));
#694=EDGE_LOOP('',(#4193,#4194,#4195,#4196));
#695=EDGE_LOOP('',(#4197,#4198,#4199,#4200));
#696=EDGE_LOOP('',(#4201,#4202,#4203,#4204));
#697=EDGE_LOOP('',(#4205,#4206,#4207,#4208));
#698=EDGE_LOOP('',(#4209,#4210,#4211,#4212));
#699=EDGE_LOOP('',(#4213,#4214,#4215,#4216));
#700=EDGE_LOOP('',(#4217,#4218,#4219,#4220));
#701=EDGE_LOOP('',(#4221,#4222,#4223,#4224));
#702=EDGE_LOOP('',(#4225,#4226,#4227,#4228));
#703=EDGE_LOOP('',(#4229,#4230,#4231,#4232));
#704=EDGE_LOOP('',(#4233,#4234,#4235,#4236));
#705=EDGE_LOOP('',(#4237,#4238,#4239,#4240));
#706=EDGE_LOOP('',(#4241,#4242,#4243,#4244));
#707=EDGE_LOOP('',(#4245,#4246,#4247,#4248));
#708=EDGE_LOOP('',(#4249,#4250,#4251,#4252));
#709=EDGE_LOOP('',(#4253,#4254,#4255,#4256));
#710=EDGE_LOOP('',(#4257,#4258,#4259,#4260));
#711=EDGE_LOOP('',(#4261,#4262,#4263,#4264));
#712=EDGE_LOOP('',(#4265,#4266,#4267,#4268));
#713=EDGE_LOOP('',(#4269,#4270,#4271,#4272));
#714=EDGE_LOOP('',(#4273,#4274,#4275,#4276));
#715=EDGE_LOOP('',(#4277,#4278,#4279,#4280));
#716=EDGE_LOOP('',(#4281,#4282,#4283,#4284));
#717=EDGE_LOOP('',(#4285,#4286,#4287,#4288));
#718=EDGE_LOOP('',(#4289,#4290,#4291,#4292));
#719=EDGE_LOOP('',(#4293,#4294,#4295,#4296));
#720=EDGE_LOOP('',(#4297,#4298,#4299,#4300));
#721=EDGE_LOOP('',(#4301,#4302,#4303,#4304));
#722=EDGE_LOOP('',(#4305,#4306,#4307,#4308));
#723=EDGE_LOOP('',(#4309,#4310,#4311,#4312));
#724=EDGE_LOOP('',(#4313,#4314,#4315,#4316));
#725=EDGE_LOOP('',(#4317,#4318,#4319,#4320));
#726=EDGE_LOOP('',(#4321,#4322,#4323,#4324));
#727=EDGE_LOOP('',(#4325,#4326,#4327,#4328));
#728=EDGE_LOOP('',(#4329,#4330,#4331,#4332));
#729=EDGE_LOOP('',(#4333,#4334,#4335,#4336));
#730=EDGE_LOOP('',(#4337,#4338,#4339,#4340));
#731=EDGE_LOOP('',(#4341,#4342,#4343,#4344));
#732=EDGE_LOOP('',(#4345,#4346,#4347,#4348));
#733=EDGE_LOOP('',(#4349,#4350,#4351,#4352));
#734=EDGE_LOOP('',(#4353,#4354,#4355,#4356));
#735=EDGE_LOOP('',(#4357,#4358,#4359,#4360));
#736=EDGE_LOOP('',(#4361,#4362,#4363,#4364));
#737=EDGE_LOOP('',(#4365,#4366,#4367,#4368));
#738=EDGE_LOOP('',(#4369,#4370,#4371,#4372));
#739=EDGE_LOOP('',(#4373,#4374,#4375,#4376));
#740=EDGE_LOOP('',(#4377,#4378,#4379,#4380));
#741=EDGE_LOOP('',(#4381,#4382,#4383,#4384));
#742=EDGE_LOOP('',(#4385,#4386,#4387,#4388));
#743=EDGE_LOOP('',(#4389,#4390,#4391,#4392));
#744=EDGE_LOOP('',(#4393,#4394,#4395,#4396));
#745=EDGE_LOOP('',(#4397,#4398,#4399,#4400));
#746=EDGE_LOOP('',(#4401,#4402,#4403,#4404));
#747=EDGE_LOOP('',(#4405,#4406,#4407,#4408));
#748=EDGE_LOOP('',(#4409,#4410,#4411,#4412));
#749=EDGE_LOOP('',(#4413,#4414,#4415,#4416));
#750=EDGE_LOOP('',(#4417,#4418,#4419,#4420));
#751=EDGE_LOOP('',(#4421,#4422,#4423,#4424));
#752=EDGE_LOOP('',(#4425,#4426,#4427,#4428));
#753=EDGE_LOOP('',(#4429,#4430,#4431,#4432));
#754=EDGE_LOOP('',(#4433,#4434,#4435,#4436));
#755=EDGE_LOOP('',(#4437,#4438,#4439,#4440));
#756=EDGE_LOOP('',(#4441,#4442,#4443,#4444));
#757=EDGE_LOOP('',(#4445,#4446,#4447,#4448));
#758=EDGE_LOOP('',(#4449,#4450,#4451,#4452));
#759=EDGE_LOOP('',(#4453,#4454,#4455,#4456));
#760=EDGE_LOOP('',(#4457,#4458,#4459,#4460));
#761=EDGE_LOOP('',(#4461,#4462,#4463,#4464));
#762=EDGE_LOOP('',(#4465,#4466,#4467,#4468));
#763=EDGE_LOOP('',(#4469,#4470,#4471,#4472));
#764=EDGE_LOOP('',(#4473,#4474,#4475,#4476));
#765=EDGE_LOOP('',(#4477,#4478,#4479,#4480));
#766=EDGE_LOOP('',(#4481,#4482,#4483,#4484));
#767=EDGE_LOOP('',(#4485,#4486,#4487,#4488));
#768=EDGE_LOOP('',(#4489,#4490,#4491,#4492));
#769=EDGE_LOOP('',(#4493,#4494,#4495,#4496));
#770=EDGE_LOOP('',(#4497,#4498,#4499,#4500));
#771=EDGE_LOOP('',(#4501,#4502,#4503,#4504));
#772=EDGE_LOOP('',(#4505,#4506,#4507,#4508));
#773=EDGE_LOOP('',(#4509,#4510,#4511,#4512));
#774=EDGE_LOOP('',(#4513,#4514,#4515,#4516));
#775=EDGE_LOOP('',(#4517,#4518,#4519,#4520));
#776=EDGE_LOOP('',(#4521,#4522,#4523,#4524));
#777=EDGE_LOOP('',(#4525,#4526,#4527,#4528));
#778=EDGE_LOOP('',(#4529,#4530,#4531,#4532));
#779=EDGE_LOOP('',(#4533,#4534,#4535,#4536));
#780=EDGE_LOOP('',(#4537,#4538,#4539,#4540));
#781=EDGE_LOOP('',(#4541,#4542,#4543,#4544));
#782=EDGE_LOOP('',(#4545,#4546,#4547,#4548));
#783=EDGE_LOOP('',(#4549,#4550,#4551,#4552));
#784=EDGE_LOOP('',(#4553,#4554,#4555,#4556));
#785=EDGE_LOOP('',(#4557,#4558,#4559,#4560));
#786=EDGE_LOOP('',(#4561,#4562,#4563,#4564));
#787=EDGE_LOOP('',(#4565,#4566,#4567,#4568));
#788=EDGE_LOOP('',(#4569,#4570,#4571,#4572));
#789=EDGE_LOOP('',(#4573,#4574,#4575,#4576));
#790=EDGE_LOOP('',(#4577,#4578,#4579,#4580));
#791=EDGE_LOOP('',(#4581,#4582,#4583,#4584));
#792=EDGE_LOOP('',(#4585,#4586,#4587,#4588));
#793=EDGE_LOOP('',(#4589,#4590,#4591,#4592));
#794=EDGE_LOOP('',(#4593,#4594,#4595,#4596));
#795=EDGE_LOOP('',(#4597,#4598,#4599,#4600));
#796=EDGE_LOOP('',(#4601,#4602,#4603,#4604));
#797=LINE('',#7032,#1469);
#798=LINE('',#7034,#1470);
#799=LINE('',#7036,#1471);
#800=LINE('',#7037,#1472);
#801=LINE('',#7041,#1473);
#802=LINE('',#7043,#1474);
#803=LINE('',#7045,#1475);
#804=LINE('',#7046,#1476);
#805=LINE('',#7048,#1477);
#806=LINE('',#7049,#1478);
#807=LINE('',#7051,#1479);
#808=LINE('',#7053,#1480);
#809=LINE('',#7058,#1481);
#810=LINE('',#7060,#1482);
#811=LINE('',#7062,#1483);
#812=LINE('',#7063,#1484);
#813=LINE('',#7067,#1485);
#814=LINE('',#7069,#1486);
#815=LINE('',#7071,#1487);
#816=LINE('',#7072,#1488);
#817=LINE('',#7074,#1489);
#818=LINE('',#7075,#1490);
#819=LINE('',#7077,#1491);
#820=LINE('',#7079,#1492);
#821=LINE('',#7084,#1493);
#822=LINE('',#7086,#1494);
#823=LINE('',#7088,#1495);
#824=LINE('',#7089,#1496);
#825=LINE('',#7093,#1497);
#826=LINE('',#7095,#1498);
#827=LINE('',#7097,#1499);
#828=LINE('',#7098,#1500);
#829=LINE('',#7100,#1501);
#830=LINE('',#7101,#1502);
#831=LINE('',#7103,#1503);
#832=LINE('',#7105,#1504);
#833=LINE('',#7110,#1505);
#834=LINE('',#7112,#1506);
#835=LINE('',#7114,#1507);
#836=LINE('',#7115,#1508);
#837=LINE('',#7119,#1509);
#838=LINE('',#7121,#1510);
#839=LINE('',#7123,#1511);
#840=LINE('',#7124,#1512);
#841=LINE('',#7126,#1513);
#842=LINE('',#7127,#1514);
#843=LINE('',#7129,#1515);
#844=LINE('',#7131,#1516);
#845=LINE('',#7136,#1517);
#846=LINE('',#7138,#1518);
#847=LINE('',#7140,#1519);
#848=LINE('',#7141,#1520);
#849=LINE('',#7145,#1521);
#850=LINE('',#7147,#1522);
#851=LINE('',#7149,#1523);
#852=LINE('',#7150,#1524);
#853=LINE('',#7152,#1525);
#854=LINE('',#7153,#1526);
#855=LINE('',#7155,#1527);
#856=LINE('',#7157,#1528);
#857=LINE('',#7162,#1529);
#858=LINE('',#7164,#1530);
#859=LINE('',#7166,#1531);
#860=LINE('',#7167,#1532);
#861=LINE('',#7171,#1533);
#862=LINE('',#7173,#1534);
#863=LINE('',#7175,#1535);
#864=LINE('',#7176,#1536);
#865=LINE('',#7178,#1537);
#866=LINE('',#7179,#1538);
#867=LINE('',#7181,#1539);
#868=LINE('',#7183,#1540);
#869=LINE('',#7188,#1541);
#870=LINE('',#7190,#1542);
#871=LINE('',#7192,#1543);
#872=LINE('',#7193,#1544);
#873=LINE('',#7197,#1545);
#874=LINE('',#7199,#1546);
#875=LINE('',#7201,#1547);
#876=LINE('',#7202,#1548);
#877=LINE('',#7204,#1549);
#878=LINE('',#7205,#1550);
#879=LINE('',#7207,#1551);
#880=LINE('',#7209,#1552);
#881=LINE('',#7214,#1553);
#882=LINE('',#7216,#1554);
#883=LINE('',#7218,#1555);
#884=LINE('',#7219,#1556);
#885=LINE('',#7223,#1557);
#886=LINE('',#7225,#1558);
#887=LINE('',#7227,#1559);
#888=LINE('',#7228,#1560);
#889=LINE('',#7230,#1561);
#890=LINE('',#7231,#1562);
#891=LINE('',#7233,#1563);
#892=LINE('',#7235,#1564);
#893=LINE('',#7240,#1565);
#894=LINE('',#7242,#1566);
#895=LINE('',#7244,#1567);
#896=LINE('',#7245,#1568);
#897=LINE('',#7249,#1569);
#898=LINE('',#7251,#1570);
#899=LINE('',#7253,#1571);
#900=LINE('',#7254,#1572);
#901=LINE('',#7256,#1573);
#902=LINE('',#7257,#1574);
#903=LINE('',#7259,#1575);
#904=LINE('',#7261,#1576);
#905=LINE('',#7266,#1577);
#906=LINE('',#7268,#1578);
#907=LINE('',#7270,#1579);
#908=LINE('',#7271,#1580);
#909=LINE('',#7275,#1581);
#910=LINE('',#7277,#1582);
#911=LINE('',#7279,#1583);
#912=LINE('',#7280,#1584);
#913=LINE('',#7282,#1585);
#914=LINE('',#7283,#1586);
#915=LINE('',#7285,#1587);
#916=LINE('',#7287,#1588);
#917=LINE('',#7292,#1589);
#918=LINE('',#7294,#1590);
#919=LINE('',#7296,#1591);
#920=LINE('',#7297,#1592);
#921=LINE('',#7301,#1593);
#922=LINE('',#7303,#1594);
#923=LINE('',#7305,#1595);
#924=LINE('',#7306,#1596);
#925=LINE('',#7308,#1597);
#926=LINE('',#7309,#1598);
#927=LINE('',#7311,#1599);
#928=LINE('',#7313,#1600);
#929=LINE('',#7318,#1601);
#930=LINE('',#7320,#1602);
#931=LINE('',#7322,#1603);
#932=LINE('',#7323,#1604);
#933=LINE('',#7327,#1605);
#934=LINE('',#7329,#1606);
#935=LINE('',#7331,#1607);
#936=LINE('',#7332,#1608);
#937=LINE('',#7334,#1609);
#938=LINE('',#7335,#1610);
#939=LINE('',#7337,#1611);
#940=LINE('',#7339,#1612);
#941=LINE('',#7344,#1613);
#942=LINE('',#7346,#1614);
#943=LINE('',#7348,#1615);
#944=LINE('',#7349,#1616);
#945=LINE('',#7353,#1617);
#946=LINE('',#7355,#1618);
#947=LINE('',#7357,#1619);
#948=LINE('',#7358,#1620);
#949=LINE('',#7360,#1621);
#950=LINE('',#7361,#1622);
#951=LINE('',#7363,#1623);
#952=LINE('',#7365,#1624);
#953=LINE('',#7370,#1625);
#954=LINE('',#7372,#1626);
#955=LINE('',#7374,#1627);
#956=LINE('',#7375,#1628);
#957=LINE('',#7379,#1629);
#958=LINE('',#7381,#1630);
#959=LINE('',#7383,#1631);
#960=LINE('',#7384,#1632);
#961=LINE('',#7386,#1633);
#962=LINE('',#7387,#1634);
#963=LINE('',#7389,#1635);
#964=LINE('',#7391,#1636);
#965=LINE('',#7396,#1637);
#966=LINE('',#7398,#1638);
#967=LINE('',#7400,#1639);
#968=LINE('',#7401,#1640);
#969=LINE('',#7405,#1641);
#970=LINE('',#7407,#1642);
#971=LINE('',#7409,#1643);
#972=LINE('',#7410,#1644);
#973=LINE('',#7412,#1645);
#974=LINE('',#7413,#1646);
#975=LINE('',#7415,#1647);
#976=LINE('',#7417,#1648);
#977=LINE('',#7422,#1649);
#978=LINE('',#7424,#1650);
#979=LINE('',#7426,#1651);
#980=LINE('',#7427,#1652);
#981=LINE('',#7431,#1653);
#982=LINE('',#7433,#1654);
#983=LINE('',#7435,#1655);
#984=LINE('',#7436,#1656);
#985=LINE('',#7438,#1657);
#986=LINE('',#7439,#1658);
#987=LINE('',#7441,#1659);
#988=LINE('',#7443,#1660);
#989=LINE('',#7448,#1661);
#990=LINE('',#7450,#1662);
#991=LINE('',#7452,#1663);
#992=LINE('',#7453,#1664);
#993=LINE('',#7457,#1665);
#994=LINE('',#7459,#1666);
#995=LINE('',#7461,#1667);
#996=LINE('',#7462,#1668);
#997=LINE('',#7464,#1669);
#998=LINE('',#7465,#1670);
#999=LINE('',#7467,#1671);
#1000=LINE('',#7469,#1672);
#1001=LINE('',#7474,#1673);
#1002=LINE('',#7476,#1674);
#1003=LINE('',#7478,#1675);
#1004=LINE('',#7479,#1676);
#1005=LINE('',#7483,#1677);
#1006=LINE('',#7485,#1678);
#1007=LINE('',#7487,#1679);
#1008=LINE('',#7488,#1680);
#1009=LINE('',#7490,#1681);
#1010=LINE('',#7491,#1682);
#1011=LINE('',#7493,#1683);
#1012=LINE('',#7495,#1684);
#1013=LINE('',#7500,#1685);
#1014=LINE('',#7502,#1686);
#1015=LINE('',#7504,#1687);
#1016=LINE('',#7505,#1688);
#1017=LINE('',#7509,#1689);
#1018=LINE('',#7511,#1690);
#1019=LINE('',#7513,#1691);
#1020=LINE('',#7514,#1692);
#1021=LINE('',#7516,#1693);
#1022=LINE('',#7517,#1694);
#1023=LINE('',#7519,#1695);
#1024=LINE('',#7521,#1696);
#1025=LINE('',#7526,#1697);
#1026=LINE('',#7528,#1698);
#1027=LINE('',#7530,#1699);
#1028=LINE('',#7531,#1700);
#1029=LINE('',#7535,#1701);
#1030=LINE('',#7537,#1702);
#1031=LINE('',#7539,#1703);
#1032=LINE('',#7540,#1704);
#1033=LINE('',#7542,#1705);
#1034=LINE('',#7543,#1706);
#1035=LINE('',#7545,#1707);
#1036=LINE('',#7547,#1708);
#1037=LINE('',#7552,#1709);
#1038=LINE('',#7554,#1710);
#1039=LINE('',#7556,#1711);
#1040=LINE('',#7557,#1712);
#1041=LINE('',#7561,#1713);
#1042=LINE('',#7563,#1714);
#1043=LINE('',#7565,#1715);
#1044=LINE('',#7566,#1716);
#1045=LINE('',#7568,#1717);
#1046=LINE('',#7569,#1718);
#1047=LINE('',#7571,#1719);
#1048=LINE('',#7573,#1720);
#1049=LINE('',#7578,#1721);
#1050=LINE('',#7580,#1722);
#1051=LINE('',#7582,#1723);
#1052=LINE('',#7583,#1724);
#1053=LINE('',#7587,#1725);
#1054=LINE('',#7589,#1726);
#1055=LINE('',#7591,#1727);
#1056=LINE('',#7592,#1728);
#1057=LINE('',#7594,#1729);
#1058=LINE('',#7595,#1730);
#1059=LINE('',#7597,#1731);
#1060=LINE('',#7599,#1732);
#1061=LINE('',#7604,#1733);
#1062=LINE('',#7606,#1734);
#1063=LINE('',#7608,#1735);
#1064=LINE('',#7609,#1736);
#1065=LINE('',#7613,#1737);
#1066=LINE('',#7615,#1738);
#1067=LINE('',#7617,#1739);
#1068=LINE('',#7618,#1740);
#1069=LINE('',#7620,#1741);
#1070=LINE('',#7621,#1742);
#1071=LINE('',#7623,#1743);
#1072=LINE('',#7625,#1744);
#1073=LINE('',#7630,#1745);
#1074=LINE('',#7632,#1746);
#1075=LINE('',#7634,#1747);
#1076=LINE('',#7635,#1748);
#1077=LINE('',#7639,#1749);
#1078=LINE('',#7641,#1750);
#1079=LINE('',#7643,#1751);
#1080=LINE('',#7644,#1752);
#1081=LINE('',#7646,#1753);
#1082=LINE('',#7647,#1754);
#1083=LINE('',#7649,#1755);
#1084=LINE('',#7651,#1756);
#1085=LINE('',#7656,#1757);
#1086=LINE('',#7658,#1758);
#1087=LINE('',#7660,#1759);
#1088=LINE('',#7661,#1760);
#1089=LINE('',#7665,#1761);
#1090=LINE('',#7667,#1762);
#1091=LINE('',#7669,#1763);
#1092=LINE('',#7670,#1764);
#1093=LINE('',#7672,#1765);
#1094=LINE('',#7673,#1766);
#1095=LINE('',#7675,#1767);
#1096=LINE('',#7677,#1768);
#1097=LINE('',#7682,#1769);
#1098=LINE('',#7684,#1770);
#1099=LINE('',#7686,#1771);
#1100=LINE('',#7687,#1772);
#1101=LINE('',#7691,#1773);
#1102=LINE('',#7693,#1774);
#1103=LINE('',#7695,#1775);
#1104=LINE('',#7696,#1776);
#1105=LINE('',#7698,#1777);
#1106=LINE('',#7699,#1778);
#1107=LINE('',#7701,#1779);
#1108=LINE('',#7703,#1780);
#1109=LINE('',#7708,#1781);
#1110=LINE('',#7710,#1782);
#1111=LINE('',#7712,#1783);
#1112=LINE('',#7713,#1784);
#1113=LINE('',#7717,#1785);
#1114=LINE('',#7719,#1786);
#1115=LINE('',#7721,#1787);
#1116=LINE('',#7722,#1788);
#1117=LINE('',#7724,#1789);
#1118=LINE('',#7725,#1790);
#1119=LINE('',#7727,#1791);
#1120=LINE('',#7729,#1792);
#1121=LINE('',#7734,#1793);
#1122=LINE('',#7736,#1794);
#1123=LINE('',#7738,#1795);
#1124=LINE('',#7739,#1796);
#1125=LINE('',#7743,#1797);
#1126=LINE('',#7745,#1798);
#1127=LINE('',#7747,#1799);
#1128=LINE('',#7748,#1800);
#1129=LINE('',#7750,#1801);
#1130=LINE('',#7751,#1802);
#1131=LINE('',#7753,#1803);
#1132=LINE('',#7755,#1804);
#1133=LINE('',#7760,#1805);
#1134=LINE('',#7762,#1806);
#1135=LINE('',#7764,#1807);
#1136=LINE('',#7765,#1808);
#1137=LINE('',#7769,#1809);
#1138=LINE('',#7771,#1810);
#1139=LINE('',#7773,#1811);
#1140=LINE('',#7774,#1812);
#1141=LINE('',#7776,#1813);
#1142=LINE('',#7777,#1814);
#1143=LINE('',#7779,#1815);
#1144=LINE('',#7781,#1816);
#1145=LINE('',#7786,#1817);
#1146=LINE('',#7788,#1818);
#1147=LINE('',#7790,#1819);
#1148=LINE('',#7791,#1820);
#1149=LINE('',#7795,#1821);
#1150=LINE('',#7797,#1822);
#1151=LINE('',#7799,#1823);
#1152=LINE('',#7800,#1824);
#1153=LINE('',#7802,#1825);
#1154=LINE('',#7803,#1826);
#1155=LINE('',#7805,#1827);
#1156=LINE('',#7807,#1828);
#1157=LINE('',#7812,#1829);
#1158=LINE('',#7814,#1830);
#1159=LINE('',#7816,#1831);
#1160=LINE('',#7817,#1832);
#1161=LINE('',#7821,#1833);
#1162=LINE('',#7823,#1834);
#1163=LINE('',#7825,#1835);
#1164=LINE('',#7826,#1836);
#1165=LINE('',#7828,#1837);
#1166=LINE('',#7829,#1838);
#1167=LINE('',#7831,#1839);
#1168=LINE('',#7833,#1840);
#1169=LINE('',#7838,#1841);
#1170=LINE('',#7840,#1842);
#1171=LINE('',#7842,#1843);
#1172=LINE('',#7843,#1844);
#1173=LINE('',#7847,#1845);
#1174=LINE('',#7849,#1846);
#1175=LINE('',#7851,#1847);
#1176=LINE('',#7852,#1848);
#1177=LINE('',#7854,#1849);
#1178=LINE('',#7855,#1850);
#1179=LINE('',#7857,#1851);
#1180=LINE('',#7859,#1852);
#1181=LINE('',#7864,#1853);
#1182=LINE('',#7866,#1854);
#1183=LINE('',#7868,#1855);
#1184=LINE('',#7869,#1856);
#1185=LINE('',#7873,#1857);
#1186=LINE('',#7875,#1858);
#1187=LINE('',#7877,#1859);
#1188=LINE('',#7878,#1860);
#1189=LINE('',#7880,#1861);
#1190=LINE('',#7881,#1862);
#1191=LINE('',#7883,#1863);
#1192=LINE('',#7885,#1864);
#1193=LINE('',#7890,#1865);
#1194=LINE('',#7892,#1866);
#1195=LINE('',#7894,#1867);
#1196=LINE('',#7895,#1868);
#1197=LINE('',#7899,#1869);
#1198=LINE('',#7901,#1870);
#1199=LINE('',#7903,#1871);
#1200=LINE('',#7904,#1872);
#1201=LINE('',#7906,#1873);
#1202=LINE('',#7907,#1874);
#1203=LINE('',#7909,#1875);
#1204=LINE('',#7911,#1876);
#1205=LINE('',#7916,#1877);
#1206=LINE('',#7918,#1878);
#1207=LINE('',#7920,#1879);
#1208=LINE('',#7921,#1880);
#1209=LINE('',#7925,#1881);
#1210=LINE('',#7927,#1882);
#1211=LINE('',#7929,#1883);
#1212=LINE('',#7930,#1884);
#1213=LINE('',#7932,#1885);
#1214=LINE('',#7933,#1886);
#1215=LINE('',#7935,#1887);
#1216=LINE('',#7937,#1888);
#1217=LINE('',#7942,#1889);
#1218=LINE('',#7944,#1890);
#1219=LINE('',#7946,#1891);
#1220=LINE('',#7947,#1892);
#1221=LINE('',#7951,#1893);
#1222=LINE('',#7953,#1894);
#1223=LINE('',#7955,#1895);
#1224=LINE('',#7956,#1896);
#1225=LINE('',#7958,#1897);
#1226=LINE('',#7959,#1898);
#1227=LINE('',#7961,#1899);
#1228=LINE('',#7963,#1900);
#1229=LINE('',#7968,#1901);
#1230=LINE('',#7970,#1902);
#1231=LINE('',#7972,#1903);
#1232=LINE('',#7973,#1904);
#1233=LINE('',#7977,#1905);
#1234=LINE('',#7979,#1906);
#1235=LINE('',#7981,#1907);
#1236=LINE('',#7982,#1908);
#1237=LINE('',#7984,#1909);
#1238=LINE('',#7985,#1910);
#1239=LINE('',#7987,#1911);
#1240=LINE('',#7989,#1912);
#1241=LINE('',#7994,#1913);
#1242=LINE('',#7996,#1914);
#1243=LINE('',#7998,#1915);
#1244=LINE('',#7999,#1916);
#1245=LINE('',#8003,#1917);
#1246=LINE('',#8005,#1918);
#1247=LINE('',#8007,#1919);
#1248=LINE('',#8008,#1920);
#1249=LINE('',#8010,#1921);
#1250=LINE('',#8011,#1922);
#1251=LINE('',#8013,#1923);
#1252=LINE('',#8015,#1924);
#1253=LINE('',#8020,#1925);
#1254=LINE('',#8022,#1926);
#1255=LINE('',#8024,#1927);
#1256=LINE('',#8025,#1928);
#1257=LINE('',#8029,#1929);
#1258=LINE('',#8031,#1930);
#1259=LINE('',#8033,#1931);
#1260=LINE('',#8034,#1932);
#1261=LINE('',#8036,#1933);
#1262=LINE('',#8037,#1934);
#1263=LINE('',#8039,#1935);
#1264=LINE('',#8041,#1936);
#1265=LINE('',#8046,#1937);
#1266=LINE('',#8048,#1938);
#1267=LINE('',#8050,#1939);
#1268=LINE('',#8051,#1940);
#1269=LINE('',#8055,#1941);
#1270=LINE('',#8057,#1942);
#1271=LINE('',#8059,#1943);
#1272=LINE('',#8060,#1944);
#1273=LINE('',#8062,#1945);
#1274=LINE('',#8063,#1946);
#1275=LINE('',#8065,#1947);
#1276=LINE('',#8067,#1948);
#1277=LINE('',#8072,#1949);
#1278=LINE('',#8074,#1950);
#1279=LINE('',#8076,#1951);
#1280=LINE('',#8077,#1952);
#1281=LINE('',#8081,#1953);
#1282=LINE('',#8083,#1954);
#1283=LINE('',#8085,#1955);
#1284=LINE('',#8086,#1956);
#1285=LINE('',#8088,#1957);
#1286=LINE('',#8089,#1958);
#1287=LINE('',#8091,#1959);
#1288=LINE('',#8093,#1960);
#1289=LINE('',#8098,#1961);
#1290=LINE('',#8100,#1962);
#1291=LINE('',#8102,#1963);
#1292=LINE('',#8103,#1964);
#1293=LINE('',#8107,#1965);
#1294=LINE('',#8109,#1966);
#1295=LINE('',#8111,#1967);
#1296=LINE('',#8112,#1968);
#1297=LINE('',#8114,#1969);
#1298=LINE('',#8115,#1970);
#1299=LINE('',#8117,#1971);
#1300=LINE('',#8119,#1972);
#1301=LINE('',#8124,#1973);
#1302=LINE('',#8126,#1974);
#1303=LINE('',#8128,#1975);
#1304=LINE('',#8129,#1976);
#1305=LINE('',#8133,#1977);
#1306=LINE('',#8135,#1978);
#1307=LINE('',#8137,#1979);
#1308=LINE('',#8138,#1980);
#1309=LINE('',#8140,#1981);
#1310=LINE('',#8141,#1982);
#1311=LINE('',#8143,#1983);
#1312=LINE('',#8145,#1984);
#1313=LINE('',#8150,#1985);
#1314=LINE('',#8152,#1986);
#1315=LINE('',#8154,#1987);
#1316=LINE('',#8155,#1988);
#1317=LINE('',#8159,#1989);
#1318=LINE('',#8161,#1990);
#1319=LINE('',#8163,#1991);
#1320=LINE('',#8164,#1992);
#1321=LINE('',#8166,#1993);
#1322=LINE('',#8167,#1994);
#1323=LINE('',#8169,#1995);
#1324=LINE('',#8171,#1996);
#1325=LINE('',#8176,#1997);
#1326=LINE('',#8178,#1998);
#1327=LINE('',#8180,#1999);
#1328=LINE('',#8181,#2000);
#1329=LINE('',#8185,#2001);
#1330=LINE('',#8187,#2002);
#1331=LINE('',#8189,#2003);
#1332=LINE('',#8190,#2004);
#1333=LINE('',#8192,#2005);
#1334=LINE('',#8193,#2006);
#1335=LINE('',#8195,#2007);
#1336=LINE('',#8197,#2008);
#1337=LINE('',#8202,#2009);
#1338=LINE('',#8204,#2010);
#1339=LINE('',#8206,#2011);
#1340=LINE('',#8207,#2012);
#1341=LINE('',#8211,#2013);
#1342=LINE('',#8213,#2014);
#1343=LINE('',#8215,#2015);
#1344=LINE('',#8216,#2016);
#1345=LINE('',#8218,#2017);
#1346=LINE('',#8219,#2018);
#1347=LINE('',#8221,#2019);
#1348=LINE('',#8223,#2020);
#1349=LINE('',#8228,#2021);
#1350=LINE('',#8230,#2022);
#1351=LINE('',#8232,#2023);
#1352=LINE('',#8233,#2024);
#1353=LINE('',#8237,#2025);
#1354=LINE('',#8239,#2026);
#1355=LINE('',#8241,#2027);
#1356=LINE('',#8242,#2028);
#1357=LINE('',#8244,#2029);
#1358=LINE('',#8245,#2030);
#1359=LINE('',#8247,#2031);
#1360=LINE('',#8249,#2032);
#1361=LINE('',#8254,#2033);
#1362=LINE('',#8256,#2034);
#1363=LINE('',#8258,#2035);
#1364=LINE('',#8259,#2036);
#1365=LINE('',#8263,#2037);
#1366=LINE('',#8265,#2038);
#1367=LINE('',#8267,#2039);
#1368=LINE('',#8268,#2040);
#1369=LINE('',#8270,#2041);
#1370=LINE('',#8271,#2042);
#1371=LINE('',#8273,#2043);
#1372=LINE('',#8275,#2044);
#1373=LINE('',#8280,#2045);
#1374=LINE('',#8282,#2046);
#1375=LINE('',#8284,#2047);
#1376=LINE('',#8285,#2048);
#1377=LINE('',#8289,#2049);
#1378=LINE('',#8291,#2050);
#1379=LINE('',#8293,#2051);
#1380=LINE('',#8294,#2052);
#1381=LINE('',#8296,#2053);
#1382=LINE('',#8297,#2054);
#1383=LINE('',#8299,#2055);
#1384=LINE('',#8301,#2056);
#1385=LINE('',#8306,#2057);
#1386=LINE('',#8308,#2058);
#1387=LINE('',#8310,#2059);
#1388=LINE('',#8311,#2060);
#1389=LINE('',#8315,#2061);
#1390=LINE('',#8317,#2062);
#1391=LINE('',#8319,#2063);
#1392=LINE('',#8320,#2064);
#1393=LINE('',#8322,#2065);
#1394=LINE('',#8323,#2066);
#1395=LINE('',#8325,#2067);
#1396=LINE('',#8327,#2068);
#1397=LINE('',#8332,#2069);
#1398=LINE('',#8334,#2070);
#1399=LINE('',#8336,#2071);
#1400=LINE('',#8337,#2072);
#1401=LINE('',#8341,#2073);
#1402=LINE('',#8343,#2074);
#1403=LINE('',#8345,#2075);
#1404=LINE('',#8346,#2076);
#1405=LINE('',#8348,#2077);
#1406=LINE('',#8349,#2078);
#1407=LINE('',#8351,#2079);
#1408=LINE('',#8353,#2080);
#1409=LINE('',#8358,#2081);
#1410=LINE('',#8360,#2082);
#1411=LINE('',#8362,#2083);
#1412=LINE('',#8363,#2084);
#1413=LINE('',#8367,#2085);
#1414=LINE('',#8369,#2086);
#1415=LINE('',#8371,#2087);
#1416=LINE('',#8372,#2088);
#1417=LINE('',#8374,#2089);
#1418=LINE('',#8375,#2090);
#1419=LINE('',#8377,#2091);
#1420=LINE('',#8379,#2092);
#1421=LINE('',#8384,#2093);
#1422=LINE('',#8386,#2094);
#1423=LINE('',#8388,#2095);
#1424=LINE('',#8389,#2096);
#1425=LINE('',#8393,#2097);
#1426=LINE('',#8395,#2098);
#1427=LINE('',#8397,#2099);
#1428=LINE('',#8398,#2100);
#1429=LINE('',#8400,#2101);
#1430=LINE('',#8401,#2102);
#1431=LINE('',#8403,#2103);
#1432=LINE('',#8405,#2104);
#1433=LINE('',#8410,#2105);
#1434=LINE('',#8412,#2106);
#1435=LINE('',#8414,#2107);
#1436=LINE('',#8415,#2108);
#1437=LINE('',#8419,#2109);
#1438=LINE('',#8421,#2110);
#1439=LINE('',#8423,#2111);
#1440=LINE('',#8424,#2112);
#1441=LINE('',#8426,#2113);
#1442=LINE('',#8427,#2114);
#1443=LINE('',#8429,#2115);
#1444=LINE('',#8431,#2116);
#1445=LINE('',#8436,#2117);
#1446=LINE('',#8438,#2118);
#1447=LINE('',#8440,#2119);
#1448=LINE('',#8441,#2120);
#1449=LINE('',#8445,#2121);
#1450=LINE('',#8447,#2122);
#1451=LINE('',#8449,#2123);
#1452=LINE('',#8450,#2124);
#1453=LINE('',#8452,#2125);
#1454=LINE('',#8453,#2126);
#1455=LINE('',#8455,#2127);
#1456=LINE('',#8457,#2128);
#1457=LINE('',#8462,#2129);
#1458=LINE('',#8464,#2130);
#1459=LINE('',#8466,#2131);
#1460=LINE('',#8467,#2132);
#1461=LINE('',#8471,#2133);
#1462=LINE('',#8473,#2134);
#1463=LINE('',#8475,#2135);
#1464=LINE('',#8476,#2136);
#1465=LINE('',#8478,#2137);
#1466=LINE('',#8479,#2138);
#1467=LINE('',#8481,#2139);
#1468=LINE('',#8483,#2140);
#1469=VECTOR('',#5686,1.);
#1470=VECTOR('',#5687,1.);
#1471=VECTOR('',#5688,1.);
#1472=VECTOR('',#5689,1.);
#1473=VECTOR('',#5692,1.);
#1474=VECTOR('',#5693,1.);
#1475=VECTOR('',#5694,1.);
#1476=VECTOR('',#5695,1.);
#1477=VECTOR('',#5698,1.);
#1478=VECTOR('',#5699,1.);
#1479=VECTOR('',#5702,1.);
#1480=VECTOR('',#5705,1.);
#1481=VECTOR('',#5710,1.);
#1482=VECTOR('',#5711,1.);
#1483=VECTOR('',#5712,1.);
#1484=VECTOR('',#5713,1.);
#1485=VECTOR('',#5716,1.);
#1486=VECTOR('',#5717,1.);
#1487=VECTOR('',#5718,1.);
#1488=VECTOR('',#5719,1.);
#1489=VECTOR('',#5722,1.);
#1490=VECTOR('',#5723,1.);
#1491=VECTOR('',#5726,1.);
#1492=VECTOR('',#5729,1.);
#1493=VECTOR('',#5734,1.);
#1494=VECTOR('',#5735,1.);
#1495=VECTOR('',#5736,1.);
#1496=VECTOR('',#5737,1.);
#1497=VECTOR('',#5740,1.);
#1498=VECTOR('',#5741,1.);
#1499=VECTOR('',#5742,1.);
#1500=VECTOR('',#5743,1.);
#1501=VECTOR('',#5746,1.);
#1502=VECTOR('',#5747,1.);
#1503=VECTOR('',#5750,1.);
#1504=VECTOR('',#5753,1.);
#1505=VECTOR('',#5758,1.);
#1506=VECTOR('',#5759,1.);
#1507=VECTOR('',#5760,1.);
#1508=VECTOR('',#5761,1.);
#1509=VECTOR('',#5764,1.);
#1510=VECTOR('',#5765,1.);
#1511=VECTOR('',#5766,1.);
#1512=VECTOR('',#5767,1.);
#1513=VECTOR('',#5770,1.);
#1514=VECTOR('',#5771,1.);
#1515=VECTOR('',#5774,1.);
#1516=VECTOR('',#5777,1.);
#1517=VECTOR('',#5782,1.);
#1518=VECTOR('',#5783,1.);
#1519=VECTOR('',#5784,1.);
#1520=VECTOR('',#5785,1.);
#1521=VECTOR('',#5788,1.);
#1522=VECTOR('',#5789,1.);
#1523=VECTOR('',#5790,1.);
#1524=VECTOR('',#5791,1.);
#1525=VECTOR('',#5794,1.);
#1526=VECTOR('',#5795,1.);
#1527=VECTOR('',#5798,1.);
#1528=VECTOR('',#5801,1.);
#1529=VECTOR('',#5806,1.);
#1530=VECTOR('',#5807,1.);
#1531=VECTOR('',#5808,1.);
#1532=VECTOR('',#5809,1.);
#1533=VECTOR('',#5812,1.);
#1534=VECTOR('',#5813,1.);
#1535=VECTOR('',#5814,1.);
#1536=VECTOR('',#5815,1.);
#1537=VECTOR('',#5818,1.);
#1538=VECTOR('',#5819,1.);
#1539=VECTOR('',#5822,1.);
#1540=VECTOR('',#5825,1.);
#1541=VECTOR('',#5830,1.);
#1542=VECTOR('',#5831,1.);
#1543=VECTOR('',#5832,1.);
#1544=VECTOR('',#5833,1.);
#1545=VECTOR('',#5836,1.);
#1546=VECTOR('',#5837,1.);
#1547=VECTOR('',#5838,1.);
#1548=VECTOR('',#5839,1.);
#1549=VECTOR('',#5842,1.);
#1550=VECTOR('',#5843,1.);
#1551=VECTOR('',#5846,1.);
#1552=VECTOR('',#5849,1.);
#1553=VECTOR('',#5854,1.);
#1554=VECTOR('',#5855,1.);
#1555=VECTOR('',#5856,1.);
#1556=VECTOR('',#5857,1.);
#1557=VECTOR('',#5860,1.);
#1558=VECTOR('',#5861,1.);
#1559=VECTOR('',#5862,1.);
#1560=VECTOR('',#5863,1.);
#1561=VECTOR('',#5866,1.);
#1562=VECTOR('',#5867,1.);
#1563=VECTOR('',#5870,1.);
#1564=VECTOR('',#5873,1.);
#1565=VECTOR('',#5878,1.);
#1566=VECTOR('',#5879,1.);
#1567=VECTOR('',#5880,1.);
#1568=VECTOR('',#5881,1.);
#1569=VECTOR('',#5884,1.);
#1570=VECTOR('',#5885,1.);
#1571=VECTOR('',#5886,1.);
#1572=VECTOR('',#5887,1.);
#1573=VECTOR('',#5890,1.);
#1574=VECTOR('',#5891,1.);
#1575=VECTOR('',#5894,1.);
#1576=VECTOR('',#5897,1.);
#1577=VECTOR('',#5902,1.);
#1578=VECTOR('',#5903,1.);
#1579=VECTOR('',#5904,1.);
#1580=VECTOR('',#5905,1.);
#1581=VECTOR('',#5908,1.);
#1582=VECTOR('',#5909,1.);
#1583=VECTOR('',#5910,1.);
#1584=VECTOR('',#5911,1.);
#1585=VECTOR('',#5914,1.);
#1586=VECTOR('',#5915,1.);
#1587=VECTOR('',#5918,1.);
#1588=VECTOR('',#5921,1.);
#1589=VECTOR('',#5926,1.);
#1590=VECTOR('',#5927,1.);
#1591=VECTOR('',#5928,1.);
#1592=VECTOR('',#5929,1.);
#1593=VECTOR('',#5932,1.);
#1594=VECTOR('',#5933,1.);
#1595=VECTOR('',#5934,1.);
#1596=VECTOR('',#5935,1.);
#1597=VECTOR('',#5938,1.);
#1598=VECTOR('',#5939,1.);
#1599=VECTOR('',#5942,1.);
#1600=VECTOR('',#5945,1.);
#1601=VECTOR('',#5950,1.);
#1602=VECTOR('',#5951,1.);
#1603=VECTOR('',#5952,1.);
#1604=VECTOR('',#5953,1.);
#1605=VECTOR('',#5956,1.);
#1606=VECTOR('',#5957,1.);
#1607=VECTOR('',#5958,1.);
#1608=VECTOR('',#5959,1.);
#1609=VECTOR('',#5962,1.);
#1610=VECTOR('',#5963,1.);
#1611=VECTOR('',#5966,1.);
#1612=VECTOR('',#5969,1.);
#1613=VECTOR('',#5974,1.);
#1614=VECTOR('',#5975,1.);
#1615=VECTOR('',#5976,1.);
#1616=VECTOR('',#5977,1.);
#1617=VECTOR('',#5980,1.);
#1618=VECTOR('',#5981,1.);
#1619=VECTOR('',#5982,1.);
#1620=VECTOR('',#5983,1.);
#1621=VECTOR('',#5986,1.);
#1622=VECTOR('',#5987,1.);
#1623=VECTOR('',#5990,1.);
#1624=VECTOR('',#5993,1.);
#1625=VECTOR('',#5998,1.);
#1626=VECTOR('',#5999,1.);
#1627=VECTOR('',#6000,1.);
#1628=VECTOR('',#6001,1.);
#1629=VECTOR('',#6004,1.);
#1630=VECTOR('',#6005,1.);
#1631=VECTOR('',#6006,1.);
#1632=VECTOR('',#6007,1.);
#1633=VECTOR('',#6010,1.);
#1634=VECTOR('',#6011,1.);
#1635=VECTOR('',#6014,1.);
#1636=VECTOR('',#6017,1.);
#1637=VECTOR('',#6022,1.);
#1638=VECTOR('',#6023,1.);
#1639=VECTOR('',#6024,1.);
#1640=VECTOR('',#6025,1.);
#1641=VECTOR('',#6028,1.);
#1642=VECTOR('',#6029,1.);
#1643=VECTOR('',#6030,1.);
#1644=VECTOR('',#6031,1.);
#1645=VECTOR('',#6034,1.);
#1646=VECTOR('',#6035,1.);
#1647=VECTOR('',#6038,1.);
#1648=VECTOR('',#6041,1.);
#1649=VECTOR('',#6046,1.);
#1650=VECTOR('',#6047,1.);
#1651=VECTOR('',#6048,1.);
#1652=VECTOR('',#6049,1.);
#1653=VECTOR('',#6052,1.);
#1654=VECTOR('',#6053,1.);
#1655=VECTOR('',#6054,1.);
#1656=VECTOR('',#6055,1.);
#1657=VECTOR('',#6058,1.);
#1658=VECTOR('',#6059,1.);
#1659=VECTOR('',#6062,1.);
#1660=VECTOR('',#6065,1.);
#1661=VECTOR('',#6070,1.);
#1662=VECTOR('',#6071,1.);
#1663=VECTOR('',#6072,1.);
#1664=VECTOR('',#6073,1.);
#1665=VECTOR('',#6076,1.);
#1666=VECTOR('',#6077,1.);
#1667=VECTOR('',#6078,1.);
#1668=VECTOR('',#6079,1.);
#1669=VECTOR('',#6082,1.);
#1670=VECTOR('',#6083,1.);
#1671=VECTOR('',#6086,1.);
#1672=VECTOR('',#6089,1.);
#1673=VECTOR('',#6094,1.);
#1674=VECTOR('',#6095,1.);
#1675=VECTOR('',#6096,1.);
#1676=VECTOR('',#6097,1.);
#1677=VECTOR('',#6100,1.);
#1678=VECTOR('',#6101,1.);
#1679=VECTOR('',#6102,1.);
#1680=VECTOR('',#6103,1.);
#1681=VECTOR('',#6106,1.);
#1682=VECTOR('',#6107,1.);
#1683=VECTOR('',#6110,1.);
#1684=VECTOR('',#6113,1.);
#1685=VECTOR('',#6118,1.);
#1686=VECTOR('',#6119,1.);
#1687=VECTOR('',#6120,1.);
#1688=VECTOR('',#6121,1.);
#1689=VECTOR('',#6124,1.);
#1690=VECTOR('',#6125,1.);
#1691=VECTOR('',#6126,1.);
#1692=VECTOR('',#6127,1.);
#1693=VECTOR('',#6130,1.);
#1694=VECTOR('',#6131,1.);
#1695=VECTOR('',#6134,1.);
#1696=VECTOR('',#6137,1.);
#1697=VECTOR('',#6142,1.);
#1698=VECTOR('',#6143,1.);
#1699=VECTOR('',#6144,1.);
#1700=VECTOR('',#6145,1.);
#1701=VECTOR('',#6148,1.);
#1702=VECTOR('',#6149,1.);
#1703=VECTOR('',#6150,1.);
#1704=VECTOR('',#6151,1.);
#1705=VECTOR('',#6154,1.);
#1706=VECTOR('',#6155,1.);
#1707=VECTOR('',#6158,1.);
#1708=VECTOR('',#6161,1.);
#1709=VECTOR('',#6166,1.);
#1710=VECTOR('',#6167,1.);
#1711=VECTOR('',#6168,1.);
#1712=VECTOR('',#6169,1.);
#1713=VECTOR('',#6172,1.);
#1714=VECTOR('',#6173,1.);
#1715=VECTOR('',#6174,1.);
#1716=VECTOR('',#6175,1.);
#1717=VECTOR('',#6178,1.);
#1718=VECTOR('',#6179,1.);
#1719=VECTOR('',#6182,1.);
#1720=VECTOR('',#6185,1.);
#1721=VECTOR('',#6190,1.);
#1722=VECTOR('',#6191,1.);
#1723=VECTOR('',#6192,1.);
#1724=VECTOR('',#6193,1.);
#1725=VECTOR('',#6196,1.);
#1726=VECTOR('',#6197,1.);
#1727=VECTOR('',#6198,1.);
#1728=VECTOR('',#6199,1.);
#1729=VECTOR('',#6202,1.);
#1730=VECTOR('',#6203,1.);
#1731=VECTOR('',#6206,1.);
#1732=VECTOR('',#6209,1.);
#1733=VECTOR('',#6214,1.);
#1734=VECTOR('',#6215,1.);
#1735=VECTOR('',#6216,1.);
#1736=VECTOR('',#6217,1.);
#1737=VECTOR('',#6220,1.);
#1738=VECTOR('',#6221,1.);
#1739=VECTOR('',#6222,1.);
#1740=VECTOR('',#6223,1.);
#1741=VECTOR('',#6226,1.);
#1742=VECTOR('',#6227,1.);
#1743=VECTOR('',#6230,1.);
#1744=VECTOR('',#6233,1.);
#1745=VECTOR('',#6238,1.);
#1746=VECTOR('',#6239,1.);
#1747=VECTOR('',#6240,1.);
#1748=VECTOR('',#6241,1.);
#1749=VECTOR('',#6244,1.);
#1750=VECTOR('',#6245,1.);
#1751=VECTOR('',#6246,1.);
#1752=VECTOR('',#6247,1.);
#1753=VECTOR('',#6250,1.);
#1754=VECTOR('',#6251,1.);
#1755=VECTOR('',#6254,1.);
#1756=VECTOR('',#6257,1.);
#1757=VECTOR('',#6262,1.);
#1758=VECTOR('',#6263,1.);
#1759=VECTOR('',#6264,1.);
#1760=VECTOR('',#6265,1.);
#1761=VECTOR('',#6268,1.);
#1762=VECTOR('',#6269,1.);
#1763=VECTOR('',#6270,1.);
#1764=VECTOR('',#6271,1.);
#1765=VECTOR('',#6274,1.);
#1766=VECTOR('',#6275,1.);
#1767=VECTOR('',#6278,1.);
#1768=VECTOR('',#6281,1.);
#1769=VECTOR('',#6286,1.);
#1770=VECTOR('',#6287,1.);
#1771=VECTOR('',#6288,1.);
#1772=VECTOR('',#6289,1.);
#1773=VECTOR('',#6292,1.);
#1774=VECTOR('',#6293,1.);
#1775=VECTOR('',#6294,1.);
#1776=VECTOR('',#6295,1.);
#1777=VECTOR('',#6298,1.);
#1778=VECTOR('',#6299,1.);
#1779=VECTOR('',#6302,1.);
#1780=VECTOR('',#6305,1.);
#1781=VECTOR('',#6310,1.);
#1782=VECTOR('',#6311,1.);
#1783=VECTOR('',#6312,1.);
#1784=VECTOR('',#6313,1.);
#1785=VECTOR('',#6316,1.);
#1786=VECTOR('',#6317,1.);
#1787=VECTOR('',#6318,1.);
#1788=VECTOR('',#6319,1.);
#1789=VECTOR('',#6322,1.);
#1790=VECTOR('',#6323,1.);
#1791=VECTOR('',#6326,1.);
#1792=VECTOR('',#6329,1.);
#1793=VECTOR('',#6334,1.);
#1794=VECTOR('',#6335,1.);
#1795=VECTOR('',#6336,1.);
#1796=VECTOR('',#6337,1.);
#1797=VECTOR('',#6340,1.);
#1798=VECTOR('',#6341,1.);
#1799=VECTOR('',#6342,1.);
#1800=VECTOR('',#6343,1.);
#1801=VECTOR('',#6346,1.);
#1802=VECTOR('',#6347,1.);
#1803=VECTOR('',#6350,1.);
#1804=VECTOR('',#6353,1.);
#1805=VECTOR('',#6358,1.);
#1806=VECTOR('',#6359,1.);
#1807=VECTOR('',#6360,1.);
#1808=VECTOR('',#6361,1.);
#1809=VECTOR('',#6364,1.);
#1810=VECTOR('',#6365,1.);
#1811=VECTOR('',#6366,1.);
#1812=VECTOR('',#6367,1.);
#1813=VECTOR('',#6370,1.);
#1814=VECTOR('',#6371,1.);
#1815=VECTOR('',#6374,1.);
#1816=VECTOR('',#6377,1.);
#1817=VECTOR('',#6382,1.);
#1818=VECTOR('',#6383,1.);
#1819=VECTOR('',#6384,1.);
#1820=VECTOR('',#6385,1.);
#1821=VECTOR('',#6388,1.);
#1822=VECTOR('',#6389,1.);
#1823=VECTOR('',#6390,1.);
#1824=VECTOR('',#6391,1.);
#1825=VECTOR('',#6394,1.);
#1826=VECTOR('',#6395,1.);
#1827=VECTOR('',#6398,1.);
#1828=VECTOR('',#6401,1.);
#1829=VECTOR('',#6406,1.);
#1830=VECTOR('',#6407,1.);
#1831=VECTOR('',#6408,1.);
#1832=VECTOR('',#6409,1.);
#1833=VECTOR('',#6412,1.);
#1834=VECTOR('',#6413,1.);
#1835=VECTOR('',#6414,1.);
#1836=VECTOR('',#6415,1.);
#1837=VECTOR('',#6418,1.);
#1838=VECTOR('',#6419,1.);
#1839=VECTOR('',#6422,1.);
#1840=VECTOR('',#6425,1.);
#1841=VECTOR('',#6430,1.);
#1842=VECTOR('',#6431,1.);
#1843=VECTOR('',#6432,1.);
#1844=VECTOR('',#6433,1.);
#1845=VECTOR('',#6436,1.);
#1846=VECTOR('',#6437,1.);
#1847=VECTOR('',#6438,1.);
#1848=VECTOR('',#6439,1.);
#1849=VECTOR('',#6442,1.);
#1850=VECTOR('',#6443,1.);
#1851=VECTOR('',#6446,1.);
#1852=VECTOR('',#6449,1.);
#1853=VECTOR('',#6454,1.);
#1854=VECTOR('',#6455,1.);
#1855=VECTOR('',#6456,1.);
#1856=VECTOR('',#6457,1.);
#1857=VECTOR('',#6460,1.);
#1858=VECTOR('',#6461,1.);
#1859=VECTOR('',#6462,1.);
#1860=VECTOR('',#6463,1.);
#1861=VECTOR('',#6466,1.);
#1862=VECTOR('',#6467,1.);
#1863=VECTOR('',#6470,1.);
#1864=VECTOR('',#6473,1.);
#1865=VECTOR('',#6478,1.);
#1866=VECTOR('',#6479,1.);
#1867=VECTOR('',#6480,1.);
#1868=VECTOR('',#6481,1.);
#1869=VECTOR('',#6484,1.);
#1870=VECTOR('',#6485,1.);
#1871=VECTOR('',#6486,1.);
#1872=VECTOR('',#6487,1.);
#1873=VECTOR('',#6490,1.);
#1874=VECTOR('',#6491,1.);
#1875=VECTOR('',#6494,1.);
#1876=VECTOR('',#6497,1.);
#1877=VECTOR('',#6502,1.);
#1878=VECTOR('',#6503,1.);
#1879=VECTOR('',#6504,1.);
#1880=VECTOR('',#6505,1.);
#1881=VECTOR('',#6508,1.);
#1882=VECTOR('',#6509,1.);
#1883=VECTOR('',#6510,1.);
#1884=VECTOR('',#6511,1.);
#1885=VECTOR('',#6514,1.);
#1886=VECTOR('',#6515,1.);
#1887=VECTOR('',#6518,1.);
#1888=VECTOR('',#6521,1.);
#1889=VECTOR('',#6526,1.);
#1890=VECTOR('',#6527,1.);
#1891=VECTOR('',#6528,1.);
#1892=VECTOR('',#6529,1.);
#1893=VECTOR('',#6532,1.);
#1894=VECTOR('',#6533,1.);
#1895=VECTOR('',#6534,1.);
#1896=VECTOR('',#6535,1.);
#1897=VECTOR('',#6538,1.);
#1898=VECTOR('',#6539,1.);
#1899=VECTOR('',#6542,1.);
#1900=VECTOR('',#6545,1.);
#1901=VECTOR('',#6550,1.);
#1902=VECTOR('',#6551,1.);
#1903=VECTOR('',#6552,1.);
#1904=VECTOR('',#6553,1.);
#1905=VECTOR('',#6556,1.);
#1906=VECTOR('',#6557,1.);
#1907=VECTOR('',#6558,1.);
#1908=VECTOR('',#6559,1.);
#1909=VECTOR('',#6562,1.);
#1910=VECTOR('',#6563,1.);
#1911=VECTOR('',#6566,1.);
#1912=VECTOR('',#6569,1.);
#1913=VECTOR('',#6574,1.);
#1914=VECTOR('',#6575,1.);
#1915=VECTOR('',#6576,1.);
#1916=VECTOR('',#6577,1.);
#1917=VECTOR('',#6580,1.);
#1918=VECTOR('',#6581,1.);
#1919=VECTOR('',#6582,1.);
#1920=VECTOR('',#6583,1.);
#1921=VECTOR('',#6586,1.);
#1922=VECTOR('',#6587,1.);
#1923=VECTOR('',#6590,1.);
#1924=VECTOR('',#6593,1.);
#1925=VECTOR('',#6598,1.);
#1926=VECTOR('',#6599,1.);
#1927=VECTOR('',#6600,1.);
#1928=VECTOR('',#6601,1.);
#1929=VECTOR('',#6604,1.);
#1930=VECTOR('',#6605,1.);
#1931=VECTOR('',#6606,1.);
#1932=VECTOR('',#6607,1.);
#1933=VECTOR('',#6610,1.);
#1934=VECTOR('',#6611,1.);
#1935=VECTOR('',#6614,1.);
#1936=VECTOR('',#6617,1.);
#1937=VECTOR('',#6622,1.);
#1938=VECTOR('',#6623,1.);
#1939=VECTOR('',#6624,1.);
#1940=VECTOR('',#6625,1.);
#1941=VECTOR('',#6628,1.);
#1942=VECTOR('',#6629,1.);
#1943=VECTOR('',#6630,1.);
#1944=VECTOR('',#6631,1.);
#1945=VECTOR('',#6634,1.);
#1946=VECTOR('',#6635,1.);
#1947=VECTOR('',#6638,1.);
#1948=VECTOR('',#6641,1.);
#1949=VECTOR('',#6646,1.);
#1950=VECTOR('',#6647,1.);
#1951=VECTOR('',#6648,1.);
#1952=VECTOR('',#6649,1.);
#1953=VECTOR('',#6652,1.);
#1954=VECTOR('',#6653,1.);
#1955=VECTOR('',#6654,1.);
#1956=VECTOR('',#6655,1.);
#1957=VECTOR('',#6658,1.);
#1958=VECTOR('',#6659,1.);
#1959=VECTOR('',#6662,1.);
#1960=VECTOR('',#6665,1.);
#1961=VECTOR('',#6670,1.);
#1962=VECTOR('',#6671,1.);
#1963=VECTOR('',#6672,1.);
#1964=VECTOR('',#6673,1.);
#1965=VECTOR('',#6676,1.);
#1966=VECTOR('',#6677,1.);
#1967=VECTOR('',#6678,1.);
#1968=VECTOR('',#6679,1.);
#1969=VECTOR('',#6682,1.);
#1970=VECTOR('',#6683,1.);
#1971=VECTOR('',#6686,1.);
#1972=VECTOR('',#6689,1.);
#1973=VECTOR('',#6694,1.);
#1974=VECTOR('',#6695,1.);
#1975=VECTOR('',#6696,1.);
#1976=VECTOR('',#6697,1.);
#1977=VECTOR('',#6700,1.);
#1978=VECTOR('',#6701,1.);
#1979=VECTOR('',#6702,1.);
#1980=VECTOR('',#6703,1.);
#1981=VECTOR('',#6706,1.);
#1982=VECTOR('',#6707,1.);
#1983=VECTOR('',#6710,1.);
#1984=VECTOR('',#6713,1.);
#1985=VECTOR('',#6718,1.);
#1986=VECTOR('',#6719,1.);
#1987=VECTOR('',#6720,1.);
#1988=VECTOR('',#6721,1.);
#1989=VECTOR('',#6724,1.);
#1990=VECTOR('',#6725,1.);
#1991=VECTOR('',#6726,1.);
#1992=VECTOR('',#6727,1.);
#1993=VECTOR('',#6730,1.);
#1994=VECTOR('',#6731,1.);
#1995=VECTOR('',#6734,1.);
#1996=VECTOR('',#6737,1.);
#1997=VECTOR('',#6742,1.);
#1998=VECTOR('',#6743,1.);
#1999=VECTOR('',#6744,1.);
#2000=VECTOR('',#6745,1.);
#2001=VECTOR('',#6748,1.);
#2002=VECTOR('',#6749,1.);
#2003=VECTOR('',#6750,1.);
#2004=VECTOR('',#6751,1.);
#2005=VECTOR('',#6754,1.);
#2006=VECTOR('',#6755,1.);
#2007=VECTOR('',#6758,1.);
#2008=VECTOR('',#6761,1.);
#2009=VECTOR('',#6766,1.);
#2010=VECTOR('',#6767,1.);
#2011=VECTOR('',#6768,1.);
#2012=VECTOR('',#6769,1.);
#2013=VECTOR('',#6772,1.);
#2014=VECTOR('',#6773,1.);
#2015=VECTOR('',#6774,1.);
#2016=VECTOR('',#6775,1.);
#2017=VECTOR('',#6778,1.);
#2018=VECTOR('',#6779,1.);
#2019=VECTOR('',#6782,1.);
#2020=VECTOR('',#6785,1.);
#2021=VECTOR('',#6790,1.);
#2022=VECTOR('',#6791,1.);
#2023=VECTOR('',#6792,1.);
#2024=VECTOR('',#6793,1.);
#2025=VECTOR('',#6796,1.);
#2026=VECTOR('',#6797,1.);
#2027=VECTOR('',#6798,1.);
#2028=VECTOR('',#6799,1.);
#2029=VECTOR('',#6802,1.);
#2030=VECTOR('',#6803,1.);
#2031=VECTOR('',#6806,1.);
#2032=VECTOR('',#6809,1.);
#2033=VECTOR('',#6814,1.);
#2034=VECTOR('',#6815,1.);
#2035=VECTOR('',#6816,1.);
#2036=VECTOR('',#6817,1.);
#2037=VECTOR('',#6820,1.);
#2038=VECTOR('',#6821,1.);
#2039=VECTOR('',#6822,1.);
#2040=VECTOR('',#6823,1.);
#2041=VECTOR('',#6826,1.);
#2042=VECTOR('',#6827,1.);
#2043=VECTOR('',#6830,1.);
#2044=VECTOR('',#6833,1.);
#2045=VECTOR('',#6838,1.);
#2046=VECTOR('',#6839,1.);
#2047=VECTOR('',#6840,1.);
#2048=VECTOR('',#6841,1.);
#2049=VECTOR('',#6844,1.);
#2050=VECTOR('',#6845,1.);
#2051=VECTOR('',#6846,1.);
#2052=VECTOR('',#6847,1.);
#2053=VECTOR('',#6850,1.);
#2054=VECTOR('',#6851,1.);
#2055=VECTOR('',#6854,1.);
#2056=VECTOR('',#6857,1.);
#2057=VECTOR('',#6862,1.);
#2058=VECTOR('',#6863,1.);
#2059=VECTOR('',#6864,1.);
#2060=VECTOR('',#6865,1.);
#2061=VECTOR('',#6868,1.);
#2062=VECTOR('',#6869,1.);
#2063=VECTOR('',#6870,1.);
#2064=VECTOR('',#6871,1.);
#2065=VECTOR('',#6874,1.);
#2066=VECTOR('',#6875,1.);
#2067=VECTOR('',#6878,1.);
#2068=VECTOR('',#6881,1.);
#2069=VECTOR('',#6886,1.);
#2070=VECTOR('',#6887,1.);
#2071=VECTOR('',#6888,1.);
#2072=VECTOR('',#6889,1.);
#2073=VECTOR('',#6892,1.);
#2074=VECTOR('',#6893,1.);
#2075=VECTOR('',#6894,1.);
#2076=VECTOR('',#6895,1.);
#2077=VECTOR('',#6898,1.);
#2078=VECTOR('',#6899,1.);
#2079=VECTOR('',#6902,1.);
#2080=VECTOR('',#6905,1.);
#2081=VECTOR('',#6910,1.);
#2082=VECTOR('',#6911,1.);
#2083=VECTOR('',#6912,1.);
#2084=VECTOR('',#6913,1.);
#2085=VECTOR('',#6916,1.);
#2086=VECTOR('',#6917,1.);
#2087=VECTOR('',#6918,1.);
#2088=VECTOR('',#6919,1.);
#2089=VECTOR('',#6922,1.);
#2090=VECTOR('',#6923,1.);
#2091=VECTOR('',#6926,1.);
#2092=VECTOR('',#6929,1.);
#2093=VECTOR('',#6934,1.);
#2094=VECTOR('',#6935,1.);
#2095=VECTOR('',#6936,1.);
#2096=VECTOR('',#6937,1.);
#2097=VECTOR('',#6940,1.);
#2098=VECTOR('',#6941,1.);
#2099=VECTOR('',#6942,1.);
#2100=VECTOR('',#6943,1.);
#2101=VECTOR('',#6946,1.);
#2102=VECTOR('',#6947,1.);
#2103=VECTOR('',#6950,1.);
#2104=VECTOR('',#6953,1.);
#2105=VECTOR('',#6958,1.);
#2106=VECTOR('',#6959,1.);
#2107=VECTOR('',#6960,1.);
#2108=VECTOR('',#6961,1.);
#2109=VECTOR('',#6964,1.);
#2110=VECTOR('',#6965,1.);
#2111=VECTOR('',#6966,1.);
#2112=VECTOR('',#6967,1.);
#2113=VECTOR('',#6970,1.);
#2114=VECTOR('',#6971,1.);
#2115=VECTOR('',#6974,1.);
#2116=VECTOR('',#6977,1.);
#2117=VECTOR('',#6982,1.);
#2118=VECTOR('',#6983,1.);
#2119=VECTOR('',#6984,1.);
#2120=VECTOR('',#6985,1.);
#2121=VECTOR('',#6988,1.);
#2122=VECTOR('',#6989,1.);
#2123=VECTOR('',#6990,1.);
#2124=VECTOR('',#6991,1.);
#2125=VECTOR('',#6994,1.);
#2126=VECTOR('',#6995,1.);
#2127=VECTOR('',#6998,1.);
#2128=VECTOR('',#7001,1.);
#2129=VECTOR('',#7006,1.);
#2130=VECTOR('',#7007,1.);
#2131=VECTOR('',#7008,1.);
#2132=VECTOR('',#7009,1.);
#2133=VECTOR('',#7012,1.);
#2134=VECTOR('',#7013,1.);
#2135=VECTOR('',#7014,1.);
#2136=VECTOR('',#7015,1.);
#2137=VECTOR('',#7018,1.);
#2138=VECTOR('',#7019,1.);
#2139=VECTOR('',#7022,1.);
#2140=VECTOR('',#7025,1.);
#2141=VERTEX_POINT('',#7030);
#2142=VERTEX_POINT('',#7031);
#2143=VERTEX_POINT('',#7033);
#2144=VERTEX_POINT('',#7035);
#2145=VERTEX_POINT('',#7039);
#2146=VERTEX_POINT('',#7040);
#2147=VERTEX_POINT('',#7042);
#2148=VERTEX_POINT('',#7044);
#2149=VERTEX_POINT('',#7056);
#2150=VERTEX_POINT('',#7057);
#2151=VERTEX_POINT('',#7059);
#2152=VERTEX_POINT('',#7061);
#2153=VERTEX_POINT('',#7065);
#2154=VERTEX_POINT('',#7066);
#2155=VERTEX_POINT('',#7068);
#2156=VERTEX_POINT('',#7070);
#2157=VERTEX_POINT('',#7082);
#2158=VERTEX_POINT('',#7083);
#2159=VERTEX_POINT('',#7085);
#2160=VERTEX_POINT('',#7087);
#2161=VERTEX_POINT('',#7091);
#2162=VERTEX_POINT('',#7092);
#2163=VERTEX_POINT('',#7094);
#2164=VERTEX_POINT('',#7096);
#2165=VERTEX_POINT('',#7108);
#2166=VERTEX_POINT('',#7109);
#2167=VERTEX_POINT('',#7111);
#2168=VERTEX_POINT('',#7113);
#2169=VERTEX_POINT('',#7117);
#2170=VERTEX_POINT('',#7118);
#2171=VERTEX_POINT('',#7120);
#2172=VERTEX_POINT('',#7122);
#2173=VERTEX_POINT('',#7134);
#2174=VERTEX_POINT('',#7135);
#2175=VERTEX_POINT('',#7137);
#2176=VERTEX_POINT('',#7139);
#2177=VERTEX_POINT('',#7143);
#2178=VERTEX_POINT('',#7144);
#2179=VERTEX_POINT('',#7146);
#2180=VERTEX_POINT('',#7148);
#2181=VERTEX_POINT('',#7160);
#2182=VERTEX_POINT('',#7161);
#2183=VERTEX_POINT('',#7163);
#2184=VERTEX_POINT('',#7165);
#2185=VERTEX_POINT('',#7169);
#2186=VERTEX_POINT('',#7170);
#2187=VERTEX_POINT('',#7172);
#2188=VERTEX_POINT('',#7174);
#2189=VERTEX_POINT('',#7186);
#2190=VERTEX_POINT('',#7187);
#2191=VERTEX_POINT('',#7189);
#2192=VERTEX_POINT('',#7191);
#2193=VERTEX_POINT('',#7195);
#2194=VERTEX_POINT('',#7196);
#2195=VERTEX_POINT('',#7198);
#2196=VERTEX_POINT('',#7200);
#2197=VERTEX_POINT('',#7212);
#2198=VERTEX_POINT('',#7213);
#2199=VERTEX_POINT('',#7215);
#2200=VERTEX_POINT('',#7217);
#2201=VERTEX_POINT('',#7221);
#2202=VERTEX_POINT('',#7222);
#2203=VERTEX_POINT('',#7224);
#2204=VERTEX_POINT('',#7226);
#2205=VERTEX_POINT('',#7238);
#2206=VERTEX_POINT('',#7239);
#2207=VERTEX_POINT('',#7241);
#2208=VERTEX_POINT('',#7243);
#2209=VERTEX_POINT('',#7247);
#2210=VERTEX_POINT('',#7248);
#2211=VERTEX_POINT('',#7250);
#2212=VERTEX_POINT('',#7252);
#2213=VERTEX_POINT('',#7264);
#2214=VERTEX_POINT('',#7265);
#2215=VERTEX_POINT('',#7267);
#2216=VERTEX_POINT('',#7269);
#2217=VERTEX_POINT('',#7273);
#2218=VERTEX_POINT('',#7274);
#2219=VERTEX_POINT('',#7276);
#2220=VERTEX_POINT('',#7278);
#2221=VERTEX_POINT('',#7290);
#2222=VERTEX_POINT('',#7291);
#2223=VERTEX_POINT('',#7293);
#2224=VERTEX_POINT('',#7295);
#2225=VERTEX_POINT('',#7299);
#2226=VERTEX_POINT('',#7300);
#2227=VERTEX_POINT('',#7302);
#2228=VERTEX_POINT('',#7304);
#2229=VERTEX_POINT('',#7316);
#2230=VERTEX_POINT('',#7317);
#2231=VERTEX_POINT('',#7319);
#2232=VERTEX_POINT('',#7321);
#2233=VERTEX_POINT('',#7325);
#2234=VERTEX_POINT('',#7326);
#2235=VERTEX_POINT('',#7328);
#2236=VERTEX_POINT('',#7330);
#2237=VERTEX_POINT('',#7342);
#2238=VERTEX_POINT('',#7343);
#2239=VERTEX_POINT('',#7345);
#2240=VERTEX_POINT('',#7347);
#2241=VERTEX_POINT('',#7351);
#2242=VERTEX_POINT('',#7352);
#2243=VERTEX_POINT('',#7354);
#2244=VERTEX_POINT('',#7356);
#2245=VERTEX_POINT('',#7368);
#2246=VERTEX_POINT('',#7369);
#2247=VERTEX_POINT('',#7371);
#2248=VERTEX_POINT('',#7373);
#2249=VERTEX_POINT('',#7377);
#2250=VERTEX_POINT('',#7378);
#2251=VERTEX_POINT('',#7380);
#2252=VERTEX_POINT('',#7382);
#2253=VERTEX_POINT('',#7394);
#2254=VERTEX_POINT('',#7395);
#2255=VERTEX_POINT('',#7397);
#2256=VERTEX_POINT('',#7399);
#2257=VERTEX_POINT('',#7403);
#2258=VERTEX_POINT('',#7404);
#2259=VERTEX_POINT('',#7406);
#2260=VERTEX_POINT('',#7408);
#2261=VERTEX_POINT('',#7420);
#2262=VERTEX_POINT('',#7421);
#2263=VERTEX_POINT('',#7423);
#2264=VERTEX_POINT('',#7425);
#2265=VERTEX_POINT('',#7429);
#2266=VERTEX_POINT('',#7430);
#2267=VERTEX_POINT('',#7432);
#2268=VERTEX_POINT('',#7434);
#2269=VERTEX_POINT('',#7446);
#2270=VERTEX_POINT('',#7447);
#2271=VERTEX_POINT('',#7449);
#2272=VERTEX_POINT('',#7451);
#2273=VERTEX_POINT('',#7455);
#2274=VERTEX_POINT('',#7456);
#2275=VERTEX_POINT('',#7458);
#2276=VERTEX_POINT('',#7460);
#2277=VERTEX_POINT('',#7472);
#2278=VERTEX_POINT('',#7473);
#2279=VERTEX_POINT('',#7475);
#2280=VERTEX_POINT('',#7477);
#2281=VERTEX_POINT('',#7481);
#2282=VERTEX_POINT('',#7482);
#2283=VERTEX_POINT('',#7484);
#2284=VERTEX_POINT('',#7486);
#2285=VERTEX_POINT('',#7498);
#2286=VERTEX_POINT('',#7499);
#2287=VERTEX_POINT('',#7501);
#2288=VERTEX_POINT('',#7503);
#2289=VERTEX_POINT('',#7507);
#2290=VERTEX_POINT('',#7508);
#2291=VERTEX_POINT('',#7510);
#2292=VERTEX_POINT('',#7512);
#2293=VERTEX_POINT('',#7524);
#2294=VERTEX_POINT('',#7525);
#2295=VERTEX_POINT('',#7527);
#2296=VERTEX_POINT('',#7529);
#2297=VERTEX_POINT('',#7533);
#2298=VERTEX_POINT('',#7534);
#2299=VERTEX_POINT('',#7536);
#2300=VERTEX_POINT('',#7538);
#2301=VERTEX_POINT('',#7550);
#2302=VERTEX_POINT('',#7551);
#2303=VERTEX_POINT('',#7553);
#2304=VERTEX_POINT('',#7555);
#2305=VERTEX_POINT('',#7559);
#2306=VERTEX_POINT('',#7560);
#2307=VERTEX_POINT('',#7562);
#2308=VERTEX_POINT('',#7564);
#2309=VERTEX_POINT('',#7576);
#2310=VERTEX_POINT('',#7577);
#2311=VERTEX_POINT('',#7579);
#2312=VERTEX_POINT('',#7581);
#2313=VERTEX_POINT('',#7585);
#2314=VERTEX_POINT('',#7586);
#2315=VERTEX_POINT('',#7588);
#2316=VERTEX_POINT('',#7590);
#2317=VERTEX_POINT('',#7602);
#2318=VERTEX_POINT('',#7603);
#2319=VERTEX_POINT('',#7605);
#2320=VERTEX_POINT('',#7607);
#2321=VERTEX_POINT('',#7611);
#2322=VERTEX_POINT('',#7612);
#2323=VERTEX_POINT('',#7614);
#2324=VERTEX_POINT('',#7616);
#2325=VERTEX_POINT('',#7628);
#2326=VERTEX_POINT('',#7629);
#2327=VERTEX_POINT('',#7631);
#2328=VERTEX_POINT('',#7633);
#2329=VERTEX_POINT('',#7637);
#2330=VERTEX_POINT('',#7638);
#2331=VERTEX_POINT('',#7640);
#2332=VERTEX_POINT('',#7642);
#2333=VERTEX_POINT('',#7654);
#2334=VERTEX_POINT('',#7655);
#2335=VERTEX_POINT('',#7657);
#2336=VERTEX_POINT('',#7659);
#2337=VERTEX_POINT('',#7663);
#2338=VERTEX_POINT('',#7664);
#2339=VERTEX_POINT('',#7666);
#2340=VERTEX_POINT('',#7668);
#2341=VERTEX_POINT('',#7680);
#2342=VERTEX_POINT('',#7681);
#2343=VERTEX_POINT('',#7683);
#2344=VERTEX_POINT('',#7685);
#2345=VERTEX_POINT('',#7689);
#2346=VERTEX_POINT('',#7690);
#2347=VERTEX_POINT('',#7692);
#2348=VERTEX_POINT('',#7694);
#2349=VERTEX_POINT('',#7706);
#2350=VERTEX_POINT('',#7707);
#2351=VERTEX_POINT('',#7709);
#2352=VERTEX_POINT('',#7711);
#2353=VERTEX_POINT('',#7715);
#2354=VERTEX_POINT('',#7716);
#2355=VERTEX_POINT('',#7718);
#2356=VERTEX_POINT('',#7720);
#2357=VERTEX_POINT('',#7732);
#2358=VERTEX_POINT('',#7733);
#2359=VERTEX_POINT('',#7735);
#2360=VERTEX_POINT('',#7737);
#2361=VERTEX_POINT('',#7741);
#2362=VERTEX_POINT('',#7742);
#2363=VERTEX_POINT('',#7744);
#2364=VERTEX_POINT('',#7746);
#2365=VERTEX_POINT('',#7758);
#2366=VERTEX_POINT('',#7759);
#2367=VERTEX_POINT('',#7761);
#2368=VERTEX_POINT('',#7763);
#2369=VERTEX_POINT('',#7767);
#2370=VERTEX_POINT('',#7768);
#2371=VERTEX_POINT('',#7770);
#2372=VERTEX_POINT('',#7772);
#2373=VERTEX_POINT('',#7784);
#2374=VERTEX_POINT('',#7785);
#2375=VERTEX_POINT('',#7787);
#2376=VERTEX_POINT('',#7789);
#2377=VERTEX_POINT('',#7793);
#2378=VERTEX_POINT('',#7794);
#2379=VERTEX_POINT('',#7796);
#2380=VERTEX_POINT('',#7798);
#2381=VERTEX_POINT('',#7810);
#2382=VERTEX_POINT('',#7811);
#2383=VERTEX_POINT('',#7813);
#2384=VERTEX_POINT('',#7815);
#2385=VERTEX_POINT('',#7819);
#2386=VERTEX_POINT('',#7820);
#2387=VERTEX_POINT('',#7822);
#2388=VERTEX_POINT('',#7824);
#2389=VERTEX_POINT('',#7836);
#2390=VERTEX_POINT('',#7837);
#2391=VERTEX_POINT('',#7839);
#2392=VERTEX_POINT('',#7841);
#2393=VERTEX_POINT('',#7845);
#2394=VERTEX_POINT('',#7846);
#2395=VERTEX_POINT('',#7848);
#2396=VERTEX_POINT('',#7850);
#2397=VERTEX_POINT('',#7862);
#2398=VERTEX_POINT('',#7863);
#2399=VERTEX_POINT('',#7865);
#2400=VERTEX_POINT('',#7867);
#2401=VERTEX_POINT('',#7871);
#2402=VERTEX_POINT('',#7872);
#2403=VERTEX_POINT('',#7874);
#2404=VERTEX_POINT('',#7876);
#2405=VERTEX_POINT('',#7888);
#2406=VERTEX_POINT('',#7889);
#2407=VERTEX_POINT('',#7891);
#2408=VERTEX_POINT('',#7893);
#2409=VERTEX_POINT('',#7897);
#2410=VERTEX_POINT('',#7898);
#2411=VERTEX_POINT('',#7900);
#2412=VERTEX_POINT('',#7902);
#2413=VERTEX_POINT('',#7914);
#2414=VERTEX_POINT('',#7915);
#2415=VERTEX_POINT('',#7917);
#2416=VERTEX_POINT('',#7919);
#2417=VERTEX_POINT('',#7923);
#2418=VERTEX_POINT('',#7924);
#2419=VERTEX_POINT('',#7926);
#2420=VERTEX_POINT('',#7928);
#2421=VERTEX_POINT('',#7940);
#2422=VERTEX_POINT('',#7941);
#2423=VERTEX_POINT('',#7943);
#2424=VERTEX_POINT('',#7945);
#2425=VERTEX_POINT('',#7949);
#2426=VERTEX_POINT('',#7950);
#2427=VERTEX_POINT('',#7952);
#2428=VERTEX_POINT('',#7954);
#2429=VERTEX_POINT('',#7966);
#2430=VERTEX_POINT('',#7967);
#2431=VERTEX_POINT('',#7969);
#2432=VERTEX_POINT('',#7971);
#2433=VERTEX_POINT('',#7975);
#2434=VERTEX_POINT('',#7976);
#2435=VERTEX_POINT('',#7978);
#2436=VERTEX_POINT('',#7980);
#2437=VERTEX_POINT('',#7992);
#2438=VERTEX_POINT('',#7993);
#2439=VERTEX_POINT('',#7995);
#2440=VERTEX_POINT('',#7997);
#2441=VERTEX_POINT('',#8001);
#2442=VERTEX_POINT('',#8002);
#2443=VERTEX_POINT('',#8004);
#2444=VERTEX_POINT('',#8006);
#2445=VERTEX_POINT('',#8018);
#2446=VERTEX_POINT('',#8019);
#2447=VERTEX_POINT('',#8021);
#2448=VERTEX_POINT('',#8023);
#2449=VERTEX_POINT('',#8027);
#2450=VERTEX_POINT('',#8028);
#2451=VERTEX_POINT('',#8030);
#2452=VERTEX_POINT('',#8032);
#2453=VERTEX_POINT('',#8044);
#2454=VERTEX_POINT('',#8045);
#2455=VERTEX_POINT('',#8047);
#2456=VERTEX_POINT('',#8049);
#2457=VERTEX_POINT('',#8053);
#2458=VERTEX_POINT('',#8054);
#2459=VERTEX_POINT('',#8056);
#2460=VERTEX_POINT('',#8058);
#2461=VERTEX_POINT('',#8070);
#2462=VERTEX_POINT('',#8071);
#2463=VERTEX_POINT('',#8073);
#2464=VERTEX_POINT('',#8075);
#2465=VERTEX_POINT('',#8079);
#2466=VERTEX_POINT('',#8080);
#2467=VERTEX_POINT('',#8082);
#2468=VERTEX_POINT('',#8084);
#2469=VERTEX_POINT('',#8096);
#2470=VERTEX_POINT('',#8097);
#2471=VERTEX_POINT('',#8099);
#2472=VERTEX_POINT('',#8101);
#2473=VERTEX_POINT('',#8105);
#2474=VERTEX_POINT('',#8106);
#2475=VERTEX_POINT('',#8108);
#2476=VERTEX_POINT('',#8110);
#2477=VERTEX_POINT('',#8122);
#2478=VERTEX_POINT('',#8123);
#2479=VERTEX_POINT('',#8125);
#2480=VERTEX_POINT('',#8127);
#2481=VERTEX_POINT('',#8131);
#2482=VERTEX_POINT('',#8132);
#2483=VERTEX_POINT('',#8134);
#2484=VERTEX_POINT('',#8136);
#2485=VERTEX_POINT('',#8148);
#2486=VERTEX_POINT('',#8149);
#2487=VERTEX_POINT('',#8151);
#2488=VERTEX_POINT('',#8153);
#2489=VERTEX_POINT('',#8157);
#2490=VERTEX_POINT('',#8158);
#2491=VERTEX_POINT('',#8160);
#2492=VERTEX_POINT('',#8162);
#2493=VERTEX_POINT('',#8174);
#2494=VERTEX_POINT('',#8175);
#2495=VERTEX_POINT('',#8177);
#2496=VERTEX_POINT('',#8179);
#2497=VERTEX_POINT('',#8183);
#2498=VERTEX_POINT('',#8184);
#2499=VERTEX_POINT('',#8186);
#2500=VERTEX_POINT('',#8188);
#2501=VERTEX_POINT('',#8200);
#2502=VERTEX_POINT('',#8201);
#2503=VERTEX_POINT('',#8203);
#2504=VERTEX_POINT('',#8205);
#2505=VERTEX_POINT('',#8209);
#2506=VERTEX_POINT('',#8210);
#2507=VERTEX_POINT('',#8212);
#2508=VERTEX_POINT('',#8214);
#2509=VERTEX_POINT('',#8226);
#2510=VERTEX_POINT('',#8227);
#2511=VERTEX_POINT('',#8229);
#2512=VERTEX_POINT('',#8231);
#2513=VERTEX_POINT('',#8235);
#2514=VERTEX_POINT('',#8236);
#2515=VERTEX_POINT('',#8238);
#2516=VERTEX_POINT('',#8240);
#2517=VERTEX_POINT('',#8252);
#2518=VERTEX_POINT('',#8253);
#2519=VERTEX_POINT('',#8255);
#2520=VERTEX_POINT('',#8257);
#2521=VERTEX_POINT('',#8261);
#2522=VERTEX_POINT('',#8262);
#2523=VERTEX_POINT('',#8264);
#2524=VERTEX_POINT('',#8266);
#2525=VERTEX_POINT('',#8278);
#2526=VERTEX_POINT('',#8279);
#2527=VERTEX_POINT('',#8281);
#2528=VERTEX_POINT('',#8283);
#2529=VERTEX_POINT('',#8287);
#2530=VERTEX_POINT('',#8288);
#2531=VERTEX_POINT('',#8290);
#2532=VERTEX_POINT('',#8292);
#2533=VERTEX_POINT('',#8304);
#2534=VERTEX_POINT('',#8305);
#2535=VERTEX_POINT('',#8307);
#2536=VERTEX_POINT('',#8309);
#2537=VERTEX_POINT('',#8313);
#2538=VERTEX_POINT('',#8314);
#2539=VERTEX_POINT('',#8316);
#2540=VERTEX_POINT('',#8318);
#2541=VERTEX_POINT('',#8330);
#2542=VERTEX_POINT('',#8331);
#2543=VERTEX_POINT('',#8333);
#2544=VERTEX_POINT('',#8335);
#2545=VERTEX_POINT('',#8339);
#2546=VERTEX_POINT('',#8340);
#2547=VERTEX_POINT('',#8342);
#2548=VERTEX_POINT('',#8344);
#2549=VERTEX_POINT('',#8356);
#2550=VERTEX_POINT('',#8357);
#2551=VERTEX_POINT('',#8359);
#2552=VERTEX_POINT('',#8361);
#2553=VERTEX_POINT('',#8365);
#2554=VERTEX_POINT('',#8366);
#2555=VERTEX_POINT('',#8368);
#2556=VERTEX_POINT('',#8370);
#2557=VERTEX_POINT('',#8382);
#2558=VERTEX_POINT('',#8383);
#2559=VERTEX_POINT('',#8385);
#2560=VERTEX_POINT('',#8387);
#2561=VERTEX_POINT('',#8391);
#2562=VERTEX_POINT('',#8392);
#2563=VERTEX_POINT('',#8394);
#2564=VERTEX_POINT('',#8396);
#2565=VERTEX_POINT('',#8408);
#2566=VERTEX_POINT('',#8409);
#2567=VERTEX_POINT('',#8411);
#2568=VERTEX_POINT('',#8413);
#2569=VERTEX_POINT('',#8417);
#2570=VERTEX_POINT('',#8418);
#2571=VERTEX_POINT('',#8420);
#2572=VERTEX_POINT('',#8422);
#2573=VERTEX_POINT('',#8434);
#2574=VERTEX_POINT('',#8435);
#2575=VERTEX_POINT('',#8437);
#2576=VERTEX_POINT('',#8439);
#2577=VERTEX_POINT('',#8443);
#2578=VERTEX_POINT('',#8444);
#2579=VERTEX_POINT('',#8446);
#2580=VERTEX_POINT('',#8448);
#2581=VERTEX_POINT('',#8460);
#2582=VERTEX_POINT('',#8461);
#2583=VERTEX_POINT('',#8463);
#2584=VERTEX_POINT('',#8465);
#2585=VERTEX_POINT('',#8469);
#2586=VERTEX_POINT('',#8470);
#2587=VERTEX_POINT('',#8472);
#2588=VERTEX_POINT('',#8474);
#2589=EDGE_CURVE('',#2141,#2142,#797,.T.);
#2590=EDGE_CURVE('',#2142,#2143,#798,.T.);
#2591=EDGE_CURVE('',#2143,#2144,#799,.T.);
#2592=EDGE_CURVE('',#2144,#2141,#800,.T.);
#2593=EDGE_CURVE('',#2145,#2146,#801,.T.);
#2594=EDGE_CURVE('',#2146,#2147,#802,.T.);
#2595=EDGE_CURVE('',#2147,#2148,#803,.T.);
#2596=EDGE_CURVE('',#2148,#2145,#804,.T.);
#2597=EDGE_CURVE('',#2144,#2147,#805,.T.);
#2598=EDGE_CURVE('',#2141,#2146,#806,.T.);
#2599=EDGE_CURVE('',#2143,#2148,#807,.T.);
#2600=EDGE_CURVE('',#2142,#2145,#808,.T.);
#2601=EDGE_CURVE('',#2149,#2150,#809,.T.);
#2602=EDGE_CURVE('',#2150,#2151,#810,.T.);
#2603=EDGE_CURVE('',#2151,#2152,#811,.T.);
#2604=EDGE_CURVE('',#2152,#2149,#812,.T.);
#2605=EDGE_CURVE('',#2153,#2154,#813,.T.);
#2606=EDGE_CURVE('',#2154,#2155,#814,.T.);
#2607=EDGE_CURVE('',#2155,#2156,#815,.T.);
#2608=EDGE_CURVE('',#2156,#2153,#816,.T.);
#2609=EDGE_CURVE('',#2152,#2155,#817,.T.);
#2610=EDGE_CURVE('',#2149,#2154,#818,.T.);
#2611=EDGE_CURVE('',#2151,#2156,#819,.T.);
#2612=EDGE_CURVE('',#2150,#2153,#820,.T.);
#2613=EDGE_CURVE('',#2157,#2158,#821,.T.);
#2614=EDGE_CURVE('',#2158,#2159,#822,.T.);
#2615=EDGE_CURVE('',#2159,#2160,#823,.T.);
#2616=EDGE_CURVE('',#2160,#2157,#824,.T.);
#2617=EDGE_CURVE('',#2161,#2162,#825,.T.);
#2618=EDGE_CURVE('',#2162,#2163,#826,.T.);
#2619=EDGE_CURVE('',#2163,#2164,#827,.T.);
#2620=EDGE_CURVE('',#2164,#2161,#828,.T.);
#2621=EDGE_CURVE('',#2160,#2163,#829,.T.);
#2622=EDGE_CURVE('',#2157,#2162,#830,.T.);
#2623=EDGE_CURVE('',#2159,#2164,#831,.T.);
#2624=EDGE_CURVE('',#2158,#2161,#832,.T.);
#2625=EDGE_CURVE('',#2165,#2166,#833,.T.);
#2626=EDGE_CURVE('',#2166,#2167,#834,.T.);
#2627=EDGE_CURVE('',#2167,#2168,#835,.T.);
#2628=EDGE_CURVE('',#2168,#2165,#836,.T.);
#2629=EDGE_CURVE('',#2169,#2170,#837,.T.);
#2630=EDGE_CURVE('',#2170,#2171,#838,.T.);
#2631=EDGE_CURVE('',#2171,#2172,#839,.T.);
#2632=EDGE_CURVE('',#2172,#2169,#840,.T.);
#2633=EDGE_CURVE('',#2168,#2171,#841,.T.);
#2634=EDGE_CURVE('',#2165,#2170,#842,.T.);
#2635=EDGE_CURVE('',#2167,#2172,#843,.T.);
#2636=EDGE_CURVE('',#2166,#2169,#844,.T.);
#2637=EDGE_CURVE('',#2173,#2174,#845,.T.);
#2638=EDGE_CURVE('',#2174,#2175,#846,.T.);
#2639=EDGE_CURVE('',#2175,#2176,#847,.T.);
#2640=EDGE_CURVE('',#2176,#2173,#848,.T.);
#2641=EDGE_CURVE('',#2177,#2178,#849,.T.);
#2642=EDGE_CURVE('',#2178,#2179,#850,.T.);
#2643=EDGE_CURVE('',#2179,#2180,#851,.T.);
#2644=EDGE_CURVE('',#2180,#2177,#852,.T.);
#2645=EDGE_CURVE('',#2176,#2179,#853,.T.);
#2646=EDGE_CURVE('',#2173,#2178,#854,.T.);
#2647=EDGE_CURVE('',#2175,#2180,#855,.T.);
#2648=EDGE_CURVE('',#2174,#2177,#856,.T.);
#2649=EDGE_CURVE('',#2181,#2182,#857,.T.);
#2650=EDGE_CURVE('',#2182,#2183,#858,.T.);
#2651=EDGE_CURVE('',#2183,#2184,#859,.T.);
#2652=EDGE_CURVE('',#2184,#2181,#860,.T.);
#2653=EDGE_CURVE('',#2185,#2186,#861,.T.);
#2654=EDGE_CURVE('',#2186,#2187,#862,.T.);
#2655=EDGE_CURVE('',#2187,#2188,#863,.T.);
#2656=EDGE_CURVE('',#2188,#2185,#864,.T.);
#2657=EDGE_CURVE('',#2184,#2187,#865,.T.);
#2658=EDGE_CURVE('',#2181,#2186,#866,.T.);
#2659=EDGE_CURVE('',#2183,#2188,#867,.T.);
#2660=EDGE_CURVE('',#2182,#2185,#868,.T.);
#2661=EDGE_CURVE('',#2189,#2190,#869,.T.);
#2662=EDGE_CURVE('',#2190,#2191,#870,.T.);
#2663=EDGE_CURVE('',#2191,#2192,#871,.T.);
#2664=EDGE_CURVE('',#2192,#2189,#872,.T.);
#2665=EDGE_CURVE('',#2193,#2194,#873,.T.);
#2666=EDGE_CURVE('',#2194,#2195,#874,.T.);
#2667=EDGE_CURVE('',#2195,#2196,#875,.T.);
#2668=EDGE_CURVE('',#2196,#2193,#876,.T.);
#2669=EDGE_CURVE('',#2192,#2195,#877,.T.);
#2670=EDGE_CURVE('',#2189,#2194,#878,.T.);
#2671=EDGE_CURVE('',#2191,#2196,#879,.T.);
#2672=EDGE_CURVE('',#2190,#2193,#880,.T.);
#2673=EDGE_CURVE('',#2197,#2198,#881,.T.);
#2674=EDGE_CURVE('',#2198,#2199,#882,.T.);
#2675=EDGE_CURVE('',#2199,#2200,#883,.T.);
#2676=EDGE_CURVE('',#2200,#2197,#884,.T.);
#2677=EDGE_CURVE('',#2201,#2202,#885,.T.);
#2678=EDGE_CURVE('',#2202,#2203,#886,.T.);
#2679=EDGE_CURVE('',#2203,#2204,#887,.T.);
#2680=EDGE_CURVE('',#2204,#2201,#888,.T.);
#2681=EDGE_CURVE('',#2200,#2203,#889,.T.);
#2682=EDGE_CURVE('',#2197,#2202,#890,.T.);
#2683=EDGE_CURVE('',#2199,#2204,#891,.T.);
#2684=EDGE_CURVE('',#2198,#2201,#892,.T.);
#2685=EDGE_CURVE('',#2205,#2206,#893,.T.);
#2686=EDGE_CURVE('',#2206,#2207,#894,.T.);
#2687=EDGE_CURVE('',#2207,#2208,#895,.T.);
#2688=EDGE_CURVE('',#2208,#2205,#896,.T.);
#2689=EDGE_CURVE('',#2209,#2210,#897,.T.);
#2690=EDGE_CURVE('',#2210,#2211,#898,.T.);
#2691=EDGE_CURVE('',#2211,#2212,#899,.T.);
#2692=EDGE_CURVE('',#2212,#2209,#900,.T.);
#2693=EDGE_CURVE('',#2208,#2211,#901,.T.);
#2694=EDGE_CURVE('',#2205,#2210,#902,.T.);
#2695=EDGE_CURVE('',#2207,#2212,#903,.T.);
#2696=EDGE_CURVE('',#2206,#2209,#904,.T.);
#2697=EDGE_CURVE('',#2213,#2214,#905,.T.);
#2698=EDGE_CURVE('',#2214,#2215,#906,.T.);
#2699=EDGE_CURVE('',#2215,#2216,#907,.T.);
#2700=EDGE_CURVE('',#2216,#2213,#908,.T.);
#2701=EDGE_CURVE('',#2217,#2218,#909,.T.);
#2702=EDGE_CURVE('',#2218,#2219,#910,.T.);
#2703=EDGE_CURVE('',#2219,#2220,#911,.T.);
#2704=EDGE_CURVE('',#2220,#2217,#912,.T.);
#2705=EDGE_CURVE('',#2216,#2219,#913,.T.);
#2706=EDGE_CURVE('',#2213,#2218,#914,.T.);
#2707=EDGE_CURVE('',#2215,#2220,#915,.T.);
#2708=EDGE_CURVE('',#2214,#2217,#916,.T.);
#2709=EDGE_CURVE('',#2221,#2222,#917,.T.);
#2710=EDGE_CURVE('',#2222,#2223,#918,.T.);
#2711=EDGE_CURVE('',#2223,#2224,#919,.T.);
#2712=EDGE_CURVE('',#2224,#2221,#920,.T.);
#2713=EDGE_CURVE('',#2225,#2226,#921,.T.);
#2714=EDGE_CURVE('',#2226,#2227,#922,.T.);
#2715=EDGE_CURVE('',#2227,#2228,#923,.T.);
#2716=EDGE_CURVE('',#2228,#2225,#924,.T.);
#2717=EDGE_CURVE('',#2224,#2227,#925,.T.);
#2718=EDGE_CURVE('',#2221,#2226,#926,.T.);
#2719=EDGE_CURVE('',#2223,#2228,#927,.T.);
#2720=EDGE_CURVE('',#2222,#2225,#928,.T.);
#2721=EDGE_CURVE('',#2229,#2230,#929,.T.);
#2722=EDGE_CURVE('',#2230,#2231,#930,.T.);
#2723=EDGE_CURVE('',#2231,#2232,#931,.T.);
#2724=EDGE_CURVE('',#2232,#2229,#932,.T.);
#2725=EDGE_CURVE('',#2233,#2234,#933,.T.);
#2726=EDGE_CURVE('',#2234,#2235,#934,.T.);
#2727=EDGE_CURVE('',#2235,#2236,#935,.T.);
#2728=EDGE_CURVE('',#2236,#2233,#936,.T.);
#2729=EDGE_CURVE('',#2232,#2235,#937,.T.);
#2730=EDGE_CURVE('',#2229,#2234,#938,.T.);
#2731=EDGE_CURVE('',#2231,#2236,#939,.T.);
#2732=EDGE_CURVE('',#2230,#2233,#940,.T.);
#2733=EDGE_CURVE('',#2237,#2238,#941,.T.);
#2734=EDGE_CURVE('',#2238,#2239,#942,.T.);
#2735=EDGE_CURVE('',#2239,#2240,#943,.T.);
#2736=EDGE_CURVE('',#2240,#2237,#944,.T.);
#2737=EDGE_CURVE('',#2241,#2242,#945,.T.);
#2738=EDGE_CURVE('',#2242,#2243,#946,.T.);
#2739=EDGE_CURVE('',#2243,#2244,#947,.T.);
#2740=EDGE_CURVE('',#2244,#2241,#948,.T.);
#2741=EDGE_CURVE('',#2240,#2243,#949,.T.);
#2742=EDGE_CURVE('',#2237,#2242,#950,.T.);
#2743=EDGE_CURVE('',#2239,#2244,#951,.T.);
#2744=EDGE_CURVE('',#2238,#2241,#952,.T.);
#2745=EDGE_CURVE('',#2245,#2246,#953,.T.);
#2746=EDGE_CURVE('',#2246,#2247,#954,.T.);
#2747=EDGE_CURVE('',#2247,#2248,#955,.T.);
#2748=EDGE_CURVE('',#2248,#2245,#956,.T.);
#2749=EDGE_CURVE('',#2249,#2250,#957,.T.);
#2750=EDGE_CURVE('',#2250,#2251,#958,.T.);
#2751=EDGE_CURVE('',#2251,#2252,#959,.T.);
#2752=EDGE_CURVE('',#2252,#2249,#960,.T.);
#2753=EDGE_CURVE('',#2248,#2251,#961,.T.);
#2754=EDGE_CURVE('',#2245,#2250,#962,.T.);
#2755=EDGE_CURVE('',#2247,#2252,#963,.T.);
#2756=EDGE_CURVE('',#2246,#2249,#964,.T.);
#2757=EDGE_CURVE('',#2253,#2254,#965,.T.);
#2758=EDGE_CURVE('',#2254,#2255,#966,.T.);
#2759=EDGE_CURVE('',#2255,#2256,#967,.T.);
#2760=EDGE_CURVE('',#2256,#2253,#968,.T.);
#2761=EDGE_CURVE('',#2257,#2258,#969,.T.);
#2762=EDGE_CURVE('',#2258,#2259,#970,.T.);
#2763=EDGE_CURVE('',#2259,#2260,#971,.T.);
#2764=EDGE_CURVE('',#2260,#2257,#972,.T.);
#2765=EDGE_CURVE('',#2256,#2259,#973,.T.);
#2766=EDGE_CURVE('',#2253,#2258,#974,.T.);
#2767=EDGE_CURVE('',#2255,#2260,#975,.T.);
#2768=EDGE_CURVE('',#2254,#2257,#976,.T.);
#2769=EDGE_CURVE('',#2261,#2262,#977,.T.);
#2770=EDGE_CURVE('',#2262,#2263,#978,.T.);
#2771=EDGE_CURVE('',#2263,#2264,#979,.T.);
#2772=EDGE_CURVE('',#2264,#2261,#980,.T.);
#2773=EDGE_CURVE('',#2265,#2266,#981,.T.);
#2774=EDGE_CURVE('',#2266,#2267,#982,.T.);
#2775=EDGE_CURVE('',#2267,#2268,#983,.T.);
#2776=EDGE_CURVE('',#2268,#2265,#984,.T.);
#2777=EDGE_CURVE('',#2264,#2267,#985,.T.);
#2778=EDGE_CURVE('',#2261,#2266,#986,.T.);
#2779=EDGE_CURVE('',#2263,#2268,#987,.T.);
#2780=EDGE_CURVE('',#2262,#2265,#988,.T.);
#2781=EDGE_CURVE('',#2269,#2270,#989,.T.);
#2782=EDGE_CURVE('',#2270,#2271,#990,.T.);
#2783=EDGE_CURVE('',#2271,#2272,#991,.T.);
#2784=EDGE_CURVE('',#2272,#2269,#992,.T.);
#2785=EDGE_CURVE('',#2273,#2274,#993,.T.);
#2786=EDGE_CURVE('',#2274,#2275,#994,.T.);
#2787=EDGE_CURVE('',#2275,#2276,#995,.T.);
#2788=EDGE_CURVE('',#2276,#2273,#996,.T.);
#2789=EDGE_CURVE('',#2272,#2275,#997,.T.);
#2790=EDGE_CURVE('',#2269,#2274,#998,.T.);
#2791=EDGE_CURVE('',#2271,#2276,#999,.T.);
#2792=EDGE_CURVE('',#2270,#2273,#1000,.T.);
#2793=EDGE_CURVE('',#2277,#2278,#1001,.T.);
#2794=EDGE_CURVE('',#2278,#2279,#1002,.T.);
#2795=EDGE_CURVE('',#2279,#2280,#1003,.T.);
#2796=EDGE_CURVE('',#2280,#2277,#1004,.T.);
#2797=EDGE_CURVE('',#2281,#2282,#1005,.T.);
#2798=EDGE_CURVE('',#2282,#2283,#1006,.T.);
#2799=EDGE_CURVE('',#2283,#2284,#1007,.T.);
#2800=EDGE_CURVE('',#2284,#2281,#1008,.T.);
#2801=EDGE_CURVE('',#2280,#2283,#1009,.T.);
#2802=EDGE_CURVE('',#2277,#2282,#1010,.T.);
#2803=EDGE_CURVE('',#2279,#2284,#1011,.T.);
#2804=EDGE_CURVE('',#2278,#2281,#1012,.T.);
#2805=EDGE_CURVE('',#2285,#2286,#1013,.T.);
#2806=EDGE_CURVE('',#2286,#2287,#1014,.T.);
#2807=EDGE_CURVE('',#2287,#2288,#1015,.T.);
#2808=EDGE_CURVE('',#2288,#2285,#1016,.T.);
#2809=EDGE_CURVE('',#2289,#2290,#1017,.T.);
#2810=EDGE_CURVE('',#2290,#2291,#1018,.T.);
#2811=EDGE_CURVE('',#2291,#2292,#1019,.T.);
#2812=EDGE_CURVE('',#2292,#2289,#1020,.T.);
#2813=EDGE_CURVE('',#2288,#2291,#1021,.T.);
#2814=EDGE_CURVE('',#2285,#2290,#1022,.T.);
#2815=EDGE_CURVE('',#2287,#2292,#1023,.T.);
#2816=EDGE_CURVE('',#2286,#2289,#1024,.T.);
#2817=EDGE_CURVE('',#2293,#2294,#1025,.T.);
#2818=EDGE_CURVE('',#2294,#2295,#1026,.T.);
#2819=EDGE_CURVE('',#2295,#2296,#1027,.T.);
#2820=EDGE_CURVE('',#2296,#2293,#1028,.T.);
#2821=EDGE_CURVE('',#2297,#2298,#1029,.T.);
#2822=EDGE_CURVE('',#2298,#2299,#1030,.T.);
#2823=EDGE_CURVE('',#2299,#2300,#1031,.T.);
#2824=EDGE_CURVE('',#2300,#2297,#1032,.T.);
#2825=EDGE_CURVE('',#2296,#2299,#1033,.T.);
#2826=EDGE_CURVE('',#2293,#2298,#1034,.T.);
#2827=EDGE_CURVE('',#2295,#2300,#1035,.T.);
#2828=EDGE_CURVE('',#2294,#2297,#1036,.T.);
#2829=EDGE_CURVE('',#2301,#2302,#1037,.T.);
#2830=EDGE_CURVE('',#2302,#2303,#1038,.T.);
#2831=EDGE_CURVE('',#2303,#2304,#1039,.T.);
#2832=EDGE_CURVE('',#2304,#2301,#1040,.T.);
#2833=EDGE_CURVE('',#2305,#2306,#1041,.T.);
#2834=EDGE_CURVE('',#2306,#2307,#1042,.T.);
#2835=EDGE_CURVE('',#2307,#2308,#1043,.T.);
#2836=EDGE_CURVE('',#2308,#2305,#1044,.T.);
#2837=EDGE_CURVE('',#2304,#2307,#1045,.T.);
#2838=EDGE_CURVE('',#2301,#2306,#1046,.T.);
#2839=EDGE_CURVE('',#2303,#2308,#1047,.T.);
#2840=EDGE_CURVE('',#2302,#2305,#1048,.T.);
#2841=EDGE_CURVE('',#2309,#2310,#1049,.T.);
#2842=EDGE_CURVE('',#2310,#2311,#1050,.T.);
#2843=EDGE_CURVE('',#2311,#2312,#1051,.T.);
#2844=EDGE_CURVE('',#2312,#2309,#1052,.T.);
#2845=EDGE_CURVE('',#2313,#2314,#1053,.T.);
#2846=EDGE_CURVE('',#2314,#2315,#1054,.T.);
#2847=EDGE_CURVE('',#2315,#2316,#1055,.T.);
#2848=EDGE_CURVE('',#2316,#2313,#1056,.T.);
#2849=EDGE_CURVE('',#2312,#2315,#1057,.T.);
#2850=EDGE_CURVE('',#2309,#2314,#1058,.T.);
#2851=EDGE_CURVE('',#2311,#2316,#1059,.T.);
#2852=EDGE_CURVE('',#2310,#2313,#1060,.T.);
#2853=EDGE_CURVE('',#2317,#2318,#1061,.T.);
#2854=EDGE_CURVE('',#2318,#2319,#1062,.T.);
#2855=EDGE_CURVE('',#2319,#2320,#1063,.T.);
#2856=EDGE_CURVE('',#2320,#2317,#1064,.T.);
#2857=EDGE_CURVE('',#2321,#2322,#1065,.T.);
#2858=EDGE_CURVE('',#2322,#2323,#1066,.T.);
#2859=EDGE_CURVE('',#2323,#2324,#1067,.T.);
#2860=EDGE_CURVE('',#2324,#2321,#1068,.T.);
#2861=EDGE_CURVE('',#2320,#2323,#1069,.T.);
#2862=EDGE_CURVE('',#2317,#2322,#1070,.T.);
#2863=EDGE_CURVE('',#2319,#2324,#1071,.T.);
#2864=EDGE_CURVE('',#2318,#2321,#1072,.T.);
#2865=EDGE_CURVE('',#2325,#2326,#1073,.T.);
#2866=EDGE_CURVE('',#2326,#2327,#1074,.T.);
#2867=EDGE_CURVE('',#2327,#2328,#1075,.T.);
#2868=EDGE_CURVE('',#2328,#2325,#1076,.T.);
#2869=EDGE_CURVE('',#2329,#2330,#1077,.T.);
#2870=EDGE_CURVE('',#2330,#2331,#1078,.T.);
#2871=EDGE_CURVE('',#2331,#2332,#1079,.T.);
#2872=EDGE_CURVE('',#2332,#2329,#1080,.T.);
#2873=EDGE_CURVE('',#2328,#2331,#1081,.T.);
#2874=EDGE_CURVE('',#2325,#2330,#1082,.T.);
#2875=EDGE_CURVE('',#2327,#2332,#1083,.T.);
#2876=EDGE_CURVE('',#2326,#2329,#1084,.T.);
#2877=EDGE_CURVE('',#2333,#2334,#1085,.T.);
#2878=EDGE_CURVE('',#2334,#2335,#1086,.T.);
#2879=EDGE_CURVE('',#2335,#2336,#1087,.T.);
#2880=EDGE_CURVE('',#2336,#2333,#1088,.T.);
#2881=EDGE_CURVE('',#2337,#2338,#1089,.T.);
#2882=EDGE_CURVE('',#2338,#2339,#1090,.T.);
#2883=EDGE_CURVE('',#2339,#2340,#1091,.T.);
#2884=EDGE_CURVE('',#2340,#2337,#1092,.T.);
#2885=EDGE_CURVE('',#2336,#2339,#1093,.T.);
#2886=EDGE_CURVE('',#2333,#2338,#1094,.T.);
#2887=EDGE_CURVE('',#2335,#2340,#1095,.T.);
#2888=EDGE_CURVE('',#2334,#2337,#1096,.T.);
#2889=EDGE_CURVE('',#2341,#2342,#1097,.T.);
#2890=EDGE_CURVE('',#2342,#2343,#1098,.T.);
#2891=EDGE_CURVE('',#2343,#2344,#1099,.T.);
#2892=EDGE_CURVE('',#2344,#2341,#1100,.T.);
#2893=EDGE_CURVE('',#2345,#2346,#1101,.T.);
#2894=EDGE_CURVE('',#2346,#2347,#1102,.T.);
#2895=EDGE_CURVE('',#2347,#2348,#1103,.T.);
#2896=EDGE_CURVE('',#2348,#2345,#1104,.T.);
#2897=EDGE_CURVE('',#2344,#2347,#1105,.T.);
#2898=EDGE_CURVE('',#2341,#2346,#1106,.T.);
#2899=EDGE_CURVE('',#2343,#2348,#1107,.T.);
#2900=EDGE_CURVE('',#2342,#2345,#1108,.T.);
#2901=EDGE_CURVE('',#2349,#2350,#1109,.T.);
#2902=EDGE_CURVE('',#2350,#2351,#1110,.T.);
#2903=EDGE_CURVE('',#2351,#2352,#1111,.T.);
#2904=EDGE_CURVE('',#2352,#2349,#1112,.T.);
#2905=EDGE_CURVE('',#2353,#2354,#1113,.T.);
#2906=EDGE_CURVE('',#2354,#2355,#1114,.T.);
#2907=EDGE_CURVE('',#2355,#2356,#1115,.T.);
#2908=EDGE_CURVE('',#2356,#2353,#1116,.T.);
#2909=EDGE_CURVE('',#2352,#2355,#1117,.T.);
#2910=EDGE_CURVE('',#2349,#2354,#1118,.T.);
#2911=EDGE_CURVE('',#2351,#2356,#1119,.T.);
#2912=EDGE_CURVE('',#2350,#2353,#1120,.T.);
#2913=EDGE_CURVE('',#2357,#2358,#1121,.T.);
#2914=EDGE_CURVE('',#2358,#2359,#1122,.T.);
#2915=EDGE_CURVE('',#2359,#2360,#1123,.T.);
#2916=EDGE_CURVE('',#2360,#2357,#1124,.T.);
#2917=EDGE_CURVE('',#2361,#2362,#1125,.T.);
#2918=EDGE_CURVE('',#2362,#2363,#1126,.T.);
#2919=EDGE_CURVE('',#2363,#2364,#1127,.T.);
#2920=EDGE_CURVE('',#2364,#2361,#1128,.T.);
#2921=EDGE_CURVE('',#2360,#2363,#1129,.T.);
#2922=EDGE_CURVE('',#2357,#2362,#1130,.T.);
#2923=EDGE_CURVE('',#2359,#2364,#1131,.T.);
#2924=EDGE_CURVE('',#2358,#2361,#1132,.T.);
#2925=EDGE_CURVE('',#2365,#2366,#1133,.T.);
#2926=EDGE_CURVE('',#2366,#2367,#1134,.T.);
#2927=EDGE_CURVE('',#2367,#2368,#1135,.T.);
#2928=EDGE_CURVE('',#2368,#2365,#1136,.T.);
#2929=EDGE_CURVE('',#2369,#2370,#1137,.T.);
#2930=EDGE_CURVE('',#2370,#2371,#1138,.T.);
#2931=EDGE_CURVE('',#2371,#2372,#1139,.T.);
#2932=EDGE_CURVE('',#2372,#2369,#1140,.T.);
#2933=EDGE_CURVE('',#2368,#2371,#1141,.T.);
#2934=EDGE_CURVE('',#2365,#2370,#1142,.T.);
#2935=EDGE_CURVE('',#2367,#2372,#1143,.T.);
#2936=EDGE_CURVE('',#2366,#2369,#1144,.T.);
#2937=EDGE_CURVE('',#2373,#2374,#1145,.T.);
#2938=EDGE_CURVE('',#2374,#2375,#1146,.T.);
#2939=EDGE_CURVE('',#2375,#2376,#1147,.T.);
#2940=EDGE_CURVE('',#2376,#2373,#1148,.T.);
#2941=EDGE_CURVE('',#2377,#2378,#1149,.T.);
#2942=EDGE_CURVE('',#2378,#2379,#1150,.T.);
#2943=EDGE_CURVE('',#2379,#2380,#1151,.T.);
#2944=EDGE_CURVE('',#2380,#2377,#1152,.T.);
#2945=EDGE_CURVE('',#2376,#2379,#1153,.T.);
#2946=EDGE_CURVE('',#2373,#2378,#1154,.T.);
#2947=EDGE_CURVE('',#2375,#2380,#1155,.T.);
#2948=EDGE_CURVE('',#2374,#2377,#1156,.T.);
#2949=EDGE_CURVE('',#2381,#2382,#1157,.T.);
#2950=EDGE_CURVE('',#2382,#2383,#1158,.T.);
#2951=EDGE_CURVE('',#2383,#2384,#1159,.T.);
#2952=EDGE_CURVE('',#2384,#2381,#1160,.T.);
#2953=EDGE_CURVE('',#2385,#2386,#1161,.T.);
#2954=EDGE_CURVE('',#2386,#2387,#1162,.T.);
#2955=EDGE_CURVE('',#2387,#2388,#1163,.T.);
#2956=EDGE_CURVE('',#2388,#2385,#1164,.T.);
#2957=EDGE_CURVE('',#2384,#2387,#1165,.T.);
#2958=EDGE_CURVE('',#2381,#2386,#1166,.T.);
#2959=EDGE_CURVE('',#2383,#2388,#1167,.T.);
#2960=EDGE_CURVE('',#2382,#2385,#1168,.T.);
#2961=EDGE_CURVE('',#2389,#2390,#1169,.T.);
#2962=EDGE_CURVE('',#2390,#2391,#1170,.T.);
#2963=EDGE_CURVE('',#2391,#2392,#1171,.T.);
#2964=EDGE_CURVE('',#2392,#2389,#1172,.T.);
#2965=EDGE_CURVE('',#2393,#2394,#1173,.T.);
#2966=EDGE_CURVE('',#2394,#2395,#1174,.T.);
#2967=EDGE_CURVE('',#2395,#2396,#1175,.T.);
#2968=EDGE_CURVE('',#2396,#2393,#1176,.T.);
#2969=EDGE_CURVE('',#2392,#2395,#1177,.T.);
#2970=EDGE_CURVE('',#2389,#2394,#1178,.T.);
#2971=EDGE_CURVE('',#2391,#2396,#1179,.T.);
#2972=EDGE_CURVE('',#2390,#2393,#1180,.T.);
#2973=EDGE_CURVE('',#2397,#2398,#1181,.T.);
#2974=EDGE_CURVE('',#2398,#2399,#1182,.T.);
#2975=EDGE_CURVE('',#2399,#2400,#1183,.T.);
#2976=EDGE_CURVE('',#2400,#2397,#1184,.T.);
#2977=EDGE_CURVE('',#2401,#2402,#1185,.T.);
#2978=EDGE_CURVE('',#2402,#2403,#1186,.T.);
#2979=EDGE_CURVE('',#2403,#2404,#1187,.T.);
#2980=EDGE_CURVE('',#2404,#2401,#1188,.T.);
#2981=EDGE_CURVE('',#2400,#2403,#1189,.T.);
#2982=EDGE_CURVE('',#2397,#2402,#1190,.T.);
#2983=EDGE_CURVE('',#2399,#2404,#1191,.T.);
#2984=EDGE_CURVE('',#2398,#2401,#1192,.T.);
#2985=EDGE_CURVE('',#2405,#2406,#1193,.T.);
#2986=EDGE_CURVE('',#2406,#2407,#1194,.T.);
#2987=EDGE_CURVE('',#2407,#2408,#1195,.T.);
#2988=EDGE_CURVE('',#2408,#2405,#1196,.T.);
#2989=EDGE_CURVE('',#2409,#2410,#1197,.T.);
#2990=EDGE_CURVE('',#2410,#2411,#1198,.T.);
#2991=EDGE_CURVE('',#2411,#2412,#1199,.T.);
#2992=EDGE_CURVE('',#2412,#2409,#1200,.T.);
#2993=EDGE_CURVE('',#2408,#2411,#1201,.T.);
#2994=EDGE_CURVE('',#2405,#2410,#1202,.T.);
#2995=EDGE_CURVE('',#2407,#2412,#1203,.T.);
#2996=EDGE_CURVE('',#2406,#2409,#1204,.T.);
#2997=EDGE_CURVE('',#2413,#2414,#1205,.T.);
#2998=EDGE_CURVE('',#2414,#2415,#1206,.T.);
#2999=EDGE_CURVE('',#2415,#2416,#1207,.T.);
#3000=EDGE_CURVE('',#2416,#2413,#1208,.T.);
#3001=EDGE_CURVE('',#2417,#2418,#1209,.T.);
#3002=EDGE_CURVE('',#2418,#2419,#1210,.T.);
#3003=EDGE_CURVE('',#2419,#2420,#1211,.T.);
#3004=EDGE_CURVE('',#2420,#2417,#1212,.T.);
#3005=EDGE_CURVE('',#2416,#2419,#1213,.T.);
#3006=EDGE_CURVE('',#2413,#2418,#1214,.T.);
#3007=EDGE_CURVE('',#2415,#2420,#1215,.T.);
#3008=EDGE_CURVE('',#2414,#2417,#1216,.T.);
#3009=EDGE_CURVE('',#2421,#2422,#1217,.T.);
#3010=EDGE_CURVE('',#2422,#2423,#1218,.T.);
#3011=EDGE_CURVE('',#2423,#2424,#1219,.T.);
#3012=EDGE_CURVE('',#2424,#2421,#1220,.T.);
#3013=EDGE_CURVE('',#2425,#2426,#1221,.T.);
#3014=EDGE_CURVE('',#2426,#2427,#1222,.T.);
#3015=EDGE_CURVE('',#2427,#2428,#1223,.T.);
#3016=EDGE_CURVE('',#2428,#2425,#1224,.T.);
#3017=EDGE_CURVE('',#2424,#2427,#1225,.T.);
#3018=EDGE_CURVE('',#2421,#2426,#1226,.T.);
#3019=EDGE_CURVE('',#2423,#2428,#1227,.T.);
#3020=EDGE_CURVE('',#2422,#2425,#1228,.T.);
#3021=EDGE_CURVE('',#2429,#2430,#1229,.T.);
#3022=EDGE_CURVE('',#2430,#2431,#1230,.T.);
#3023=EDGE_CURVE('',#2431,#2432,#1231,.T.);
#3024=EDGE_CURVE('',#2432,#2429,#1232,.T.);
#3025=EDGE_CURVE('',#2433,#2434,#1233,.T.);
#3026=EDGE_CURVE('',#2434,#2435,#1234,.T.);
#3027=EDGE_CURVE('',#2435,#2436,#1235,.T.);
#3028=EDGE_CURVE('',#2436,#2433,#1236,.T.);
#3029=EDGE_CURVE('',#2432,#2435,#1237,.T.);
#3030=EDGE_CURVE('',#2429,#2434,#1238,.T.);
#3031=EDGE_CURVE('',#2431,#2436,#1239,.T.);
#3032=EDGE_CURVE('',#2430,#2433,#1240,.T.);
#3033=EDGE_CURVE('',#2437,#2438,#1241,.T.);
#3034=EDGE_CURVE('',#2438,#2439,#1242,.T.);
#3035=EDGE_CURVE('',#2439,#2440,#1243,.T.);
#3036=EDGE_CURVE('',#2440,#2437,#1244,.T.);
#3037=EDGE_CURVE('',#2441,#2442,#1245,.T.);
#3038=EDGE_CURVE('',#2442,#2443,#1246,.T.);
#3039=EDGE_CURVE('',#2443,#2444,#1247,.T.);
#3040=EDGE_CURVE('',#2444,#2441,#1248,.T.);
#3041=EDGE_CURVE('',#2440,#2443,#1249,.T.);
#3042=EDGE_CURVE('',#2437,#2442,#1250,.T.);
#3043=EDGE_CURVE('',#2439,#2444,#1251,.T.);
#3044=EDGE_CURVE('',#2438,#2441,#1252,.T.);
#3045=EDGE_CURVE('',#2445,#2446,#1253,.T.);
#3046=EDGE_CURVE('',#2446,#2447,#1254,.T.);
#3047=EDGE_CURVE('',#2447,#2448,#1255,.T.);
#3048=EDGE_CURVE('',#2448,#2445,#1256,.T.);
#3049=EDGE_CURVE('',#2449,#2450,#1257,.T.);
#3050=EDGE_CURVE('',#2450,#2451,#1258,.T.);
#3051=EDGE_CURVE('',#2451,#2452,#1259,.T.);
#3052=EDGE_CURVE('',#2452,#2449,#1260,.T.);
#3053=EDGE_CURVE('',#2448,#2451,#1261,.T.);
#3054=EDGE_CURVE('',#2445,#2450,#1262,.T.);
#3055=EDGE_CURVE('',#2447,#2452,#1263,.T.);
#3056=EDGE_CURVE('',#2446,#2449,#1264,.T.);
#3057=EDGE_CURVE('',#2453,#2454,#1265,.T.);
#3058=EDGE_CURVE('',#2454,#2455,#1266,.T.);
#3059=EDGE_CURVE('',#2455,#2456,#1267,.T.);
#3060=EDGE_CURVE('',#2456,#2453,#1268,.T.);
#3061=EDGE_CURVE('',#2457,#2458,#1269,.T.);
#3062=EDGE_CURVE('',#2458,#2459,#1270,.T.);
#3063=EDGE_CURVE('',#2459,#2460,#1271,.T.);
#3064=EDGE_CURVE('',#2460,#2457,#1272,.T.);
#3065=EDGE_CURVE('',#2456,#2459,#1273,.T.);
#3066=EDGE_CURVE('',#2453,#2458,#1274,.T.);
#3067=EDGE_CURVE('',#2455,#2460,#1275,.T.);
#3068=EDGE_CURVE('',#2454,#2457,#1276,.T.);
#3069=EDGE_CURVE('',#2461,#2462,#1277,.T.);
#3070=EDGE_CURVE('',#2462,#2463,#1278,.T.);
#3071=EDGE_CURVE('',#2463,#2464,#1279,.T.);
#3072=EDGE_CURVE('',#2464,#2461,#1280,.T.);
#3073=EDGE_CURVE('',#2465,#2466,#1281,.T.);
#3074=EDGE_CURVE('',#2466,#2467,#1282,.T.);
#3075=EDGE_CURVE('',#2467,#2468,#1283,.T.);
#3076=EDGE_CURVE('',#2468,#2465,#1284,.T.);
#3077=EDGE_CURVE('',#2464,#2467,#1285,.T.);
#3078=EDGE_CURVE('',#2461,#2466,#1286,.T.);
#3079=EDGE_CURVE('',#2463,#2468,#1287,.T.);
#3080=EDGE_CURVE('',#2462,#2465,#1288,.T.);
#3081=EDGE_CURVE('',#2469,#2470,#1289,.T.);
#3082=EDGE_CURVE('',#2470,#2471,#1290,.T.);
#3083=EDGE_CURVE('',#2471,#2472,#1291,.T.);
#3084=EDGE_CURVE('',#2472,#2469,#1292,.T.);
#3085=EDGE_CURVE('',#2473,#2474,#1293,.T.);
#3086=EDGE_CURVE('',#2474,#2475,#1294,.T.);
#3087=EDGE_CURVE('',#2475,#2476,#1295,.T.);
#3088=EDGE_CURVE('',#2476,#2473,#1296,.T.);
#3089=EDGE_CURVE('',#2472,#2475,#1297,.T.);
#3090=EDGE_CURVE('',#2469,#2474,#1298,.T.);
#3091=EDGE_CURVE('',#2471,#2476,#1299,.T.);
#3092=EDGE_CURVE('',#2470,#2473,#1300,.T.);
#3093=EDGE_CURVE('',#2477,#2478,#1301,.T.);
#3094=EDGE_CURVE('',#2478,#2479,#1302,.T.);
#3095=EDGE_CURVE('',#2479,#2480,#1303,.T.);
#3096=EDGE_CURVE('',#2480,#2477,#1304,.T.);
#3097=EDGE_CURVE('',#2481,#2482,#1305,.T.);
#3098=EDGE_CURVE('',#2482,#2483,#1306,.T.);
#3099=EDGE_CURVE('',#2483,#2484,#1307,.T.);
#3100=EDGE_CURVE('',#2484,#2481,#1308,.T.);
#3101=EDGE_CURVE('',#2480,#2483,#1309,.T.);
#3102=EDGE_CURVE('',#2477,#2482,#1310,.T.);
#3103=EDGE_CURVE('',#2479,#2484,#1311,.T.);
#3104=EDGE_CURVE('',#2478,#2481,#1312,.T.);
#3105=EDGE_CURVE('',#2485,#2486,#1313,.T.);
#3106=EDGE_CURVE('',#2486,#2487,#1314,.T.);
#3107=EDGE_CURVE('',#2487,#2488,#1315,.T.);
#3108=EDGE_CURVE('',#2488,#2485,#1316,.T.);
#3109=EDGE_CURVE('',#2489,#2490,#1317,.T.);
#3110=EDGE_CURVE('',#2490,#2491,#1318,.T.);
#3111=EDGE_CURVE('',#2491,#2492,#1319,.T.);
#3112=EDGE_CURVE('',#2492,#2489,#1320,.T.);
#3113=EDGE_CURVE('',#2488,#2491,#1321,.T.);
#3114=EDGE_CURVE('',#2485,#2490,#1322,.T.);
#3115=EDGE_CURVE('',#2487,#2492,#1323,.T.);
#3116=EDGE_CURVE('',#2486,#2489,#1324,.T.);
#3117=EDGE_CURVE('',#2493,#2494,#1325,.T.);
#3118=EDGE_CURVE('',#2494,#2495,#1326,.T.);
#3119=EDGE_CURVE('',#2495,#2496,#1327,.T.);
#3120=EDGE_CURVE('',#2496,#2493,#1328,.T.);
#3121=EDGE_CURVE('',#2497,#2498,#1329,.T.);
#3122=EDGE_CURVE('',#2498,#2499,#1330,.T.);
#3123=EDGE_CURVE('',#2499,#2500,#1331,.T.);
#3124=EDGE_CURVE('',#2500,#2497,#1332,.T.);
#3125=EDGE_CURVE('',#2496,#2499,#1333,.T.);
#3126=EDGE_CURVE('',#2493,#2498,#1334,.T.);
#3127=EDGE_CURVE('',#2495,#2500,#1335,.T.);
#3128=EDGE_CURVE('',#2494,#2497,#1336,.T.);
#3129=EDGE_CURVE('',#2501,#2502,#1337,.T.);
#3130=EDGE_CURVE('',#2502,#2503,#1338,.T.);
#3131=EDGE_CURVE('',#2503,#2504,#1339,.T.);
#3132=EDGE_CURVE('',#2504,#2501,#1340,.T.);
#3133=EDGE_CURVE('',#2505,#2506,#1341,.T.);
#3134=EDGE_CURVE('',#2506,#2507,#1342,.T.);
#3135=EDGE_CURVE('',#2507,#2508,#1343,.T.);
#3136=EDGE_CURVE('',#2508,#2505,#1344,.T.);
#3137=EDGE_CURVE('',#2504,#2507,#1345,.T.);
#3138=EDGE_CURVE('',#2501,#2506,#1346,.T.);
#3139=EDGE_CURVE('',#2503,#2508,#1347,.T.);
#3140=EDGE_CURVE('',#2502,#2505,#1348,.T.);
#3141=EDGE_CURVE('',#2509,#2510,#1349,.T.);
#3142=EDGE_CURVE('',#2510,#2511,#1350,.T.);
#3143=EDGE_CURVE('',#2511,#2512,#1351,.T.);
#3144=EDGE_CURVE('',#2512,#2509,#1352,.T.);
#3145=EDGE_CURVE('',#2513,#2514,#1353,.T.);
#3146=EDGE_CURVE('',#2514,#2515,#1354,.T.);
#3147=EDGE_CURVE('',#2515,#2516,#1355,.T.);
#3148=EDGE_CURVE('',#2516,#2513,#1356,.T.);
#3149=EDGE_CURVE('',#2512,#2515,#1357,.T.);
#3150=EDGE_CURVE('',#2509,#2514,#1358,.T.);
#3151=EDGE_CURVE('',#2511,#2516,#1359,.T.);
#3152=EDGE_CURVE('',#2510,#2513,#1360,.T.);
#3153=EDGE_CURVE('',#2517,#2518,#1361,.T.);
#3154=EDGE_CURVE('',#2518,#2519,#1362,.T.);
#3155=EDGE_CURVE('',#2519,#2520,#1363,.T.);
#3156=EDGE_CURVE('',#2520,#2517,#1364,.T.);
#3157=EDGE_CURVE('',#2521,#2522,#1365,.T.);
#3158=EDGE_CURVE('',#2522,#2523,#1366,.T.);
#3159=EDGE_CURVE('',#2523,#2524,#1367,.T.);
#3160=EDGE_CURVE('',#2524,#2521,#1368,.T.);
#3161=EDGE_CURVE('',#2520,#2523,#1369,.T.);
#3162=EDGE_CURVE('',#2517,#2522,#1370,.T.);
#3163=EDGE_CURVE('',#2519,#2524,#1371,.T.);
#3164=EDGE_CURVE('',#2518,#2521,#1372,.T.);
#3165=EDGE_CURVE('',#2525,#2526,#1373,.T.);
#3166=EDGE_CURVE('',#2526,#2527,#1374,.T.);
#3167=EDGE_CURVE('',#2527,#2528,#1375,.T.);
#3168=EDGE_CURVE('',#2528,#2525,#1376,.T.);
#3169=EDGE_CURVE('',#2529,#2530,#1377,.T.);
#3170=EDGE_CURVE('',#2530,#2531,#1378,.T.);
#3171=EDGE_CURVE('',#2531,#2532,#1379,.T.);
#3172=EDGE_CURVE('',#2532,#2529,#1380,.T.);
#3173=EDGE_CURVE('',#2528,#2531,#1381,.T.);
#3174=EDGE_CURVE('',#2525,#2530,#1382,.T.);
#3175=EDGE_CURVE('',#2527,#2532,#1383,.T.);
#3176=EDGE_CURVE('',#2526,#2529,#1384,.T.);
#3177=EDGE_CURVE('',#2533,#2534,#1385,.T.);
#3178=EDGE_CURVE('',#2534,#2535,#1386,.T.);
#3179=EDGE_CURVE('',#2535,#2536,#1387,.T.);
#3180=EDGE_CURVE('',#2536,#2533,#1388,.T.);
#3181=EDGE_CURVE('',#2537,#2538,#1389,.T.);
#3182=EDGE_CURVE('',#2538,#2539,#1390,.T.);
#3183=EDGE_CURVE('',#2539,#2540,#1391,.T.);
#3184=EDGE_CURVE('',#2540,#2537,#1392,.T.);
#3185=EDGE_CURVE('',#2536,#2539,#1393,.T.);
#3186=EDGE_CURVE('',#2533,#2538,#1394,.T.);
#3187=EDGE_CURVE('',#2535,#2540,#1395,.T.);
#3188=EDGE_CURVE('',#2534,#2537,#1396,.T.);
#3189=EDGE_CURVE('',#2541,#2542,#1397,.T.);
#3190=EDGE_CURVE('',#2542,#2543,#1398,.T.);
#3191=EDGE_CURVE('',#2543,#2544,#1399,.T.);
#3192=EDGE_CURVE('',#2544,#2541,#1400,.T.);
#3193=EDGE_CURVE('',#2545,#2546,#1401,.T.);
#3194=EDGE_CURVE('',#2546,#2547,#1402,.T.);
#3195=EDGE_CURVE('',#2547,#2548,#1403,.T.);
#3196=EDGE_CURVE('',#2548,#2545,#1404,.T.);
#3197=EDGE_CURVE('',#2544,#2547,#1405,.T.);
#3198=EDGE_CURVE('',#2541,#2546,#1406,.T.);
#3199=EDGE_CURVE('',#2543,#2548,#1407,.T.);
#3200=EDGE_CURVE('',#2542,#2545,#1408,.T.);
#3201=EDGE_CURVE('',#2549,#2550,#1409,.T.);
#3202=EDGE_CURVE('',#2550,#2551,#1410,.T.);
#3203=EDGE_CURVE('',#2551,#2552,#1411,.T.);
#3204=EDGE_CURVE('',#2552,#2549,#1412,.T.);
#3205=EDGE_CURVE('',#2553,#2554,#1413,.T.);
#3206=EDGE_CURVE('',#2554,#2555,#1414,.T.);
#3207=EDGE_CURVE('',#2555,#2556,#1415,.T.);
#3208=EDGE_CURVE('',#2556,#2553,#1416,.T.);
#3209=EDGE_CURVE('',#2552,#2555,#1417,.T.);
#3210=EDGE_CURVE('',#2549,#2554,#1418,.T.);
#3211=EDGE_CURVE('',#2551,#2556,#1419,.T.);
#3212=EDGE_CURVE('',#2550,#2553,#1420,.T.);
#3213=EDGE_CURVE('',#2557,#2558,#1421,.T.);
#3214=EDGE_CURVE('',#2558,#2559,#1422,.T.);
#3215=EDGE_CURVE('',#2559,#2560,#1423,.T.);
#3216=EDGE_CURVE('',#2560,#2557,#1424,.T.);
#3217=EDGE_CURVE('',#2561,#2562,#1425,.T.);
#3218=EDGE_CURVE('',#2562,#2563,#1426,.T.);
#3219=EDGE_CURVE('',#2563,#2564,#1427,.T.);
#3220=EDGE_CURVE('',#2564,#2561,#1428,.T.);
#3221=EDGE_CURVE('',#2560,#2563,#1429,.T.);
#3222=EDGE_CURVE('',#2557,#2562,#1430,.T.);
#3223=EDGE_CURVE('',#2559,#2564,#1431,.T.);
#3224=EDGE_CURVE('',#2558,#2561,#1432,.T.);
#3225=EDGE_CURVE('',#2565,#2566,#1433,.T.);
#3226=EDGE_CURVE('',#2566,#2567,#1434,.T.);
#3227=EDGE_CURVE('',#2567,#2568,#1435,.T.);
#3228=EDGE_CURVE('',#2568,#2565,#1436,.T.);
#3229=EDGE_CURVE('',#2569,#2570,#1437,.T.);
#3230=EDGE_CURVE('',#2570,#2571,#1438,.T.);
#3231=EDGE_CURVE('',#2571,#2572,#1439,.T.);
#3232=EDGE_CURVE('',#2572,#2569,#1440,.T.);
#3233=EDGE_CURVE('',#2568,#2571,#1441,.T.);
#3234=EDGE_CURVE('',#2565,#2570,#1442,.T.);
#3235=EDGE_CURVE('',#2567,#2572,#1443,.T.);
#3236=EDGE_CURVE('',#2566,#2569,#1444,.T.);
#3237=EDGE_CURVE('',#2573,#2574,#1445,.T.);
#3238=EDGE_CURVE('',#2574,#2575,#1446,.T.);
#3239=EDGE_CURVE('',#2575,#2576,#1447,.T.);
#3240=EDGE_CURVE('',#2576,#2573,#1448,.T.);
#3241=EDGE_CURVE('',#2577,#2578,#1449,.T.);
#3242=EDGE_CURVE('',#2578,#2579,#1450,.T.);
#3243=EDGE_CURVE('',#2579,#2580,#1451,.T.);
#3244=EDGE_CURVE('',#2580,#2577,#1452,.T.);
#3245=EDGE_CURVE('',#2576,#2579,#1453,.T.);
#3246=EDGE_CURVE('',#2573,#2578,#1454,.T.);
#3247=EDGE_CURVE('',#2575,#2580,#1455,.T.);
#3248=EDGE_CURVE('',#2574,#2577,#1456,.T.);
#3249=EDGE_CURVE('',#2581,#2582,#1457,.T.);
#3250=EDGE_CURVE('',#2582,#2583,#1458,.T.);
#3251=EDGE_CURVE('',#2583,#2584,#1459,.T.);
#3252=EDGE_CURVE('',#2584,#2581,#1460,.T.);
#3253=EDGE_CURVE('',#2585,#2586,#1461,.T.);
#3254=EDGE_CURVE('',#2586,#2587,#1462,.T.);
#3255=EDGE_CURVE('',#2587,#2588,#1463,.T.);
#3256=EDGE_CURVE('',#2588,#2585,#1464,.T.);
#3257=EDGE_CURVE('',#2584,#2587,#1465,.T.);
#3258=EDGE_CURVE('',#2581,#2586,#1466,.T.);
#3259=EDGE_CURVE('',#2583,#2588,#1467,.T.);
#3260=EDGE_CURVE('',#2582,#2585,#1468,.T.);
#3261=ORIENTED_EDGE('',*,*,#2589,.T.);
#3262=ORIENTED_EDGE('',*,*,#2590,.T.);
#3263=ORIENTED_EDGE('',*,*,#2591,.T.);
#3264=ORIENTED_EDGE('',*,*,#2592,.T.);
#3265=ORIENTED_EDGE('',*,*,#2593,.T.);
#3266=ORIENTED_EDGE('',*,*,#2594,.T.);
#3267=ORIENTED_EDGE('',*,*,#2595,.T.);
#3268=ORIENTED_EDGE('',*,*,#2596,.T.);
#3269=ORIENTED_EDGE('',*,*,#2597,.T.);
#3270=ORIENTED_EDGE('',*,*,#2594,.F.);
#3271=ORIENTED_EDGE('',*,*,#2598,.F.);
#3272=ORIENTED_EDGE('',*,*,#2592,.F.);
#3273=ORIENTED_EDGE('',*,*,#2599,.T.);
#3274=ORIENTED_EDGE('',*,*,#2595,.F.);
#3275=ORIENTED_EDGE('',*,*,#2597,.F.);
#3276=ORIENTED_EDGE('',*,*,#2591,.F.);
#3277=ORIENTED_EDGE('',*,*,#2600,.T.);
#3278=ORIENTED_EDGE('',*,*,#2596,.F.);
#3279=ORIENTED_EDGE('',*,*,#2599,.F.);
#3280=ORIENTED_EDGE('',*,*,#2590,.F.);
#3281=ORIENTED_EDGE('',*,*,#2598,.T.);
#3282=ORIENTED_EDGE('',*,*,#2593,.F.);
#3283=ORIENTED_EDGE('',*,*,#2600,.F.);
#3284=ORIENTED_EDGE('',*,*,#2589,.F.);
#3285=ORIENTED_EDGE('',*,*,#2601,.T.);
#3286=ORIENTED_EDGE('',*,*,#2602,.T.);
#3287=ORIENTED_EDGE('',*,*,#2603,.T.);
#3288=ORIENTED_EDGE('',*,*,#2604,.T.);
#3289=ORIENTED_EDGE('',*,*,#2605,.T.);
#3290=ORIENTED_EDGE('',*,*,#2606,.T.);
#3291=ORIENTED_EDGE('',*,*,#2607,.T.);
#3292=ORIENTED_EDGE('',*,*,#2608,.T.);
#3293=ORIENTED_EDGE('',*,*,#2609,.T.);
#3294=ORIENTED_EDGE('',*,*,#2606,.F.);
#3295=ORIENTED_EDGE('',*,*,#2610,.F.);
#3296=ORIENTED_EDGE('',*,*,#2604,.F.);
#3297=ORIENTED_EDGE('',*,*,#2611,.T.);
#3298=ORIENTED_EDGE('',*,*,#2607,.F.);
#3299=ORIENTED_EDGE('',*,*,#2609,.F.);
#3300=ORIENTED_EDGE('',*,*,#2603,.F.);
#3301=ORIENTED_EDGE('',*,*,#2612,.T.);
#3302=ORIENTED_EDGE('',*,*,#2608,.F.);
#3303=ORIENTED_EDGE('',*,*,#2611,.F.);
#3304=ORIENTED_EDGE('',*,*,#2602,.F.);
#3305=ORIENTED_EDGE('',*,*,#2610,.T.);
#3306=ORIENTED_EDGE('',*,*,#2605,.F.);
#3307=ORIENTED_EDGE('',*,*,#2612,.F.);
#3308=ORIENTED_EDGE('',*,*,#2601,.F.);
#3309=ORIENTED_EDGE('',*,*,#2613,.T.);
#3310=ORIENTED_EDGE('',*,*,#2614,.T.);
#3311=ORIENTED_EDGE('',*,*,#2615,.T.);
#3312=ORIENTED_EDGE('',*,*,#2616,.T.);
#3313=ORIENTED_EDGE('',*,*,#2617,.T.);
#3314=ORIENTED_EDGE('',*,*,#2618,.T.);
#3315=ORIENTED_EDGE('',*,*,#2619,.T.);
#3316=ORIENTED_EDGE('',*,*,#2620,.T.);
#3317=ORIENTED_EDGE('',*,*,#2621,.T.);
#3318=ORIENTED_EDGE('',*,*,#2618,.F.);
#3319=ORIENTED_EDGE('',*,*,#2622,.F.);
#3320=ORIENTED_EDGE('',*,*,#2616,.F.);
#3321=ORIENTED_EDGE('',*,*,#2623,.T.);
#3322=ORIENTED_EDGE('',*,*,#2619,.F.);
#3323=ORIENTED_EDGE('',*,*,#2621,.F.);
#3324=ORIENTED_EDGE('',*,*,#2615,.F.);
#3325=ORIENTED_EDGE('',*,*,#2624,.T.);
#3326=ORIENTED_EDGE('',*,*,#2620,.F.);
#3327=ORIENTED_EDGE('',*,*,#2623,.F.);
#3328=ORIENTED_EDGE('',*,*,#2614,.F.);
#3329=ORIENTED_EDGE('',*,*,#2622,.T.);
#3330=ORIENTED_EDGE('',*,*,#2617,.F.);
#3331=ORIENTED_EDGE('',*,*,#2624,.F.);
#3332=ORIENTED_EDGE('',*,*,#2613,.F.);
#3333=ORIENTED_EDGE('',*,*,#2625,.T.);
#3334=ORIENTED_EDGE('',*,*,#2626,.T.);
#3335=ORIENTED_EDGE('',*,*,#2627,.T.);
#3336=ORIENTED_EDGE('',*,*,#2628,.T.);
#3337=ORIENTED_EDGE('',*,*,#2629,.T.);
#3338=ORIENTED_EDGE('',*,*,#2630,.T.);
#3339=ORIENTED_EDGE('',*,*,#2631,.T.);
#3340=ORIENTED_EDGE('',*,*,#2632,.T.);
#3341=ORIENTED_EDGE('',*,*,#2633,.T.);
#3342=ORIENTED_EDGE('',*,*,#2630,.F.);
#3343=ORIENTED_EDGE('',*,*,#2634,.F.);
#3344=ORIENTED_EDGE('',*,*,#2628,.F.);
#3345=ORIENTED_EDGE('',*,*,#2635,.T.);
#3346=ORIENTED_EDGE('',*,*,#2631,.F.);
#3347=ORIENTED_EDGE('',*,*,#2633,.F.);
#3348=ORIENTED_EDGE('',*,*,#2627,.F.);
#3349=ORIENTED_EDGE('',*,*,#2636,.T.);
#3350=ORIENTED_EDGE('',*,*,#2632,.F.);
#3351=ORIENTED_EDGE('',*,*,#2635,.F.);
#3352=ORIENTED_EDGE('',*,*,#2626,.F.);
#3353=ORIENTED_EDGE('',*,*,#2634,.T.);
#3354=ORIENTED_EDGE('',*,*,#2629,.F.);
#3355=ORIENTED_EDGE('',*,*,#2636,.F.);
#3356=ORIENTED_EDGE('',*,*,#2625,.F.);
#3357=ORIENTED_EDGE('',*,*,#2637,.T.);
#3358=ORIENTED_EDGE('',*,*,#2638,.T.);
#3359=ORIENTED_EDGE('',*,*,#2639,.T.);
#3360=ORIENTED_EDGE('',*,*,#2640,.T.);
#3361=ORIENTED_EDGE('',*,*,#2641,.T.);
#3362=ORIENTED_EDGE('',*,*,#2642,.T.);
#3363=ORIENTED_EDGE('',*,*,#2643,.T.);
#3364=ORIENTED_EDGE('',*,*,#2644,.T.);
#3365=ORIENTED_EDGE('',*,*,#2645,.T.);
#3366=ORIENTED_EDGE('',*,*,#2642,.F.);
#3367=ORIENTED_EDGE('',*,*,#2646,.F.);
#3368=ORIENTED_EDGE('',*,*,#2640,.F.);
#3369=ORIENTED_EDGE('',*,*,#2647,.T.);
#3370=ORIENTED_EDGE('',*,*,#2643,.F.);
#3371=ORIENTED_EDGE('',*,*,#2645,.F.);
#3372=ORIENTED_EDGE('',*,*,#2639,.F.);
#3373=ORIENTED_EDGE('',*,*,#2648,.T.);
#3374=ORIENTED_EDGE('',*,*,#2644,.F.);
#3375=ORIENTED_EDGE('',*,*,#2647,.F.);
#3376=ORIENTED_EDGE('',*,*,#2638,.F.);
#3377=ORIENTED_EDGE('',*,*,#2646,.T.);
#3378=ORIENTED_EDGE('',*,*,#2641,.F.);
#3379=ORIENTED_EDGE('',*,*,#2648,.F.);
#3380=ORIENTED_EDGE('',*,*,#2637,.F.);
#3381=ORIENTED_EDGE('',*,*,#2649,.T.);
#3382=ORIENTED_EDGE('',*,*,#2650,.T.);
#3383=ORIENTED_EDGE('',*,*,#2651,.T.);
#3384=ORIENTED_EDGE('',*,*,#2652,.T.);
#3385=ORIENTED_EDGE('',*,*,#2653,.T.);
#3386=ORIENTED_EDGE('',*,*,#2654,.T.);
#3387=ORIENTED_EDGE('',*,*,#2655,.T.);
#3388=ORIENTED_EDGE('',*,*,#2656,.T.);
#3389=ORIENTED_EDGE('',*,*,#2657,.T.);
#3390=ORIENTED_EDGE('',*,*,#2654,.F.);
#3391=ORIENTED_EDGE('',*,*,#2658,.F.);
#3392=ORIENTED_EDGE('',*,*,#2652,.F.);
#3393=ORIENTED_EDGE('',*,*,#2659,.T.);
#3394=ORIENTED_EDGE('',*,*,#2655,.F.);
#3395=ORIENTED_EDGE('',*,*,#2657,.F.);
#3396=ORIENTED_EDGE('',*,*,#2651,.F.);
#3397=ORIENTED_EDGE('',*,*,#2660,.T.);
#3398=ORIENTED_EDGE('',*,*,#2656,.F.);
#3399=ORIENTED_EDGE('',*,*,#2659,.F.);
#3400=ORIENTED_EDGE('',*,*,#2650,.F.);
#3401=ORIENTED_EDGE('',*,*,#2658,.T.);
#3402=ORIENTED_EDGE('',*,*,#2653,.F.);
#3403=ORIENTED_EDGE('',*,*,#2660,.F.);
#3404=ORIENTED_EDGE('',*,*,#2649,.F.);
#3405=ORIENTED_EDGE('',*,*,#2661,.T.);
#3406=ORIENTED_EDGE('',*,*,#2662,.T.);
#3407=ORIENTED_EDGE('',*,*,#2663,.T.);
#3408=ORIENTED_EDGE('',*,*,#2664,.T.);
#3409=ORIENTED_EDGE('',*,*,#2665,.T.);
#3410=ORIENTED_EDGE('',*,*,#2666,.T.);
#3411=ORIENTED_EDGE('',*,*,#2667,.T.);
#3412=ORIENTED_EDGE('',*,*,#2668,.T.);
#3413=ORIENTED_EDGE('',*,*,#2669,.T.);
#3414=ORIENTED_EDGE('',*,*,#2666,.F.);
#3415=ORIENTED_EDGE('',*,*,#2670,.F.);
#3416=ORIENTED_EDGE('',*,*,#2664,.F.);
#3417=ORIENTED_EDGE('',*,*,#2671,.T.);
#3418=ORIENTED_EDGE('',*,*,#2667,.F.);
#3419=ORIENTED_EDGE('',*,*,#2669,.F.);
#3420=ORIENTED_EDGE('',*,*,#2663,.F.);
#3421=ORIENTED_EDGE('',*,*,#2672,.T.);
#3422=ORIENTED_EDGE('',*,*,#2668,.F.);
#3423=ORIENTED_EDGE('',*,*,#2671,.F.);
#3424=ORIENTED_EDGE('',*,*,#2662,.F.);
#3425=ORIENTED_EDGE('',*,*,#2670,.T.);
#3426=ORIENTED_EDGE('',*,*,#2665,.F.);
#3427=ORIENTED_EDGE('',*,*,#2672,.F.);
#3428=ORIENTED_EDGE('',*,*,#2661,.F.);
#3429=ORIENTED_EDGE('',*,*,#2673,.T.);
#3430=ORIENTED_EDGE('',*,*,#2674,.T.);
#3431=ORIENTED_EDGE('',*,*,#2675,.T.);
#3432=ORIENTED_EDGE('',*,*,#2676,.T.);
#3433=ORIENTED_EDGE('',*,*,#2677,.T.);
#3434=ORIENTED_EDGE('',*,*,#2678,.T.);
#3435=ORIENTED_EDGE('',*,*,#2679,.T.);
#3436=ORIENTED_EDGE('',*,*,#2680,.T.);
#3437=ORIENTED_EDGE('',*,*,#2681,.T.);
#3438=ORIENTED_EDGE('',*,*,#2678,.F.);
#3439=ORIENTED_EDGE('',*,*,#2682,.F.);
#3440=ORIENTED_EDGE('',*,*,#2676,.F.);
#3441=ORIENTED_EDGE('',*,*,#2683,.T.);
#3442=ORIENTED_EDGE('',*,*,#2679,.F.);
#3443=ORIENTED_EDGE('',*,*,#2681,.F.);
#3444=ORIENTED_EDGE('',*,*,#2675,.F.);
#3445=ORIENTED_EDGE('',*,*,#2684,.T.);
#3446=ORIENTED_EDGE('',*,*,#2680,.F.);
#3447=ORIENTED_EDGE('',*,*,#2683,.F.);
#3448=ORIENTED_EDGE('',*,*,#2674,.F.);
#3449=ORIENTED_EDGE('',*,*,#2682,.T.);
#3450=ORIENTED_EDGE('',*,*,#2677,.F.);
#3451=ORIENTED_EDGE('',*,*,#2684,.F.);
#3452=ORIENTED_EDGE('',*,*,#2673,.F.);
#3453=ORIENTED_EDGE('',*,*,#2685,.T.);
#3454=ORIENTED_EDGE('',*,*,#2686,.T.);
#3455=ORIENTED_EDGE('',*,*,#2687,.T.);
#3456=ORIENTED_EDGE('',*,*,#2688,.T.);
#3457=ORIENTED_EDGE('',*,*,#2689,.T.);
#3458=ORIENTED_EDGE('',*,*,#2690,.T.);
#3459=ORIENTED_EDGE('',*,*,#2691,.T.);
#3460=ORIENTED_EDGE('',*,*,#2692,.T.);
#3461=ORIENTED_EDGE('',*,*,#2693,.T.);
#3462=ORIENTED_EDGE('',*,*,#2690,.F.);
#3463=ORIENTED_EDGE('',*,*,#2694,.F.);
#3464=ORIENTED_EDGE('',*,*,#2688,.F.);
#3465=ORIENTED_EDGE('',*,*,#2695,.T.);
#3466=ORIENTED_EDGE('',*,*,#2691,.F.);
#3467=ORIENTED_EDGE('',*,*,#2693,.F.);
#3468=ORIENTED_EDGE('',*,*,#2687,.F.);
#3469=ORIENTED_EDGE('',*,*,#2696,.T.);
#3470=ORIENTED_EDGE('',*,*,#2692,.F.);
#3471=ORIENTED_EDGE('',*,*,#2695,.F.);
#3472=ORIENTED_EDGE('',*,*,#2686,.F.);
#3473=ORIENTED_EDGE('',*,*,#2694,.T.);
#3474=ORIENTED_EDGE('',*,*,#2689,.F.);
#3475=ORIENTED_EDGE('',*,*,#2696,.F.);
#3476=ORIENTED_EDGE('',*,*,#2685,.F.);
#3477=ORIENTED_EDGE('',*,*,#2697,.T.);
#3478=ORIENTED_EDGE('',*,*,#2698,.T.);
#3479=ORIENTED_EDGE('',*,*,#2699,.T.);
#3480=ORIENTED_EDGE('',*,*,#2700,.T.);
#3481=ORIENTED_EDGE('',*,*,#2701,.T.);
#3482=ORIENTED_EDGE('',*,*,#2702,.T.);
#3483=ORIENTED_EDGE('',*,*,#2703,.T.);
#3484=ORIENTED_EDGE('',*,*,#2704,.T.);
#3485=ORIENTED_EDGE('',*,*,#2705,.T.);
#3486=ORIENTED_EDGE('',*,*,#2702,.F.);
#3487=ORIENTED_EDGE('',*,*,#2706,.F.);
#3488=ORIENTED_EDGE('',*,*,#2700,.F.);
#3489=ORIENTED_EDGE('',*,*,#2707,.T.);
#3490=ORIENTED_EDGE('',*,*,#2703,.F.);
#3491=ORIENTED_EDGE('',*,*,#2705,.F.);
#3492=ORIENTED_EDGE('',*,*,#2699,.F.);
#3493=ORIENTED_EDGE('',*,*,#2708,.T.);
#3494=ORIENTED_EDGE('',*,*,#2704,.F.);
#3495=ORIENTED_EDGE('',*,*,#2707,.F.);
#3496=ORIENTED_EDGE('',*,*,#2698,.F.);
#3497=ORIENTED_EDGE('',*,*,#2706,.T.);
#3498=ORIENTED_EDGE('',*,*,#2701,.F.);
#3499=ORIENTED_EDGE('',*,*,#2708,.F.);
#3500=ORIENTED_EDGE('',*,*,#2697,.F.);
#3501=ORIENTED_EDGE('',*,*,#2709,.T.);
#3502=ORIENTED_EDGE('',*,*,#2710,.T.);
#3503=ORIENTED_EDGE('',*,*,#2711,.T.);
#3504=ORIENTED_EDGE('',*,*,#2712,.T.);
#3505=ORIENTED_EDGE('',*,*,#2713,.T.);
#3506=ORIENTED_EDGE('',*,*,#2714,.T.);
#3507=ORIENTED_EDGE('',*,*,#2715,.T.);
#3508=ORIENTED_EDGE('',*,*,#2716,.T.);
#3509=ORIENTED_EDGE('',*,*,#2717,.T.);
#3510=ORIENTED_EDGE('',*,*,#2714,.F.);
#3511=ORIENTED_EDGE('',*,*,#2718,.F.);
#3512=ORIENTED_EDGE('',*,*,#2712,.F.);
#3513=ORIENTED_EDGE('',*,*,#2719,.T.);
#3514=ORIENTED_EDGE('',*,*,#2715,.F.);
#3515=ORIENTED_EDGE('',*,*,#2717,.F.);
#3516=ORIENTED_EDGE('',*,*,#2711,.F.);
#3517=ORIENTED_EDGE('',*,*,#2720,.T.);
#3518=ORIENTED_EDGE('',*,*,#2716,.F.);
#3519=ORIENTED_EDGE('',*,*,#2719,.F.);
#3520=ORIENTED_EDGE('',*,*,#2710,.F.);
#3521=ORIENTED_EDGE('',*,*,#2718,.T.);
#3522=ORIENTED_EDGE('',*,*,#2713,.F.);
#3523=ORIENTED_EDGE('',*,*,#2720,.F.);
#3524=ORIENTED_EDGE('',*,*,#2709,.F.);
#3525=ORIENTED_EDGE('',*,*,#2721,.T.);
#3526=ORIENTED_EDGE('',*,*,#2722,.T.);
#3527=ORIENTED_EDGE('',*,*,#2723,.T.);
#3528=ORIENTED_EDGE('',*,*,#2724,.T.);
#3529=ORIENTED_EDGE('',*,*,#2725,.T.);
#3530=ORIENTED_EDGE('',*,*,#2726,.T.);
#3531=ORIENTED_EDGE('',*,*,#2727,.T.);
#3532=ORIENTED_EDGE('',*,*,#2728,.T.);
#3533=ORIENTED_EDGE('',*,*,#2729,.T.);
#3534=ORIENTED_EDGE('',*,*,#2726,.F.);
#3535=ORIENTED_EDGE('',*,*,#2730,.F.);
#3536=ORIENTED_EDGE('',*,*,#2724,.F.);
#3537=ORIENTED_EDGE('',*,*,#2731,.T.);
#3538=ORIENTED_EDGE('',*,*,#2727,.F.);
#3539=ORIENTED_EDGE('',*,*,#2729,.F.);
#3540=ORIENTED_EDGE('',*,*,#2723,.F.);
#3541=ORIENTED_EDGE('',*,*,#2732,.T.);
#3542=ORIENTED_EDGE('',*,*,#2728,.F.);
#3543=ORIENTED_EDGE('',*,*,#2731,.F.);
#3544=ORIENTED_EDGE('',*,*,#2722,.F.);
#3545=ORIENTED_EDGE('',*,*,#2730,.T.);
#3546=ORIENTED_EDGE('',*,*,#2725,.F.);
#3547=ORIENTED_EDGE('',*,*,#2732,.F.);
#3548=ORIENTED_EDGE('',*,*,#2721,.F.);
#3549=ORIENTED_EDGE('',*,*,#2733,.T.);
#3550=ORIENTED_EDGE('',*,*,#2734,.T.);
#3551=ORIENTED_EDGE('',*,*,#2735,.T.);
#3552=ORIENTED_EDGE('',*,*,#2736,.T.);
#3553=ORIENTED_EDGE('',*,*,#2737,.T.);
#3554=ORIENTED_EDGE('',*,*,#2738,.T.);
#3555=ORIENTED_EDGE('',*,*,#2739,.T.);
#3556=ORIENTED_EDGE('',*,*,#2740,.T.);
#3557=ORIENTED_EDGE('',*,*,#2741,.T.);
#3558=ORIENTED_EDGE('',*,*,#2738,.F.);
#3559=ORIENTED_EDGE('',*,*,#2742,.F.);
#3560=ORIENTED_EDGE('',*,*,#2736,.F.);
#3561=ORIENTED_EDGE('',*,*,#2743,.T.);
#3562=ORIENTED_EDGE('',*,*,#2739,.F.);
#3563=ORIENTED_EDGE('',*,*,#2741,.F.);
#3564=ORIENTED_EDGE('',*,*,#2735,.F.);
#3565=ORIENTED_EDGE('',*,*,#2744,.T.);
#3566=ORIENTED_EDGE('',*,*,#2740,.F.);
#3567=ORIENTED_EDGE('',*,*,#2743,.F.);
#3568=ORIENTED_EDGE('',*,*,#2734,.F.);
#3569=ORIENTED_EDGE('',*,*,#2742,.T.);
#3570=ORIENTED_EDGE('',*,*,#2737,.F.);
#3571=ORIENTED_EDGE('',*,*,#2744,.F.);
#3572=ORIENTED_EDGE('',*,*,#2733,.F.);
#3573=ORIENTED_EDGE('',*,*,#2745,.T.);
#3574=ORIENTED_EDGE('',*,*,#2746,.T.);
#3575=ORIENTED_EDGE('',*,*,#2747,.T.);
#3576=ORIENTED_EDGE('',*,*,#2748,.T.);
#3577=ORIENTED_EDGE('',*,*,#2749,.T.);
#3578=ORIENTED_EDGE('',*,*,#2750,.T.);
#3579=ORIENTED_EDGE('',*,*,#2751,.T.);
#3580=ORIENTED_EDGE('',*,*,#2752,.T.);
#3581=ORIENTED_EDGE('',*,*,#2753,.T.);
#3582=ORIENTED_EDGE('',*,*,#2750,.F.);
#3583=ORIENTED_EDGE('',*,*,#2754,.F.);
#3584=ORIENTED_EDGE('',*,*,#2748,.F.);
#3585=ORIENTED_EDGE('',*,*,#2755,.T.);
#3586=ORIENTED_EDGE('',*,*,#2751,.F.);
#3587=ORIENTED_EDGE('',*,*,#2753,.F.);
#3588=ORIENTED_EDGE('',*,*,#2747,.F.);
#3589=ORIENTED_EDGE('',*,*,#2756,.T.);
#3590=ORIENTED_EDGE('',*,*,#2752,.F.);
#3591=ORIENTED_EDGE('',*,*,#2755,.F.);
#3592=ORIENTED_EDGE('',*,*,#2746,.F.);
#3593=ORIENTED_EDGE('',*,*,#2754,.T.);
#3594=ORIENTED_EDGE('',*,*,#2749,.F.);
#3595=ORIENTED_EDGE('',*,*,#2756,.F.);
#3596=ORIENTED_EDGE('',*,*,#2745,.F.);
#3597=ORIENTED_EDGE('',*,*,#2757,.T.);
#3598=ORIENTED_EDGE('',*,*,#2758,.T.);
#3599=ORIENTED_EDGE('',*,*,#2759,.T.);
#3600=ORIENTED_EDGE('',*,*,#2760,.T.);
#3601=ORIENTED_EDGE('',*,*,#2761,.T.);
#3602=ORIENTED_EDGE('',*,*,#2762,.T.);
#3603=ORIENTED_EDGE('',*,*,#2763,.T.);
#3604=ORIENTED_EDGE('',*,*,#2764,.T.);
#3605=ORIENTED_EDGE('',*,*,#2765,.T.);
#3606=ORIENTED_EDGE('',*,*,#2762,.F.);
#3607=ORIENTED_EDGE('',*,*,#2766,.F.);
#3608=ORIENTED_EDGE('',*,*,#2760,.F.);
#3609=ORIENTED_EDGE('',*,*,#2767,.T.);
#3610=ORIENTED_EDGE('',*,*,#2763,.F.);
#3611=ORIENTED_EDGE('',*,*,#2765,.F.);
#3612=ORIENTED_EDGE('',*,*,#2759,.F.);
#3613=ORIENTED_EDGE('',*,*,#2768,.T.);
#3614=ORIENTED_EDGE('',*,*,#2764,.F.);
#3615=ORIENTED_EDGE('',*,*,#2767,.F.);
#3616=ORIENTED_EDGE('',*,*,#2758,.F.);
#3617=ORIENTED_EDGE('',*,*,#2766,.T.);
#3618=ORIENTED_EDGE('',*,*,#2761,.F.);
#3619=ORIENTED_EDGE('',*,*,#2768,.F.);
#3620=ORIENTED_EDGE('',*,*,#2757,.F.);
#3621=ORIENTED_EDGE('',*,*,#2769,.T.);
#3622=ORIENTED_EDGE('',*,*,#2770,.T.);
#3623=ORIENTED_EDGE('',*,*,#2771,.T.);
#3624=ORIENTED_EDGE('',*,*,#2772,.T.);
#3625=ORIENTED_EDGE('',*,*,#2773,.T.);
#3626=ORIENTED_EDGE('',*,*,#2774,.T.);
#3627=ORIENTED_EDGE('',*,*,#2775,.T.);
#3628=ORIENTED_EDGE('',*,*,#2776,.T.);
#3629=ORIENTED_EDGE('',*,*,#2777,.T.);
#3630=ORIENTED_EDGE('',*,*,#2774,.F.);
#3631=ORIENTED_EDGE('',*,*,#2778,.F.);
#3632=ORIENTED_EDGE('',*,*,#2772,.F.);
#3633=ORIENTED_EDGE('',*,*,#2779,.T.);
#3634=ORIENTED_EDGE('',*,*,#2775,.F.);
#3635=ORIENTED_EDGE('',*,*,#2777,.F.);
#3636=ORIENTED_EDGE('',*,*,#2771,.F.);
#3637=ORIENTED_EDGE('',*,*,#2780,.T.);
#3638=ORIENTED_EDGE('',*,*,#2776,.F.);
#3639=ORIENTED_EDGE('',*,*,#2779,.F.);
#3640=ORIENTED_EDGE('',*,*,#2770,.F.);
#3641=ORIENTED_EDGE('',*,*,#2778,.T.);
#3642=ORIENTED_EDGE('',*,*,#2773,.F.);
#3643=ORIENTED_EDGE('',*,*,#2780,.F.);
#3644=ORIENTED_EDGE('',*,*,#2769,.F.);
#3645=ORIENTED_EDGE('',*,*,#2781,.T.);
#3646=ORIENTED_EDGE('',*,*,#2782,.T.);
#3647=ORIENTED_EDGE('',*,*,#2783,.T.);
#3648=ORIENTED_EDGE('',*,*,#2784,.T.);
#3649=ORIENTED_EDGE('',*,*,#2785,.T.);
#3650=ORIENTED_EDGE('',*,*,#2786,.T.);
#3651=ORIENTED_EDGE('',*,*,#2787,.T.);
#3652=ORIENTED_EDGE('',*,*,#2788,.T.);
#3653=ORIENTED_EDGE('',*,*,#2789,.T.);
#3654=ORIENTED_EDGE('',*,*,#2786,.F.);
#3655=ORIENTED_EDGE('',*,*,#2790,.F.);
#3656=ORIENTED_EDGE('',*,*,#2784,.F.);
#3657=ORIENTED_EDGE('',*,*,#2791,.T.);
#3658=ORIENTED_EDGE('',*,*,#2787,.F.);
#3659=ORIENTED_EDGE('',*,*,#2789,.F.);
#3660=ORIENTED_EDGE('',*,*,#2783,.F.);
#3661=ORIENTED_EDGE('',*,*,#2792,.T.);
#3662=ORIENTED_EDGE('',*,*,#2788,.F.);
#3663=ORIENTED_EDGE('',*,*,#2791,.F.);
#3664=ORIENTED_EDGE('',*,*,#2782,.F.);
#3665=ORIENTED_EDGE('',*,*,#2790,.T.);
#3666=ORIENTED_EDGE('',*,*,#2785,.F.);
#3667=ORIENTED_EDGE('',*,*,#2792,.F.);
#3668=ORIENTED_EDGE('',*,*,#2781,.F.);
#3669=ORIENTED_EDGE('',*,*,#2793,.T.);
#3670=ORIENTED_EDGE('',*,*,#2794,.T.);
#3671=ORIENTED_EDGE('',*,*,#2795,.T.);
#3672=ORIENTED_EDGE('',*,*,#2796,.T.);
#3673=ORIENTED_EDGE('',*,*,#2797,.T.);
#3674=ORIENTED_EDGE('',*,*,#2798,.T.);
#3675=ORIENTED_EDGE('',*,*,#2799,.T.);
#3676=ORIENTED_EDGE('',*,*,#2800,.T.);
#3677=ORIENTED_EDGE('',*,*,#2801,.T.);
#3678=ORIENTED_EDGE('',*,*,#2798,.F.);
#3679=ORIENTED_EDGE('',*,*,#2802,.F.);
#3680=ORIENTED_EDGE('',*,*,#2796,.F.);
#3681=ORIENTED_EDGE('',*,*,#2803,.T.);
#3682=ORIENTED_EDGE('',*,*,#2799,.F.);
#3683=ORIENTED_EDGE('',*,*,#2801,.F.);
#3684=ORIENTED_EDGE('',*,*,#2795,.F.);
#3685=ORIENTED_EDGE('',*,*,#2804,.T.);
#3686=ORIENTED_EDGE('',*,*,#2800,.F.);
#3687=ORIENTED_EDGE('',*,*,#2803,.F.);
#3688=ORIENTED_EDGE('',*,*,#2794,.F.);
#3689=ORIENTED_EDGE('',*,*,#2802,.T.);
#3690=ORIENTED_EDGE('',*,*,#2797,.F.);
#3691=ORIENTED_EDGE('',*,*,#2804,.F.);
#3692=ORIENTED_EDGE('',*,*,#2793,.F.);
#3693=ORIENTED_EDGE('',*,*,#2805,.T.);
#3694=ORIENTED_EDGE('',*,*,#2806,.T.);
#3695=ORIENTED_EDGE('',*,*,#2807,.T.);
#3696=ORIENTED_EDGE('',*,*,#2808,.T.);
#3697=ORIENTED_EDGE('',*,*,#2809,.T.);
#3698=ORIENTED_EDGE('',*,*,#2810,.T.);
#3699=ORIENTED_EDGE('',*,*,#2811,.T.);
#3700=ORIENTED_EDGE('',*,*,#2812,.T.);
#3701=ORIENTED_EDGE('',*,*,#2813,.T.);
#3702=ORIENTED_EDGE('',*,*,#2810,.F.);
#3703=ORIENTED_EDGE('',*,*,#2814,.F.);
#3704=ORIENTED_EDGE('',*,*,#2808,.F.);
#3705=ORIENTED_EDGE('',*,*,#2815,.T.);
#3706=ORIENTED_EDGE('',*,*,#2811,.F.);
#3707=ORIENTED_EDGE('',*,*,#2813,.F.);
#3708=ORIENTED_EDGE('',*,*,#2807,.F.);
#3709=ORIENTED_EDGE('',*,*,#2816,.T.);
#3710=ORIENTED_EDGE('',*,*,#2812,.F.);
#3711=ORIENTED_EDGE('',*,*,#2815,.F.);
#3712=ORIENTED_EDGE('',*,*,#2806,.F.);
#3713=ORIENTED_EDGE('',*,*,#2814,.T.);
#3714=ORIENTED_EDGE('',*,*,#2809,.F.);
#3715=ORIENTED_EDGE('',*,*,#2816,.F.);
#3716=ORIENTED_EDGE('',*,*,#2805,.F.);
#3717=ORIENTED_EDGE('',*,*,#2817,.T.);
#3718=ORIENTED_EDGE('',*,*,#2818,.T.);
#3719=ORIENTED_EDGE('',*,*,#2819,.T.);
#3720=ORIENTED_EDGE('',*,*,#2820,.T.);
#3721=ORIENTED_EDGE('',*,*,#2821,.T.);
#3722=ORIENTED_EDGE('',*,*,#2822,.T.);
#3723=ORIENTED_EDGE('',*,*,#2823,.T.);
#3724=ORIENTED_EDGE('',*,*,#2824,.T.);
#3725=ORIENTED_EDGE('',*,*,#2825,.T.);
#3726=ORIENTED_EDGE('',*,*,#2822,.F.);
#3727=ORIENTED_EDGE('',*,*,#2826,.F.);
#3728=ORIENTED_EDGE('',*,*,#2820,.F.);
#3729=ORIENTED_EDGE('',*,*,#2827,.T.);
#3730=ORIENTED_EDGE('',*,*,#2823,.F.);
#3731=ORIENTED_EDGE('',*,*,#2825,.F.);
#3732=ORIENTED_EDGE('',*,*,#2819,.F.);
#3733=ORIENTED_EDGE('',*,*,#2828,.T.);
#3734=ORIENTED_EDGE('',*,*,#2824,.F.);
#3735=ORIENTED_EDGE('',*,*,#2827,.F.);
#3736=ORIENTED_EDGE('',*,*,#2818,.F.);
#3737=ORIENTED_EDGE('',*,*,#2826,.T.);
#3738=ORIENTED_EDGE('',*,*,#2821,.F.);
#3739=ORIENTED_EDGE('',*,*,#2828,.F.);
#3740=ORIENTED_EDGE('',*,*,#2817,.F.);
#3741=ORIENTED_EDGE('',*,*,#2829,.T.);
#3742=ORIENTED_EDGE('',*,*,#2830,.T.);
#3743=ORIENTED_EDGE('',*,*,#2831,.T.);
#3744=ORIENTED_EDGE('',*,*,#2832,.T.);
#3745=ORIENTED_EDGE('',*,*,#2833,.T.);
#3746=ORIENTED_EDGE('',*,*,#2834,.T.);
#3747=ORIENTED_EDGE('',*,*,#2835,.T.);
#3748=ORIENTED_EDGE('',*,*,#2836,.T.);
#3749=ORIENTED_EDGE('',*,*,#2837,.T.);
#3750=ORIENTED_EDGE('',*,*,#2834,.F.);
#3751=ORIENTED_EDGE('',*,*,#2838,.F.);
#3752=ORIENTED_EDGE('',*,*,#2832,.F.);
#3753=ORIENTED_EDGE('',*,*,#2839,.T.);
#3754=ORIENTED_EDGE('',*,*,#2835,.F.);
#3755=ORIENTED_EDGE('',*,*,#2837,.F.);
#3756=ORIENTED_EDGE('',*,*,#2831,.F.);
#3757=ORIENTED_EDGE('',*,*,#2840,.T.);
#3758=ORIENTED_EDGE('',*,*,#2836,.F.);
#3759=ORIENTED_EDGE('',*,*,#2839,.F.);
#3760=ORIENTED_EDGE('',*,*,#2830,.F.);
#3761=ORIENTED_EDGE('',*,*,#2838,.T.);
#3762=ORIENTED_EDGE('',*,*,#2833,.F.);
#3763=ORIENTED_EDGE('',*,*,#2840,.F.);
#3764=ORIENTED_EDGE('',*,*,#2829,.F.);
#3765=ORIENTED_EDGE('',*,*,#2841,.T.);
#3766=ORIENTED_EDGE('',*,*,#2842,.T.);
#3767=ORIENTED_EDGE('',*,*,#2843,.T.);
#3768=ORIENTED_EDGE('',*,*,#2844,.T.);
#3769=ORIENTED_EDGE('',*,*,#2845,.T.);
#3770=ORIENTED_EDGE('',*,*,#2846,.T.);
#3771=ORIENTED_EDGE('',*,*,#2847,.T.);
#3772=ORIENTED_EDGE('',*,*,#2848,.T.);
#3773=ORIENTED_EDGE('',*,*,#2849,.T.);
#3774=ORIENTED_EDGE('',*,*,#2846,.F.);
#3775=ORIENTED_EDGE('',*,*,#2850,.F.);
#3776=ORIENTED_EDGE('',*,*,#2844,.F.);
#3777=ORIENTED_EDGE('',*,*,#2851,.T.);
#3778=ORIENTED_EDGE('',*,*,#2847,.F.);
#3779=ORIENTED_EDGE('',*,*,#2849,.F.);
#3780=ORIENTED_EDGE('',*,*,#2843,.F.);
#3781=ORIENTED_EDGE('',*,*,#2852,.T.);
#3782=ORIENTED_EDGE('',*,*,#2848,.F.);
#3783=ORIENTED_EDGE('',*,*,#2851,.F.);
#3784=ORIENTED_EDGE('',*,*,#2842,.F.);
#3785=ORIENTED_EDGE('',*,*,#2850,.T.);
#3786=ORIENTED_EDGE('',*,*,#2845,.F.);
#3787=ORIENTED_EDGE('',*,*,#2852,.F.);
#3788=ORIENTED_EDGE('',*,*,#2841,.F.);
#3789=ORIENTED_EDGE('',*,*,#2853,.T.);
#3790=ORIENTED_EDGE('',*,*,#2854,.T.);
#3791=ORIENTED_EDGE('',*,*,#2855,.T.);
#3792=ORIENTED_EDGE('',*,*,#2856,.T.);
#3793=ORIENTED_EDGE('',*,*,#2857,.T.);
#3794=ORIENTED_EDGE('',*,*,#2858,.T.);
#3795=ORIENTED_EDGE('',*,*,#2859,.T.);
#3796=ORIENTED_EDGE('',*,*,#2860,.T.);
#3797=ORIENTED_EDGE('',*,*,#2861,.T.);
#3798=ORIENTED_EDGE('',*,*,#2858,.F.);
#3799=ORIENTED_EDGE('',*,*,#2862,.F.);
#3800=ORIENTED_EDGE('',*,*,#2856,.F.);
#3801=ORIENTED_EDGE('',*,*,#2863,.T.);
#3802=ORIENTED_EDGE('',*,*,#2859,.F.);
#3803=ORIENTED_EDGE('',*,*,#2861,.F.);
#3804=ORIENTED_EDGE('',*,*,#2855,.F.);
#3805=ORIENTED_EDGE('',*,*,#2864,.T.);
#3806=ORIENTED_EDGE('',*,*,#2860,.F.);
#3807=ORIENTED_EDGE('',*,*,#2863,.F.);
#3808=ORIENTED_EDGE('',*,*,#2854,.F.);
#3809=ORIENTED_EDGE('',*,*,#2862,.T.);
#3810=ORIENTED_EDGE('',*,*,#2857,.F.);
#3811=ORIENTED_EDGE('',*,*,#2864,.F.);
#3812=ORIENTED_EDGE('',*,*,#2853,.F.);
#3813=ORIENTED_EDGE('',*,*,#2865,.T.);
#3814=ORIENTED_EDGE('',*,*,#2866,.T.);
#3815=ORIENTED_EDGE('',*,*,#2867,.T.);
#3816=ORIENTED_EDGE('',*,*,#2868,.T.);
#3817=ORIENTED_EDGE('',*,*,#2869,.T.);
#3818=ORIENTED_EDGE('',*,*,#2870,.T.);
#3819=ORIENTED_EDGE('',*,*,#2871,.T.);
#3820=ORIENTED_EDGE('',*,*,#2872,.T.);
#3821=ORIENTED_EDGE('',*,*,#2873,.T.);
#3822=ORIENTED_EDGE('',*,*,#2870,.F.);
#3823=ORIENTED_EDGE('',*,*,#2874,.F.);
#3824=ORIENTED_EDGE('',*,*,#2868,.F.);
#3825=ORIENTED_EDGE('',*,*,#2875,.T.);
#3826=ORIENTED_EDGE('',*,*,#2871,.F.);
#3827=ORIENTED_EDGE('',*,*,#2873,.F.);
#3828=ORIENTED_EDGE('',*,*,#2867,.F.);
#3829=ORIENTED_EDGE('',*,*,#2876,.T.);
#3830=ORIENTED_EDGE('',*,*,#2872,.F.);
#3831=ORIENTED_EDGE('',*,*,#2875,.F.);
#3832=ORIENTED_EDGE('',*,*,#2866,.F.);
#3833=ORIENTED_EDGE('',*,*,#2874,.T.);
#3834=ORIENTED_EDGE('',*,*,#2869,.F.);
#3835=ORIENTED_EDGE('',*,*,#2876,.F.);
#3836=ORIENTED_EDGE('',*,*,#2865,.F.);
#3837=ORIENTED_EDGE('',*,*,#2877,.T.);
#3838=ORIENTED_EDGE('',*,*,#2878,.T.);
#3839=ORIENTED_EDGE('',*,*,#2879,.T.);
#3840=ORIENTED_EDGE('',*,*,#2880,.T.);
#3841=ORIENTED_EDGE('',*,*,#2881,.T.);
#3842=ORIENTED_EDGE('',*,*,#2882,.T.);
#3843=ORIENTED_EDGE('',*,*,#2883,.T.);
#3844=ORIENTED_EDGE('',*,*,#2884,.T.);
#3845=ORIENTED_EDGE('',*,*,#2885,.T.);
#3846=ORIENTED_EDGE('',*,*,#2882,.F.);
#3847=ORIENTED_EDGE('',*,*,#2886,.F.);
#3848=ORIENTED_EDGE('',*,*,#2880,.F.);
#3849=ORIENTED_EDGE('',*,*,#2887,.T.);
#3850=ORIENTED_EDGE('',*,*,#2883,.F.);
#3851=ORIENTED_EDGE('',*,*,#2885,.F.);
#3852=ORIENTED_EDGE('',*,*,#2879,.F.);
#3853=ORIENTED_EDGE('',*,*,#2888,.T.);
#3854=ORIENTED_EDGE('',*,*,#2884,.F.);
#3855=ORIENTED_EDGE('',*,*,#2887,.F.);
#3856=ORIENTED_EDGE('',*,*,#2878,.F.);
#3857=ORIENTED_EDGE('',*,*,#2886,.T.);
#3858=ORIENTED_EDGE('',*,*,#2881,.F.);
#3859=ORIENTED_EDGE('',*,*,#2888,.F.);
#3860=ORIENTED_EDGE('',*,*,#2877,.F.);
#3861=ORIENTED_EDGE('',*,*,#2889,.T.);
#3862=ORIENTED_EDGE('',*,*,#2890,.T.);
#3863=ORIENTED_EDGE('',*,*,#2891,.T.);
#3864=ORIENTED_EDGE('',*,*,#2892,.T.);
#3865=ORIENTED_EDGE('',*,*,#2893,.T.);
#3866=ORIENTED_EDGE('',*,*,#2894,.T.);
#3867=ORIENTED_EDGE('',*,*,#2895,.T.);
#3868=ORIENTED_EDGE('',*,*,#2896,.T.);
#3869=ORIENTED_EDGE('',*,*,#2897,.T.);
#3870=ORIENTED_EDGE('',*,*,#2894,.F.);
#3871=ORIENTED_EDGE('',*,*,#2898,.F.);
#3872=ORIENTED_EDGE('',*,*,#2892,.F.);
#3873=ORIENTED_EDGE('',*,*,#2899,.T.);
#3874=ORIENTED_EDGE('',*,*,#2895,.F.);
#3875=ORIENTED_EDGE('',*,*,#2897,.F.);
#3876=ORIENTED_EDGE('',*,*,#2891,.F.);
#3877=ORIENTED_EDGE('',*,*,#2900,.T.);
#3878=ORIENTED_EDGE('',*,*,#2896,.F.);
#3879=ORIENTED_EDGE('',*,*,#2899,.F.);
#3880=ORIENTED_EDGE('',*,*,#2890,.F.);
#3881=ORIENTED_EDGE('',*,*,#2898,.T.);
#3882=ORIENTED_EDGE('',*,*,#2893,.F.);
#3883=ORIENTED_EDGE('',*,*,#2900,.F.);
#3884=ORIENTED_EDGE('',*,*,#2889,.F.);
#3885=ORIENTED_EDGE('',*,*,#2901,.T.);
#3886=ORIENTED_EDGE('',*,*,#2902,.T.);
#3887=ORIENTED_EDGE('',*,*,#2903,.T.);
#3888=ORIENTED_EDGE('',*,*,#2904,.T.);
#3889=ORIENTED_EDGE('',*,*,#2905,.T.);
#3890=ORIENTED_EDGE('',*,*,#2906,.T.);
#3891=ORIENTED_EDGE('',*,*,#2907,.T.);
#3892=ORIENTED_EDGE('',*,*,#2908,.T.);
#3893=ORIENTED_EDGE('',*,*,#2909,.T.);
#3894=ORIENTED_EDGE('',*,*,#2906,.F.);
#3895=ORIENTED_EDGE('',*,*,#2910,.F.);
#3896=ORIENTED_EDGE('',*,*,#2904,.F.);
#3897=ORIENTED_EDGE('',*,*,#2911,.T.);
#3898=ORIENTED_EDGE('',*,*,#2907,.F.);
#3899=ORIENTED_EDGE('',*,*,#2909,.F.);
#3900=ORIENTED_EDGE('',*,*,#2903,.F.);
#3901=ORIENTED_EDGE('',*,*,#2912,.T.);
#3902=ORIENTED_EDGE('',*,*,#2908,.F.);
#3903=ORIENTED_EDGE('',*,*,#2911,.F.);
#3904=ORIENTED_EDGE('',*,*,#2902,.F.);
#3905=ORIENTED_EDGE('',*,*,#2910,.T.);
#3906=ORIENTED_EDGE('',*,*,#2905,.F.);
#3907=ORIENTED_EDGE('',*,*,#2912,.F.);
#3908=ORIENTED_EDGE('',*,*,#2901,.F.);
#3909=ORIENTED_EDGE('',*,*,#2913,.T.);
#3910=ORIENTED_EDGE('',*,*,#2914,.T.);
#3911=ORIENTED_EDGE('',*,*,#2915,.T.);
#3912=ORIENTED_EDGE('',*,*,#2916,.T.);
#3913=ORIENTED_EDGE('',*,*,#2917,.T.);
#3914=ORIENTED_EDGE('',*,*,#2918,.T.);
#3915=ORIENTED_EDGE('',*,*,#2919,.T.);
#3916=ORIENTED_EDGE('',*,*,#2920,.T.);
#3917=ORIENTED_EDGE('',*,*,#2921,.T.);
#3918=ORIENTED_EDGE('',*,*,#2918,.F.);
#3919=ORIENTED_EDGE('',*,*,#2922,.F.);
#3920=ORIENTED_EDGE('',*,*,#2916,.F.);
#3921=ORIENTED_EDGE('',*,*,#2923,.T.);
#3922=ORIENTED_EDGE('',*,*,#2919,.F.);
#3923=ORIENTED_EDGE('',*,*,#2921,.F.);
#3924=ORIENTED_EDGE('',*,*,#2915,.F.);
#3925=ORIENTED_EDGE('',*,*,#2924,.T.);
#3926=ORIENTED_EDGE('',*,*,#2920,.F.);
#3927=ORIENTED_EDGE('',*,*,#2923,.F.);
#3928=ORIENTED_EDGE('',*,*,#2914,.F.);
#3929=ORIENTED_EDGE('',*,*,#2922,.T.);
#3930=ORIENTED_EDGE('',*,*,#2917,.F.);
#3931=ORIENTED_EDGE('',*,*,#2924,.F.);
#3932=ORIENTED_EDGE('',*,*,#2913,.F.);
#3933=ORIENTED_EDGE('',*,*,#2925,.T.);
#3934=ORIENTED_EDGE('',*,*,#2926,.T.);
#3935=ORIENTED_EDGE('',*,*,#2927,.T.);
#3936=ORIENTED_EDGE('',*,*,#2928,.T.);
#3937=ORIENTED_EDGE('',*,*,#2929,.T.);
#3938=ORIENTED_EDGE('',*,*,#2930,.T.);
#3939=ORIENTED_EDGE('',*,*,#2931,.T.);
#3940=ORIENTED_EDGE('',*,*,#2932,.T.);
#3941=ORIENTED_EDGE('',*,*,#2933,.T.);
#3942=ORIENTED_EDGE('',*,*,#2930,.F.);
#3943=ORIENTED_EDGE('',*,*,#2934,.F.);
#3944=ORIENTED_EDGE('',*,*,#2928,.F.);
#3945=ORIENTED_EDGE('',*,*,#2935,.T.);
#3946=ORIENTED_EDGE('',*,*,#2931,.F.);
#3947=ORIENTED_EDGE('',*,*,#2933,.F.);
#3948=ORIENTED_EDGE('',*,*,#2927,.F.);
#3949=ORIENTED_EDGE('',*,*,#2936,.T.);
#3950=ORIENTED_EDGE('',*,*,#2932,.F.);
#3951=ORIENTED_EDGE('',*,*,#2935,.F.);
#3952=ORIENTED_EDGE('',*,*,#2926,.F.);
#3953=ORIENTED_EDGE('',*,*,#2934,.T.);
#3954=ORIENTED_EDGE('',*,*,#2929,.F.);
#3955=ORIENTED_EDGE('',*,*,#2936,.F.);
#3956=ORIENTED_EDGE('',*,*,#2925,.F.);
#3957=ORIENTED_EDGE('',*,*,#2937,.T.);
#3958=ORIENTED_EDGE('',*,*,#2938,.T.);
#3959=ORIENTED_EDGE('',*,*,#2939,.T.);
#3960=ORIENTED_EDGE('',*,*,#2940,.T.);
#3961=ORIENTED_EDGE('',*,*,#2941,.T.);
#3962=ORIENTED_EDGE('',*,*,#2942,.T.);
#3963=ORIENTED_EDGE('',*,*,#2943,.T.);
#3964=ORIENTED_EDGE('',*,*,#2944,.T.);
#3965=ORIENTED_EDGE('',*,*,#2945,.T.);
#3966=ORIENTED_EDGE('',*,*,#2942,.F.);
#3967=ORIENTED_EDGE('',*,*,#2946,.F.);
#3968=ORIENTED_EDGE('',*,*,#2940,.F.);
#3969=ORIENTED_EDGE('',*,*,#2947,.T.);
#3970=ORIENTED_EDGE('',*,*,#2943,.F.);
#3971=ORIENTED_EDGE('',*,*,#2945,.F.);
#3972=ORIENTED_EDGE('',*,*,#2939,.F.);
#3973=ORIENTED_EDGE('',*,*,#2948,.T.);
#3974=ORIENTED_EDGE('',*,*,#2944,.F.);
#3975=ORIENTED_EDGE('',*,*,#2947,.F.);
#3976=ORIENTED_EDGE('',*,*,#2938,.F.);
#3977=ORIENTED_EDGE('',*,*,#2946,.T.);
#3978=ORIENTED_EDGE('',*,*,#2941,.F.);
#3979=ORIENTED_EDGE('',*,*,#2948,.F.);
#3980=ORIENTED_EDGE('',*,*,#2937,.F.);
#3981=ORIENTED_EDGE('',*,*,#2949,.T.);
#3982=ORIENTED_EDGE('',*,*,#2950,.T.);
#3983=ORIENTED_EDGE('',*,*,#2951,.T.);
#3984=ORIENTED_EDGE('',*,*,#2952,.T.);
#3985=ORIENTED_EDGE('',*,*,#2953,.T.);
#3986=ORIENTED_EDGE('',*,*,#2954,.T.);
#3987=ORIENTED_EDGE('',*,*,#2955,.T.);
#3988=ORIENTED_EDGE('',*,*,#2956,.T.);
#3989=ORIENTED_EDGE('',*,*,#2957,.T.);
#3990=ORIENTED_EDGE('',*,*,#2954,.F.);
#3991=ORIENTED_EDGE('',*,*,#2958,.F.);
#3992=ORIENTED_EDGE('',*,*,#2952,.F.);
#3993=ORIENTED_EDGE('',*,*,#2959,.T.);
#3994=ORIENTED_EDGE('',*,*,#2955,.F.);
#3995=ORIENTED_EDGE('',*,*,#2957,.F.);
#3996=ORIENTED_EDGE('',*,*,#2951,.F.);
#3997=ORIENTED_EDGE('',*,*,#2960,.T.);
#3998=ORIENTED_EDGE('',*,*,#2956,.F.);
#3999=ORIENTED_EDGE('',*,*,#2959,.F.);
#4000=ORIENTED_EDGE('',*,*,#2950,.F.);
#4001=ORIENTED_EDGE('',*,*,#2958,.T.);
#4002=ORIENTED_EDGE('',*,*,#2953,.F.);
#4003=ORIENTED_EDGE('',*,*,#2960,.F.);
#4004=ORIENTED_EDGE('',*,*,#2949,.F.);
#4005=ORIENTED_EDGE('',*,*,#2961,.T.);
#4006=ORIENTED_EDGE('',*,*,#2962,.T.);
#4007=ORIENTED_EDGE('',*,*,#2963,.T.);
#4008=ORIENTED_EDGE('',*,*,#2964,.T.);
#4009=ORIENTED_EDGE('',*,*,#2965,.T.);
#4010=ORIENTED_EDGE('',*,*,#2966,.T.);
#4011=ORIENTED_EDGE('',*,*,#2967,.T.);
#4012=ORIENTED_EDGE('',*,*,#2968,.T.);
#4013=ORIENTED_EDGE('',*,*,#2969,.T.);
#4014=ORIENTED_EDGE('',*,*,#2966,.F.);
#4015=ORIENTED_EDGE('',*,*,#2970,.F.);
#4016=ORIENTED_EDGE('',*,*,#2964,.F.);
#4017=ORIENTED_EDGE('',*,*,#2971,.T.);
#4018=ORIENTED_EDGE('',*,*,#2967,.F.);
#4019=ORIENTED_EDGE('',*,*,#2969,.F.);
#4020=ORIENTED_EDGE('',*,*,#2963,.F.);
#4021=ORIENTED_EDGE('',*,*,#2972,.T.);
#4022=ORIENTED_EDGE('',*,*,#2968,.F.);
#4023=ORIENTED_EDGE('',*,*,#2971,.F.);
#4024=ORIENTED_EDGE('',*,*,#2962,.F.);
#4025=ORIENTED_EDGE('',*,*,#2970,.T.);
#4026=ORIENTED_EDGE('',*,*,#2965,.F.);
#4027=ORIENTED_EDGE('',*,*,#2972,.F.);
#4028=ORIENTED_EDGE('',*,*,#2961,.F.);
#4029=ORIENTED_EDGE('',*,*,#2973,.T.);
#4030=ORIENTED_EDGE('',*,*,#2974,.T.);
#4031=ORIENTED_EDGE('',*,*,#2975,.T.);
#4032=ORIENTED_EDGE('',*,*,#2976,.T.);
#4033=ORIENTED_EDGE('',*,*,#2977,.T.);
#4034=ORIENTED_EDGE('',*,*,#2978,.T.);
#4035=ORIENTED_EDGE('',*,*,#2979,.T.);
#4036=ORIENTED_EDGE('',*,*,#2980,.T.);
#4037=ORIENTED_EDGE('',*,*,#2981,.T.);
#4038=ORIENTED_EDGE('',*,*,#2978,.F.);
#4039=ORIENTED_EDGE('',*,*,#2982,.F.);
#4040=ORIENTED_EDGE('',*,*,#2976,.F.);
#4041=ORIENTED_EDGE('',*,*,#2983,.T.);
#4042=ORIENTED_EDGE('',*,*,#2979,.F.);
#4043=ORIENTED_EDGE('',*,*,#2981,.F.);
#4044=ORIENTED_EDGE('',*,*,#2975,.F.);
#4045=ORIENTED_EDGE('',*,*,#2984,.T.);
#4046=ORIENTED_EDGE('',*,*,#2980,.F.);
#4047=ORIENTED_EDGE('',*,*,#2983,.F.);
#4048=ORIENTED_EDGE('',*,*,#2974,.F.);
#4049=ORIENTED_EDGE('',*,*,#2982,.T.);
#4050=ORIENTED_EDGE('',*,*,#2977,.F.);
#4051=ORIENTED_EDGE('',*,*,#2984,.F.);
#4052=ORIENTED_EDGE('',*,*,#2973,.F.);
#4053=ORIENTED_EDGE('',*,*,#2985,.T.);
#4054=ORIENTED_EDGE('',*,*,#2986,.T.);
#4055=ORIENTED_EDGE('',*,*,#2987,.T.);
#4056=ORIENTED_EDGE('',*,*,#2988,.T.);
#4057=ORIENTED_EDGE('',*,*,#2989,.T.);
#4058=ORIENTED_EDGE('',*,*,#2990,.T.);
#4059=ORIENTED_EDGE('',*,*,#2991,.T.);
#4060=ORIENTED_EDGE('',*,*,#2992,.T.);
#4061=ORIENTED_EDGE('',*,*,#2993,.T.);
#4062=ORIENTED_EDGE('',*,*,#2990,.F.);
#4063=ORIENTED_EDGE('',*,*,#2994,.F.);
#4064=ORIENTED_EDGE('',*,*,#2988,.F.);
#4065=ORIENTED_EDGE('',*,*,#2995,.T.);
#4066=ORIENTED_EDGE('',*,*,#2991,.F.);
#4067=ORIENTED_EDGE('',*,*,#2993,.F.);
#4068=ORIENTED_EDGE('',*,*,#2987,.F.);
#4069=ORIENTED_EDGE('',*,*,#2996,.T.);
#4070=ORIENTED_EDGE('',*,*,#2992,.F.);
#4071=ORIENTED_EDGE('',*,*,#2995,.F.);
#4072=ORIENTED_EDGE('',*,*,#2986,.F.);
#4073=ORIENTED_EDGE('',*,*,#2994,.T.);
#4074=ORIENTED_EDGE('',*,*,#2989,.F.);
#4075=ORIENTED_EDGE('',*,*,#2996,.F.);
#4076=ORIENTED_EDGE('',*,*,#2985,.F.);
#4077=ORIENTED_EDGE('',*,*,#2997,.T.);
#4078=ORIENTED_EDGE('',*,*,#2998,.T.);
#4079=ORIENTED_EDGE('',*,*,#2999,.T.);
#4080=ORIENTED_EDGE('',*,*,#3000,.T.);
#4081=ORIENTED_EDGE('',*,*,#3001,.T.);
#4082=ORIENTED_EDGE('',*,*,#3002,.T.);
#4083=ORIENTED_EDGE('',*,*,#3003,.T.);
#4084=ORIENTED_EDGE('',*,*,#3004,.T.);
#4085=ORIENTED_EDGE('',*,*,#3005,.T.);
#4086=ORIENTED_EDGE('',*,*,#3002,.F.);
#4087=ORIENTED_EDGE('',*,*,#3006,.F.);
#4088=ORIENTED_EDGE('',*,*,#3000,.F.);
#4089=ORIENTED_EDGE('',*,*,#3007,.T.);
#4090=ORIENTED_EDGE('',*,*,#3003,.F.);
#4091=ORIENTED_EDGE('',*,*,#3005,.F.);
#4092=ORIENTED_EDGE('',*,*,#2999,.F.);
#4093=ORIENTED_EDGE('',*,*,#3008,.T.);
#4094=ORIENTED_EDGE('',*,*,#3004,.F.);
#4095=ORIENTED_EDGE('',*,*,#3007,.F.);
#4096=ORIENTED_EDGE('',*,*,#2998,.F.);
#4097=ORIENTED_EDGE('',*,*,#3006,.T.);
#4098=ORIENTED_EDGE('',*,*,#3001,.F.);
#4099=ORIENTED_EDGE('',*,*,#3008,.F.);
#4100=ORIENTED_EDGE('',*,*,#2997,.F.);
#4101=ORIENTED_EDGE('',*,*,#3009,.T.);
#4102=ORIENTED_EDGE('',*,*,#3010,.T.);
#4103=ORIENTED_EDGE('',*,*,#3011,.T.);
#4104=ORIENTED_EDGE('',*,*,#3012,.T.);
#4105=ORIENTED_EDGE('',*,*,#3013,.T.);
#4106=ORIENTED_EDGE('',*,*,#3014,.T.);
#4107=ORIENTED_EDGE('',*,*,#3015,.T.);
#4108=ORIENTED_EDGE('',*,*,#3016,.T.);
#4109=ORIENTED_EDGE('',*,*,#3017,.T.);
#4110=ORIENTED_EDGE('',*,*,#3014,.F.);
#4111=ORIENTED_EDGE('',*,*,#3018,.F.);
#4112=ORIENTED_EDGE('',*,*,#3012,.F.);
#4113=ORIENTED_EDGE('',*,*,#3019,.T.);
#4114=ORIENTED_EDGE('',*,*,#3015,.F.);
#4115=ORIENTED_EDGE('',*,*,#3017,.F.);
#4116=ORIENTED_EDGE('',*,*,#3011,.F.);
#4117=ORIENTED_EDGE('',*,*,#3020,.T.);
#4118=ORIENTED_EDGE('',*,*,#3016,.F.);
#4119=ORIENTED_EDGE('',*,*,#3019,.F.);
#4120=ORIENTED_EDGE('',*,*,#3010,.F.);
#4121=ORIENTED_EDGE('',*,*,#3018,.T.);
#4122=ORIENTED_EDGE('',*,*,#3013,.F.);
#4123=ORIENTED_EDGE('',*,*,#3020,.F.);
#4124=ORIENTED_EDGE('',*,*,#3009,.F.);
#4125=ORIENTED_EDGE('',*,*,#3021,.T.);
#4126=ORIENTED_EDGE('',*,*,#3022,.T.);
#4127=ORIENTED_EDGE('',*,*,#3023,.T.);
#4128=ORIENTED_EDGE('',*,*,#3024,.T.);
#4129=ORIENTED_EDGE('',*,*,#3025,.T.);
#4130=ORIENTED_EDGE('',*,*,#3026,.T.);
#4131=ORIENTED_EDGE('',*,*,#3027,.T.);
#4132=ORIENTED_EDGE('',*,*,#3028,.T.);
#4133=ORIENTED_EDGE('',*,*,#3029,.T.);
#4134=ORIENTED_EDGE('',*,*,#3026,.F.);
#4135=ORIENTED_EDGE('',*,*,#3030,.F.);
#4136=ORIENTED_EDGE('',*,*,#3024,.F.);
#4137=ORIENTED_EDGE('',*,*,#3031,.T.);
#4138=ORIENTED_EDGE('',*,*,#3027,.F.);
#4139=ORIENTED_EDGE('',*,*,#3029,.F.);
#4140=ORIENTED_EDGE('',*,*,#3023,.F.);
#4141=ORIENTED_EDGE('',*,*,#3032,.T.);
#4142=ORIENTED_EDGE('',*,*,#3028,.F.);
#4143=ORIENTED_EDGE('',*,*,#3031,.F.);
#4144=ORIENTED_EDGE('',*,*,#3022,.F.);
#4145=ORIENTED_EDGE('',*,*,#3030,.T.);
#4146=ORIENTED_EDGE('',*,*,#3025,.F.);
#4147=ORIENTED_EDGE('',*,*,#3032,.F.);
#4148=ORIENTED_EDGE('',*,*,#3021,.F.);
#4149=ORIENTED_EDGE('',*,*,#3033,.T.);
#4150=ORIENTED_EDGE('',*,*,#3034,.T.);
#4151=ORIENTED_EDGE('',*,*,#3035,.T.);
#4152=ORIENTED_EDGE('',*,*,#3036,.T.);
#4153=ORIENTED_EDGE('',*,*,#3037,.T.);
#4154=ORIENTED_EDGE('',*,*,#3038,.T.);
#4155=ORIENTED_EDGE('',*,*,#3039,.T.);
#4156=ORIENTED_EDGE('',*,*,#3040,.T.);
#4157=ORIENTED_EDGE('',*,*,#3041,.T.);
#4158=ORIENTED_EDGE('',*,*,#3038,.F.);
#4159=ORIENTED_EDGE('',*,*,#3042,.F.);
#4160=ORIENTED_EDGE('',*,*,#3036,.F.);
#4161=ORIENTED_EDGE('',*,*,#3043,.T.);
#4162=ORIENTED_EDGE('',*,*,#3039,.F.);
#4163=ORIENTED_EDGE('',*,*,#3041,.F.);
#4164=ORIENTED_EDGE('',*,*,#3035,.F.);
#4165=ORIENTED_EDGE('',*,*,#3044,.T.);
#4166=ORIENTED_EDGE('',*,*,#3040,.F.);
#4167=ORIENTED_EDGE('',*,*,#3043,.F.);
#4168=ORIENTED_EDGE('',*,*,#3034,.F.);
#4169=ORIENTED_EDGE('',*,*,#3042,.T.);
#4170=ORIENTED_EDGE('',*,*,#3037,.F.);
#4171=ORIENTED_EDGE('',*,*,#3044,.F.);
#4172=ORIENTED_EDGE('',*,*,#3033,.F.);
#4173=ORIENTED_EDGE('',*,*,#3045,.T.);
#4174=ORIENTED_EDGE('',*,*,#3046,.T.);
#4175=ORIENTED_EDGE('',*,*,#3047,.T.);
#4176=ORIENTED_EDGE('',*,*,#3048,.T.);
#4177=ORIENTED_EDGE('',*,*,#3049,.T.);
#4178=ORIENTED_EDGE('',*,*,#3050,.T.);
#4179=ORIENTED_EDGE('',*,*,#3051,.T.);
#4180=ORIENTED_EDGE('',*,*,#3052,.T.);
#4181=ORIENTED_EDGE('',*,*,#3053,.T.);
#4182=ORIENTED_EDGE('',*,*,#3050,.F.);
#4183=ORIENTED_EDGE('',*,*,#3054,.F.);
#4184=ORIENTED_EDGE('',*,*,#3048,.F.);
#4185=ORIENTED_EDGE('',*,*,#3055,.T.);
#4186=ORIENTED_EDGE('',*,*,#3051,.F.);
#4187=ORIENTED_EDGE('',*,*,#3053,.F.);
#4188=ORIENTED_EDGE('',*,*,#3047,.F.);
#4189=ORIENTED_EDGE('',*,*,#3056,.T.);
#4190=ORIENTED_EDGE('',*,*,#3052,.F.);
#4191=ORIENTED_EDGE('',*,*,#3055,.F.);
#4192=ORIENTED_EDGE('',*,*,#3046,.F.);
#4193=ORIENTED_EDGE('',*,*,#3054,.T.);
#4194=ORIENTED_EDGE('',*,*,#3049,.F.);
#4195=ORIENTED_EDGE('',*,*,#3056,.F.);
#4196=ORIENTED_EDGE('',*,*,#3045,.F.);
#4197=ORIENTED_EDGE('',*,*,#3057,.T.);
#4198=ORIENTED_EDGE('',*,*,#3058,.T.);
#4199=ORIENTED_EDGE('',*,*,#3059,.T.);
#4200=ORIENTED_EDGE('',*,*,#3060,.T.);
#4201=ORIENTED_EDGE('',*,*,#3061,.T.);
#4202=ORIENTED_EDGE('',*,*,#3062,.T.);
#4203=ORIENTED_EDGE('',*,*,#3063,.T.);
#4204=ORIENTED_EDGE('',*,*,#3064,.T.);
#4205=ORIENTED_EDGE('',*,*,#3065,.T.);
#4206=ORIENTED_EDGE('',*,*,#3062,.F.);
#4207=ORIENTED_EDGE('',*,*,#3066,.F.);
#4208=ORIENTED_EDGE('',*,*,#3060,.F.);
#4209=ORIENTED_EDGE('',*,*,#3067,.T.);
#4210=ORIENTED_EDGE('',*,*,#3063,.F.);
#4211=ORIENTED_EDGE('',*,*,#3065,.F.);
#4212=ORIENTED_EDGE('',*,*,#3059,.F.);
#4213=ORIENTED_EDGE('',*,*,#3068,.T.);
#4214=ORIENTED_EDGE('',*,*,#3064,.F.);
#4215=ORIENTED_EDGE('',*,*,#3067,.F.);
#4216=ORIENTED_EDGE('',*,*,#3058,.F.);
#4217=ORIENTED_EDGE('',*,*,#3066,.T.);
#4218=ORIENTED_EDGE('',*,*,#3061,.F.);
#4219=ORIENTED_EDGE('',*,*,#3068,.F.);
#4220=ORIENTED_EDGE('',*,*,#3057,.F.);
#4221=ORIENTED_EDGE('',*,*,#3069,.T.);
#4222=ORIENTED_EDGE('',*,*,#3070,.T.);
#4223=ORIENTED_EDGE('',*,*,#3071,.T.);
#4224=ORIENTED_EDGE('',*,*,#3072,.T.);
#4225=ORIENTED_EDGE('',*,*,#3073,.T.);
#4226=ORIENTED_EDGE('',*,*,#3074,.T.);
#4227=ORIENTED_EDGE('',*,*,#3075,.T.);
#4228=ORIENTED_EDGE('',*,*,#3076,.T.);
#4229=ORIENTED_EDGE('',*,*,#3077,.T.);
#4230=ORIENTED_EDGE('',*,*,#3074,.F.);
#4231=ORIENTED_EDGE('',*,*,#3078,.F.);
#4232=ORIENTED_EDGE('',*,*,#3072,.F.);
#4233=ORIENTED_EDGE('',*,*,#3079,.T.);
#4234=ORIENTED_EDGE('',*,*,#3075,.F.);
#4235=ORIENTED_EDGE('',*,*,#3077,.F.);
#4236=ORIENTED_EDGE('',*,*,#3071,.F.);
#4237=ORIENTED_EDGE('',*,*,#3080,.T.);
#4238=ORIENTED_EDGE('',*,*,#3076,.F.);
#4239=ORIENTED_EDGE('',*,*,#3079,.F.);
#4240=ORIENTED_EDGE('',*,*,#3070,.F.);
#4241=ORIENTED_EDGE('',*,*,#3078,.T.);
#4242=ORIENTED_EDGE('',*,*,#3073,.F.);
#4243=ORIENTED_EDGE('',*,*,#3080,.F.);
#4244=ORIENTED_EDGE('',*,*,#3069,.F.);
#4245=ORIENTED_EDGE('',*,*,#3081,.T.);
#4246=ORIENTED_EDGE('',*,*,#3082,.T.);
#4247=ORIENTED_EDGE('',*,*,#3083,.T.);
#4248=ORIENTED_EDGE('',*,*,#3084,.T.);
#4249=ORIENTED_EDGE('',*,*,#3085,.T.);
#4250=ORIENTED_EDGE('',*,*,#3086,.T.);
#4251=ORIENTED_EDGE('',*,*,#3087,.T.);
#4252=ORIENTED_EDGE('',*,*,#3088,.T.);
#4253=ORIENTED_EDGE('',*,*,#3089,.T.);
#4254=ORIENTED_EDGE('',*,*,#3086,.F.);
#4255=ORIENTED_EDGE('',*,*,#3090,.F.);
#4256=ORIENTED_EDGE('',*,*,#3084,.F.);
#4257=ORIENTED_EDGE('',*,*,#3091,.T.);
#4258=ORIENTED_EDGE('',*,*,#3087,.F.);
#4259=ORIENTED_EDGE('',*,*,#3089,.F.);
#4260=ORIENTED_EDGE('',*,*,#3083,.F.);
#4261=ORIENTED_EDGE('',*,*,#3092,.T.);
#4262=ORIENTED_EDGE('',*,*,#3088,.F.);
#4263=ORIENTED_EDGE('',*,*,#3091,.F.);
#4264=ORIENTED_EDGE('',*,*,#3082,.F.);
#4265=ORIENTED_EDGE('',*,*,#3090,.T.);
#4266=ORIENTED_EDGE('',*,*,#3085,.F.);
#4267=ORIENTED_EDGE('',*,*,#3092,.F.);
#4268=ORIENTED_EDGE('',*,*,#3081,.F.);
#4269=ORIENTED_EDGE('',*,*,#3093,.T.);
#4270=ORIENTED_EDGE('',*,*,#3094,.T.);
#4271=ORIENTED_EDGE('',*,*,#3095,.T.);
#4272=ORIENTED_EDGE('',*,*,#3096,.T.);
#4273=ORIENTED_EDGE('',*,*,#3097,.T.);
#4274=ORIENTED_EDGE('',*,*,#3098,.T.);
#4275=ORIENTED_EDGE('',*,*,#3099,.T.);
#4276=ORIENTED_EDGE('',*,*,#3100,.T.);
#4277=ORIENTED_EDGE('',*,*,#3101,.T.);
#4278=ORIENTED_EDGE('',*,*,#3098,.F.);
#4279=ORIENTED_EDGE('',*,*,#3102,.F.);
#4280=ORIENTED_EDGE('',*,*,#3096,.F.);
#4281=ORIENTED_EDGE('',*,*,#3103,.T.);
#4282=ORIENTED_EDGE('',*,*,#3099,.F.);
#4283=ORIENTED_EDGE('',*,*,#3101,.F.);
#4284=ORIENTED_EDGE('',*,*,#3095,.F.);
#4285=ORIENTED_EDGE('',*,*,#3104,.T.);
#4286=ORIENTED_EDGE('',*,*,#3100,.F.);
#4287=ORIENTED_EDGE('',*,*,#3103,.F.);
#4288=ORIENTED_EDGE('',*,*,#3094,.F.);
#4289=ORIENTED_EDGE('',*,*,#3102,.T.);
#4290=ORIENTED_EDGE('',*,*,#3097,.F.);
#4291=ORIENTED_EDGE('',*,*,#3104,.F.);
#4292=ORIENTED_EDGE('',*,*,#3093,.F.);
#4293=ORIENTED_EDGE('',*,*,#3105,.T.);
#4294=ORIENTED_EDGE('',*,*,#3106,.T.);
#4295=ORIENTED_EDGE('',*,*,#3107,.T.);
#4296=ORIENTED_EDGE('',*,*,#3108,.T.);
#4297=ORIENTED_EDGE('',*,*,#3109,.T.);
#4298=ORIENTED_EDGE('',*,*,#3110,.T.);
#4299=ORIENTED_EDGE('',*,*,#3111,.T.);
#4300=ORIENTED_EDGE('',*,*,#3112,.T.);
#4301=ORIENTED_EDGE('',*,*,#3113,.T.);
#4302=ORIENTED_EDGE('',*,*,#3110,.F.);
#4303=ORIENTED_EDGE('',*,*,#3114,.F.);
#4304=ORIENTED_EDGE('',*,*,#3108,.F.);
#4305=ORIENTED_EDGE('',*,*,#3115,.T.);
#4306=ORIENTED_EDGE('',*,*,#3111,.F.);
#4307=ORIENTED_EDGE('',*,*,#3113,.F.);
#4308=ORIENTED_EDGE('',*,*,#3107,.F.);
#4309=ORIENTED_EDGE('',*,*,#3116,.T.);
#4310=ORIENTED_EDGE('',*,*,#3112,.F.);
#4311=ORIENTED_EDGE('',*,*,#3115,.F.);
#4312=ORIENTED_EDGE('',*,*,#3106,.F.);
#4313=ORIENTED_EDGE('',*,*,#3114,.T.);
#4314=ORIENTED_EDGE('',*,*,#3109,.F.);
#4315=ORIENTED_EDGE('',*,*,#3116,.F.);
#4316=ORIENTED_EDGE('',*,*,#3105,.F.);
#4317=ORIENTED_EDGE('',*,*,#3117,.T.);
#4318=ORIENTED_EDGE('',*,*,#3118,.T.);
#4319=ORIENTED_EDGE('',*,*,#3119,.T.);
#4320=ORIENTED_EDGE('',*,*,#3120,.T.);
#4321=ORIENTED_EDGE('',*,*,#3121,.T.);
#4322=ORIENTED_EDGE('',*,*,#3122,.T.);
#4323=ORIENTED_EDGE('',*,*,#3123,.T.);
#4324=ORIENTED_EDGE('',*,*,#3124,.T.);
#4325=ORIENTED_EDGE('',*,*,#3125,.T.);
#4326=ORIENTED_EDGE('',*,*,#3122,.F.);
#4327=ORIENTED_EDGE('',*,*,#3126,.F.);
#4328=ORIENTED_EDGE('',*,*,#3120,.F.);
#4329=ORIENTED_EDGE('',*,*,#3127,.T.);
#4330=ORIENTED_EDGE('',*,*,#3123,.F.);
#4331=ORIENTED_EDGE('',*,*,#3125,.F.);
#4332=ORIENTED_EDGE('',*,*,#3119,.F.);
#4333=ORIENTED_EDGE('',*,*,#3128,.T.);
#4334=ORIENTED_EDGE('',*,*,#3124,.F.);
#4335=ORIENTED_EDGE('',*,*,#3127,.F.);
#4336=ORIENTED_EDGE('',*,*,#3118,.F.);
#4337=ORIENTED_EDGE('',*,*,#3126,.T.);
#4338=ORIENTED_EDGE('',*,*,#3121,.F.);
#4339=ORIENTED_EDGE('',*,*,#3128,.F.);
#4340=ORIENTED_EDGE('',*,*,#3117,.F.);
#4341=ORIENTED_EDGE('',*,*,#3129,.T.);
#4342=ORIENTED_EDGE('',*,*,#3130,.T.);
#4343=ORIENTED_EDGE('',*,*,#3131,.T.);
#4344=ORIENTED_EDGE('',*,*,#3132,.T.);
#4345=ORIENTED_EDGE('',*,*,#3133,.T.);
#4346=ORIENTED_EDGE('',*,*,#3134,.T.);
#4347=ORIENTED_EDGE('',*,*,#3135,.T.);
#4348=ORIENTED_EDGE('',*,*,#3136,.T.);
#4349=ORIENTED_EDGE('',*,*,#3137,.T.);
#4350=ORIENTED_EDGE('',*,*,#3134,.F.);
#4351=ORIENTED_EDGE('',*,*,#3138,.F.);
#4352=ORIENTED_EDGE('',*,*,#3132,.F.);
#4353=ORIENTED_EDGE('',*,*,#3139,.T.);
#4354=ORIENTED_EDGE('',*,*,#3135,.F.);
#4355=ORIENTED_EDGE('',*,*,#3137,.F.);
#4356=ORIENTED_EDGE('',*,*,#3131,.F.);
#4357=ORIENTED_EDGE('',*,*,#3140,.T.);
#4358=ORIENTED_EDGE('',*,*,#3136,.F.);
#4359=ORIENTED_EDGE('',*,*,#3139,.F.);
#4360=ORIENTED_EDGE('',*,*,#3130,.F.);
#4361=ORIENTED_EDGE('',*,*,#3138,.T.);
#4362=ORIENTED_EDGE('',*,*,#3133,.F.);
#4363=ORIENTED_EDGE('',*,*,#3140,.F.);
#4364=ORIENTED_EDGE('',*,*,#3129,.F.);
#4365=ORIENTED_EDGE('',*,*,#3141,.T.);
#4366=ORIENTED_EDGE('',*,*,#3142,.T.);
#4367=ORIENTED_EDGE('',*,*,#3143,.T.);
#4368=ORIENTED_EDGE('',*,*,#3144,.T.);
#4369=ORIENTED_EDGE('',*,*,#3145,.T.);
#4370=ORIENTED_EDGE('',*,*,#3146,.T.);
#4371=ORIENTED_EDGE('',*,*,#3147,.T.);
#4372=ORIENTED_EDGE('',*,*,#3148,.T.);
#4373=ORIENTED_EDGE('',*,*,#3149,.T.);
#4374=ORIENTED_EDGE('',*,*,#3146,.F.);
#4375=ORIENTED_EDGE('',*,*,#3150,.F.);
#4376=ORIENTED_EDGE('',*,*,#3144,.F.);
#4377=ORIENTED_EDGE('',*,*,#3151,.T.);
#4378=ORIENTED_EDGE('',*,*,#3147,.F.);
#4379=ORIENTED_EDGE('',*,*,#3149,.F.);
#4380=ORIENTED_EDGE('',*,*,#3143,.F.);
#4381=ORIENTED_EDGE('',*,*,#3152,.T.);
#4382=ORIENTED_EDGE('',*,*,#3148,.F.);
#4383=ORIENTED_EDGE('',*,*,#3151,.F.);
#4384=ORIENTED_EDGE('',*,*,#3142,.F.);
#4385=ORIENTED_EDGE('',*,*,#3150,.T.);
#4386=ORIENTED_EDGE('',*,*,#3145,.F.);
#4387=ORIENTED_EDGE('',*,*,#3152,.F.);
#4388=ORIENTED_EDGE('',*,*,#3141,.F.);
#4389=ORIENTED_EDGE('',*,*,#3153,.T.);
#4390=ORIENTED_EDGE('',*,*,#3154,.T.);
#4391=ORIENTED_EDGE('',*,*,#3155,.T.);
#4392=ORIENTED_EDGE('',*,*,#3156,.T.);
#4393=ORIENTED_EDGE('',*,*,#3157,.T.);
#4394=ORIENTED_EDGE('',*,*,#3158,.T.);
#4395=ORIENTED_EDGE('',*,*,#3159,.T.);
#4396=ORIENTED_EDGE('',*,*,#3160,.T.);
#4397=ORIENTED_EDGE('',*,*,#3161,.T.);
#4398=ORIENTED_EDGE('',*,*,#3158,.F.);
#4399=ORIENTED_EDGE('',*,*,#3162,.F.);
#4400=ORIENTED_EDGE('',*,*,#3156,.F.);
#4401=ORIENTED_EDGE('',*,*,#3163,.T.);
#4402=ORIENTED_EDGE('',*,*,#3159,.F.);
#4403=ORIENTED_EDGE('',*,*,#3161,.F.);
#4404=ORIENTED_EDGE('',*,*,#3155,.F.);
#4405=ORIENTED_EDGE('',*,*,#3164,.T.);
#4406=ORIENTED_EDGE('',*,*,#3160,.F.);
#4407=ORIENTED_EDGE('',*,*,#3163,.F.);
#4408=ORIENTED_EDGE('',*,*,#3154,.F.);
#4409=ORIENTED_EDGE('',*,*,#3162,.T.);
#4410=ORIENTED_EDGE('',*,*,#3157,.F.);
#4411=ORIENTED_EDGE('',*,*,#3164,.F.);
#4412=ORIENTED_EDGE('',*,*,#3153,.F.);
#4413=ORIENTED_EDGE('',*,*,#3165,.T.);
#4414=ORIENTED_EDGE('',*,*,#3166,.T.);
#4415=ORIENTED_EDGE('',*,*,#3167,.T.);
#4416=ORIENTED_EDGE('',*,*,#3168,.T.);
#4417=ORIENTED_EDGE('',*,*,#3169,.T.);
#4418=ORIENTED_EDGE('',*,*,#3170,.T.);
#4419=ORIENTED_EDGE('',*,*,#3171,.T.);
#4420=ORIENTED_EDGE('',*,*,#3172,.T.);
#4421=ORIENTED_EDGE('',*,*,#3173,.T.);
#4422=ORIENTED_EDGE('',*,*,#3170,.F.);
#4423=ORIENTED_EDGE('',*,*,#3174,.F.);
#4424=ORIENTED_EDGE('',*,*,#3168,.F.);
#4425=ORIENTED_EDGE('',*,*,#3175,.T.);
#4426=ORIENTED_EDGE('',*,*,#3171,.F.);
#4427=ORIENTED_EDGE('',*,*,#3173,.F.);
#4428=ORIENTED_EDGE('',*,*,#3167,.F.);
#4429=ORIENTED_EDGE('',*,*,#3176,.T.);
#4430=ORIENTED_EDGE('',*,*,#3172,.F.);
#4431=ORIENTED_EDGE('',*,*,#3175,.F.);
#4432=ORIENTED_EDGE('',*,*,#3166,.F.);
#4433=ORIENTED_EDGE('',*,*,#3174,.T.);
#4434=ORIENTED_EDGE('',*,*,#3169,.F.);
#4435=ORIENTED_EDGE('',*,*,#3176,.F.);
#4436=ORIENTED_EDGE('',*,*,#3165,.F.);
#4437=ORIENTED_EDGE('',*,*,#3177,.T.);
#4438=ORIENTED_EDGE('',*,*,#3178,.T.);
#4439=ORIENTED_EDGE('',*,*,#3179,.T.);
#4440=ORIENTED_EDGE('',*,*,#3180,.T.);
#4441=ORIENTED_EDGE('',*,*,#3181,.T.);
#4442=ORIENTED_EDGE('',*,*,#3182,.T.);
#4443=ORIENTED_EDGE('',*,*,#3183,.T.);
#4444=ORIENTED_EDGE('',*,*,#3184,.T.);
#4445=ORIENTED_EDGE('',*,*,#3185,.T.);
#4446=ORIENTED_EDGE('',*,*,#3182,.F.);
#4447=ORIENTED_EDGE('',*,*,#3186,.F.);
#4448=ORIENTED_EDGE('',*,*,#3180,.F.);
#4449=ORIENTED_EDGE('',*,*,#3187,.T.);
#4450=ORIENTED_EDGE('',*,*,#3183,.F.);
#4451=ORIENTED_EDGE('',*,*,#3185,.F.);
#4452=ORIENTED_EDGE('',*,*,#3179,.F.);
#4453=ORIENTED_EDGE('',*,*,#3188,.T.);
#4454=ORIENTED_EDGE('',*,*,#3184,.F.);
#4455=ORIENTED_EDGE('',*,*,#3187,.F.);
#4456=ORIENTED_EDGE('',*,*,#3178,.F.);
#4457=ORIENTED_EDGE('',*,*,#3186,.T.);
#4458=ORIENTED_EDGE('',*,*,#3181,.F.);
#4459=ORIENTED_EDGE('',*,*,#3188,.F.);
#4460=ORIENTED_EDGE('',*,*,#3177,.F.);
#4461=ORIENTED_EDGE('',*,*,#3189,.T.);
#4462=ORIENTED_EDGE('',*,*,#3190,.T.);
#4463=ORIENTED_EDGE('',*,*,#3191,.T.);
#4464=ORIENTED_EDGE('',*,*,#3192,.T.);
#4465=ORIENTED_EDGE('',*,*,#3193,.T.);
#4466=ORIENTED_EDGE('',*,*,#3194,.T.);
#4467=ORIENTED_EDGE('',*,*,#3195,.T.);
#4468=ORIENTED_EDGE('',*,*,#3196,.T.);
#4469=ORIENTED_EDGE('',*,*,#3197,.T.);
#4470=ORIENTED_EDGE('',*,*,#3194,.F.);
#4471=ORIENTED_EDGE('',*,*,#3198,.F.);
#4472=ORIENTED_EDGE('',*,*,#3192,.F.);
#4473=ORIENTED_EDGE('',*,*,#3199,.T.);
#4474=ORIENTED_EDGE('',*,*,#3195,.F.);
#4475=ORIENTED_EDGE('',*,*,#3197,.F.);
#4476=ORIENTED_EDGE('',*,*,#3191,.F.);
#4477=ORIENTED_EDGE('',*,*,#3200,.T.);
#4478=ORIENTED_EDGE('',*,*,#3196,.F.);
#4479=ORIENTED_EDGE('',*,*,#3199,.F.);
#4480=ORIENTED_EDGE('',*,*,#3190,.F.);
#4481=ORIENTED_EDGE('',*,*,#3198,.T.);
#4482=ORIENTED_EDGE('',*,*,#3193,.F.);
#4483=ORIENTED_EDGE('',*,*,#3200,.F.);
#4484=ORIENTED_EDGE('',*,*,#3189,.F.);
#4485=ORIENTED_EDGE('',*,*,#3201,.T.);
#4486=ORIENTED_EDGE('',*,*,#3202,.T.);
#4487=ORIENTED_EDGE('',*,*,#3203,.T.);
#4488=ORIENTED_EDGE('',*,*,#3204,.T.);
#4489=ORIENTED_EDGE('',*,*,#3205,.T.);
#4490=ORIENTED_EDGE('',*,*,#3206,.T.);
#4491=ORIENTED_EDGE('',*,*,#3207,.T.);
#4492=ORIENTED_EDGE('',*,*,#3208,.T.);
#4493=ORIENTED_EDGE('',*,*,#3209,.T.);
#4494=ORIENTED_EDGE('',*,*,#3206,.F.);
#4495=ORIENTED_EDGE('',*,*,#3210,.F.);
#4496=ORIENTED_EDGE('',*,*,#3204,.F.);
#4497=ORIENTED_EDGE('',*,*,#3211,.T.);
#4498=ORIENTED_EDGE('',*,*,#3207,.F.);
#4499=ORIENTED_EDGE('',*,*,#3209,.F.);
#4500=ORIENTED_EDGE('',*,*,#3203,.F.);
#4501=ORIENTED_EDGE('',*,*,#3212,.T.);
#4502=ORIENTED_EDGE('',*,*,#3208,.F.);
#4503=ORIENTED_EDGE('',*,*,#3211,.F.);
#4504=ORIENTED_EDGE('',*,*,#3202,.F.);
#4505=ORIENTED_EDGE('',*,*,#3210,.T.);
#4506=ORIENTED_EDGE('',*,*,#3205,.F.);
#4507=ORIENTED_EDGE('',*,*,#3212,.F.);
#4508=ORIENTED_EDGE('',*,*,#3201,.F.);
#4509=ORIENTED_EDGE('',*,*,#3213,.T.);
#4510=ORIENTED_EDGE('',*,*,#3214,.T.);
#4511=ORIENTED_EDGE('',*,*,#3215,.T.);
#4512=ORIENTED_EDGE('',*,*,#3216,.T.);
#4513=ORIENTED_EDGE('',*,*,#3217,.T.);
#4514=ORIENTED_EDGE('',*,*,#3218,.T.);
#4515=ORIENTED_EDGE('',*,*,#3219,.T.);
#4516=ORIENTED_EDGE('',*,*,#3220,.T.);
#4517=ORIENTED_EDGE('',*,*,#3221,.T.);
#4518=ORIENTED_EDGE('',*,*,#3218,.F.);
#4519=ORIENTED_EDGE('',*,*,#3222,.F.);
#4520=ORIENTED_EDGE('',*,*,#3216,.F.);
#4521=ORIENTED_EDGE('',*,*,#3223,.T.);
#4522=ORIENTED_EDGE('',*,*,#3219,.F.);
#4523=ORIENTED_EDGE('',*,*,#3221,.F.);
#4524=ORIENTED_EDGE('',*,*,#3215,.F.);
#4525=ORIENTED_EDGE('',*,*,#3224,.T.);
#4526=ORIENTED_EDGE('',*,*,#3220,.F.);
#4527=ORIENTED_EDGE('',*,*,#3223,.F.);
#4528=ORIENTED_EDGE('',*,*,#3214,.F.);
#4529=ORIENTED_EDGE('',*,*,#3222,.T.);
#4530=ORIENTED_EDGE('',*,*,#3217,.F.);
#4531=ORIENTED_EDGE('',*,*,#3224,.F.);
#4532=ORIENTED_EDGE('',*,*,#3213,.F.);
#4533=ORIENTED_EDGE('',*,*,#3225,.T.);
#4534=ORIENTED_EDGE('',*,*,#3226,.T.);
#4535=ORIENTED_EDGE('',*,*,#3227,.T.);
#4536=ORIENTED_EDGE('',*,*,#3228,.T.);
#4537=ORIENTED_EDGE('',*,*,#3229,.T.);
#4538=ORIENTED_EDGE('',*,*,#3230,.T.);
#4539=ORIENTED_EDGE('',*,*,#3231,.T.);
#4540=ORIENTED_EDGE('',*,*,#3232,.T.);
#4541=ORIENTED_EDGE('',*,*,#3233,.T.);
#4542=ORIENTED_EDGE('',*,*,#3230,.F.);
#4543=ORIENTED_EDGE('',*,*,#3234,.F.);
#4544=ORIENTED_EDGE('',*,*,#3228,.F.);
#4545=ORIENTED_EDGE('',*,*,#3235,.T.);
#4546=ORIENTED_EDGE('',*,*,#3231,.F.);
#4547=ORIENTED_EDGE('',*,*,#3233,.F.);
#4548=ORIENTED_EDGE('',*,*,#3227,.F.);
#4549=ORIENTED_EDGE('',*,*,#3236,.T.);
#4550=ORIENTED_EDGE('',*,*,#3232,.F.);
#4551=ORIENTED_EDGE('',*,*,#3235,.F.);
#4552=ORIENTED_EDGE('',*,*,#3226,.F.);
#4553=ORIENTED_EDGE('',*,*,#3234,.T.);
#4554=ORIENTED_EDGE('',*,*,#3229,.F.);
#4555=ORIENTED_EDGE('',*,*,#3236,.F.);
#4556=ORIENTED_EDGE('',*,*,#3225,.F.);
#4557=ORIENTED_EDGE('',*,*,#3237,.T.);
#4558=ORIENTED_EDGE('',*,*,#3238,.T.);
#4559=ORIENTED_EDGE('',*,*,#3239,.T.);
#4560=ORIENTED_EDGE('',*,*,#3240,.T.);
#4561=ORIENTED_EDGE('',*,*,#3241,.T.);
#4562=ORIENTED_EDGE('',*,*,#3242,.T.);
#4563=ORIENTED_EDGE('',*,*,#3243,.T.);
#4564=ORIENTED_EDGE('',*,*,#3244,.T.);
#4565=ORIENTED_EDGE('',*,*,#3245,.T.);
#4566=ORIENTED_EDGE('',*,*,#3242,.F.);
#4567=ORIENTED_EDGE('',*,*,#3246,.F.);
#4568=ORIENTED_EDGE('',*,*,#3240,.F.);
#4569=ORIENTED_EDGE('',*,*,#3247,.T.);
#4570=ORIENTED_EDGE('',*,*,#3243,.F.);
#4571=ORIENTED_EDGE('',*,*,#3245,.F.);
#4572=ORIENTED_EDGE('',*,*,#3239,.F.);
#4573=ORIENTED_EDGE('',*,*,#3248,.T.);
#4574=ORIENTED_EDGE('',*,*,#3244,.F.);
#4575=ORIENTED_EDGE('',*,*,#3247,.F.);
#4576=ORIENTED_EDGE('',*,*,#3238,.F.);
#4577=ORIENTED_EDGE('',*,*,#3246,.T.);
#4578=ORIENTED_EDGE('',*,*,#3241,.F.);
#4579=ORIENTED_EDGE('',*,*,#3248,.F.);
#4580=ORIENTED_EDGE('',*,*,#3237,.F.);
#4581=ORIENTED_EDGE('',*,*,#3249,.T.);
#4582=ORIENTED_EDGE('',*,*,#3250,.T.);
#4583=ORIENTED_EDGE('',*,*,#3251,.T.);
#4584=ORIENTED_EDGE('',*,*,#3252,.T.);
#4585=ORIENTED_EDGE('',*,*,#3253,.T.);
#4586=ORIENTED_EDGE('',*,*,#3254,.T.);
#4587=ORIENTED_EDGE('',*,*,#3255,.T.);
#4588=ORIENTED_EDGE('',*,*,#3256,.T.);
#4589=ORIENTED_EDGE('',*,*,#3257,.T.);
#4590=ORIENTED_EDGE('',*,*,#3254,.F.);
#4591=ORIENTED_EDGE('',*,*,#3258,.F.);
#4592=ORIENTED_EDGE('',*,*,#3252,.F.);
#4593=ORIENTED_EDGE('',*,*,#3259,.T.);
#4594=ORIENTED_EDGE('',*,*,#3255,.F.);
#4595=ORIENTED_EDGE('',*,*,#3257,.F.);
#4596=ORIENTED_EDGE('',*,*,#3251,.F.);
#4597=ORIENTED_EDGE('',*,*,#3260,.T.);
#4598=ORIENTED_EDGE('',*,*,#3256,.F.);
#4599=ORIENTED_EDGE('',*,*,#3259,.F.);
#4600=ORIENTED_EDGE('',*,*,#3250,.F.);
#4601=ORIENTED_EDGE('',*,*,#3258,.T.);
#4602=ORIENTED_EDGE('',*,*,#3253,.F.);
#4603=ORIENTED_EDGE('',*,*,#3260,.F.);
#4604=ORIENTED_EDGE('',*,*,#3249,.F.);
#4605=PLANE('',#5346);
#4606=PLANE('',#5347);
#4607=PLANE('',#5348);
#4608=PLANE('',#5349);
#4609=PLANE('',#5350);
#4610=PLANE('',#5351);
#4611=PLANE('',#5352);
#4612=PLANE('',#5353);
#4613=PLANE('',#5354);
#4614=PLANE('',#5355);
#4615=PLANE('',#5356);
#4616=PLANE('',#5357);
#4617=PLANE('',#5358);
#4618=PLANE('',#5359);
#4619=PLANE('',#5360);
#4620=PLANE('',#5361);
#4621=PLANE('',#5362);
#4622=PLANE('',#5363);
#4623=PLANE('',#5364);
#4624=PLANE('',#5365);
#4625=PLANE('',#5366);
#4626=PLANE('',#5367);
#4627=PLANE('',#5368);
#4628=PLANE('',#5369);
#4629=PLANE('',#5370);
#4630=PLANE('',#5371);
#4631=PLANE('',#5372);
#4632=PLANE('',#5373);
#4633=PLANE('',#5374);
#4634=PLANE('',#5375);
#4635=PLANE('',#5376);
#4636=PLANE('',#5377);
#4637=PLANE('',#5378);
#4638=PLANE('',#5379);
#4639=PLANE('',#5380);
#4640=PLANE('',#5381);
#4641=PLANE('',#5382);
#4642=PLANE('',#5383);
#4643=PLANE('',#5384);
#4644=PLANE('',#5385);
#4645=PLANE('',#5386);
#4646=PLANE('',#5387);
#4647=PLANE('',#5388);
#4648=PLANE('',#5389);
#4649=PLANE('',#5390);
#4650=PLANE('',#5391);
#4651=PLANE('',#5392);
#4652=PLANE('',#5393);
#4653=PLANE('',#5394);
#4654=PLANE('',#5395);
#4655=PLANE('',#5396);
#4656=PLANE('',#5397);
#4657=PLANE('',#5398);
#4658=PLANE('',#5399);
#4659=PLANE('',#5400);
#4660=PLANE('',#5401);
#4661=PLANE('',#5402);
#4662=PLANE('',#5403);
#4663=PLANE('',#5404);
#4664=PLANE('',#5405);
#4665=PLANE('',#5406);
#4666=PLANE('',#5407);
#4667=PLANE('',#5408);
#4668=PLANE('',#5409);
#4669=PLANE('',#5410);
#4670=PLANE('',#5411);
#4671=PLANE('',#5412);
#4672=PLANE('',#5413);
#4673=PLANE('',#5414);
#4674=PLANE('',#5415);
#4675=PLANE('',#5416);
#4676=PLANE('',#5417);
#4677=PLANE('',#5418);
#4678=PLANE('',#5419);
#4679=PLANE('',#5420);
#4680=PLANE('',#5421);
#4681=PLANE('',#5422);
#4682=PLANE('',#5423);
#4683=PLANE('',#5424);
#4684=PLANE('',#5425);
#4685=PLANE('',#5426);
#4686=PLANE('',#5427);
#4687=PLANE('',#5428);
#4688=PLANE('',#5429);
#4689=PLANE('',#5430);
#4690=PLANE('',#5431);
#4691=PLANE('',#5432);
#4692=PLANE('',#5433);
#4693=PLANE('',#5434);
#4694=PLANE('',#5435);
#4695=PLANE('',#5436);
#4696=PLANE('',#5437);
#4697=PLANE('',#5438);
#4698=PLANE('',#5439);
#4699=PLANE('',#5440);
#4700=PLANE('',#5441);
#4701=PLANE('',#5442);
#4702=PLANE('',#5443);
#4703=PLANE('',#5444);
#4704=PLANE('',#5445);
#4705=PLANE('',#5446);
#4706=PLANE('',#5447);
#4707=PLANE('',#5448);
#4708=PLANE('',#5449);
#4709=PLANE('',#5450);
#4710=PLANE('',#5451);
#4711=PLANE('',#5452);
#4712=PLANE('',#5453);
#4713=PLANE('',#5454);
#4714=PLANE('',#5455);
#4715=PLANE('',#5456);
#4716=PLANE('',#5457);
#4717=PLANE('',#5458);
#4718=PLANE('',#5459);
#4719=PLANE('',#5460);
#4720=PLANE('',#5461);
#4721=PLANE('',#5462);
#4722=PLANE('',#5463);
#4723=PLANE('',#5464);
#4724=PLANE('',#5465);
#4725=PLANE('',#5466);
#4726=PLANE('',#5467);
#4727=PLANE('',#5468);
#4728=PLANE('',#5469);
#4729=PLANE('',#5470);
#4730=PLANE('',#5471);
#4731=PLANE('',#5472);
#4732=PLANE('',#5473);
#4733=PLANE('',#5474);
#4734=PLANE('',#5475);
#4735=PLANE('',#5476);
#4736=PLANE('',#5477);
#4737=PLANE('',#5478);
#4738=PLANE('',#5479);
#4739=PLANE('',#5480);
#4740=PLANE('',#5481);
#4741=PLANE('',#5482);
#4742=PLANE('',#5483);
#4743=PLANE('',#5484);
#4744=PLANE('',#5485);
#4745=PLANE('',#5486);
#4746=PLANE('',#5487);
#4747=PLANE('',#5488);
#4748=PLANE('',#5489);
#4749=PLANE('',#5490);
#4750=PLANE('',#5491);
#4751=PLANE('',#5492);
#4752=PLANE('',#5493);
#4753=PLANE('',#5494);
#4754=PLANE('',#5495);
#4755=PLANE('',#5496);
#4756=PLANE('',#5497);
#4757=PLANE('',#5498);
#4758=PLANE('',#5499);
#4759=PLANE('',#5500);
#4760=PLANE('',#5501);
#4761=PLANE('',#5502);
#4762=PLANE('',#5503);
#4763=PLANE('',#5504);
#4764=PLANE('',#5505);
#4765=PLANE('',#5506);
#4766=PLANE('',#5507);
#4767=PLANE('',#5508);
#4768=PLANE('',#5509);
#4769=PLANE('',#5510);
#4770=PLANE('',#5511);
#4771=PLANE('',#5512);
#4772=PLANE('',#5513);
#4773=PLANE('',#5514);
#4774=PLANE('',#5515);
#4775=PLANE('',#5516);
#4776=PLANE('',#5517);
#4777=PLANE('',#5518);
#4778=PLANE('',#5519);
#4779=PLANE('',#5520);
#4780=PLANE('',#5521);
#4781=PLANE('',#5522);
#4782=PLANE('',#5523);
#4783=PLANE('',#5524);
#4784=PLANE('',#5525);
#4785=PLANE('',#5526);
#4786=PLANE('',#5527);
#4787=PLANE('',#5528);
#4788=PLANE('',#5529);
#4789=PLANE('',#5530);
#4790=PLANE('',#5531);
#4791=PLANE('',#5532);
#4792=PLANE('',#5533);
#4793=PLANE('',#5534);
#4794=PLANE('',#5535);
#4795=PLANE('',#5536);
#4796=PLANE('',#5537);
#4797=PLANE('',#5538);
#4798=PLANE('',#5539);
#4799=PLANE('',#5540);
#4800=PLANE('',#5541);
#4801=PLANE('',#5542);
#4802=PLANE('',#5543);
#4803=PLANE('',#5544);
#4804=PLANE('',#5545);
#4805=PLANE('',#5546);
#4806=PLANE('',#5547);
#4807=PLANE('',#5548);
#4808=PLANE('',#5549);
#4809=PLANE('',#5550);
#4810=PLANE('',#5551);
#4811=PLANE('',#5552);
#4812=PLANE('',#5553);
#4813=PLANE('',#5554);
#4814=PLANE('',#5555);
#4815=PLANE('',#5556);
#4816=PLANE('',#5557);
#4817=PLANE('',#5558);
#4818=PLANE('',#5559);
#4819=PLANE('',#5560);
#4820=PLANE('',#5561);
#4821=PLANE('',#5562);
#4822=PLANE('',#5563);
#4823=PLANE('',#5564);
#4824=PLANE('',#5565);
#4825=PLANE('',#5566);
#4826=PLANE('',#5567);
#4827=PLANE('',#5568);
#4828=PLANE('',#5569);
#4829=PLANE('',#5570);
#4830=PLANE('',#5571);
#4831=PLANE('',#5572);
#4832=PLANE('',#5573);
#4833=PLANE('',#5574);
#4834=PLANE('',#5575);
#4835=PLANE('',#5576);
#4836=PLANE('',#5577);
#4837=PLANE('',#5578);
#4838=PLANE('',#5579);
#4839=PLANE('',#5580);
#4840=PLANE('',#5581);
#4841=PLANE('',#5582);
#4842=PLANE('',#5583);
#4843=PLANE('',#5584);
#4844=PLANE('',#5585);
#4845=PLANE('',#5586);
#4846=PLANE('',#5587);
#4847=PLANE('',#5588);
#4848=PLANE('',#5589);
#4849=PLANE('',#5590);
#4850=PLANE('',#5591);
#4851=PLANE('',#5592);
#4852=PLANE('',#5593);
#4853=PLANE('',#5594);
#4854=PLANE('',#5595);
#4855=PLANE('',#5596);
#4856=PLANE('',#5597);
#4857=PLANE('',#5598);
#4858=PLANE('',#5599);
#4859=PLANE('',#5600);
#4860=PLANE('',#5601);
#4861=PLANE('',#5602);
#4862=PLANE('',#5603);
#4863=PLANE('',#5604);
#4864=PLANE('',#5605);
#4865=PLANE('',#5606);
#4866=PLANE('',#5607);
#4867=PLANE('',#5608);
#4868=PLANE('',#5609);
#4869=PLANE('',#5610);
#4870=PLANE('',#5611);
#4871=PLANE('',#5612);
#4872=PLANE('',#5613);
#4873=PLANE('',#5614);
#4874=PLANE('',#5615);
#4875=PLANE('',#5616);
#4876=PLANE('',#5617);
#4877=PLANE('',#5618);
#4878=PLANE('',#5619);
#4879=PLANE('',#5620);
#4880=PLANE('',#5621);
#4881=PLANE('',#5622);
#4882=PLANE('',#5623);
#4883=PLANE('',#5624);
#4884=PLANE('',#5625);
#4885=PLANE('',#5626);
#4886=PLANE('',#5627);
#4887=PLANE('',#5628);
#4888=PLANE('',#5629);
#4889=PLANE('',#5630);
#4890=PLANE('',#5631);
#4891=PLANE('',#5632);
#4892=PLANE('',#5633);
#4893=PLANE('',#5634);
#4894=PLANE('',#5635);
#4895=PLANE('',#5636);
#4896=PLANE('',#5637);
#4897=PLANE('',#5638);
#4898=PLANE('',#5639);
#4899=PLANE('',#5640);
#4900=PLANE('',#5641);
#4901=PLANE('',#5642);
#4902=PLANE('',#5643);
#4903=PLANE('',#5644);
#4904=PLANE('',#5645);
#4905=PLANE('',#5646);
#4906=PLANE('',#5647);
#4907=PLANE('',#5648);
#4908=PLANE('',#5649);
#4909=PLANE('',#5650);
#4910=PLANE('',#5651);
#4911=PLANE('',#5652);
#4912=PLANE('',#5653);
#4913=PLANE('',#5654);
#4914=PLANE('',#5655);
#4915=PLANE('',#5656);
#4916=PLANE('',#5657);
#4917=PLANE('',#5658);
#4918=PLANE('',#5659);
#4919=PLANE('',#5660);
#4920=PLANE('',#5661);
#4921=PLANE('',#5662);
#4922=PLANE('',#5663);
#4923=PLANE('',#5664);
#4924=PLANE('',#5665);
#4925=PLANE('',#5666);
#4926=PLANE('',#5667);
#4927=PLANE('',#5668);
#4928=PLANE('',#5669);
#4929=PLANE('',#5670);
#4930=PLANE('',#5671);
#4931=PLANE('',#5672);
#4932=PLANE('',#5673);
#4933=PLANE('',#5674);
#4934=PLANE('',#5675);
#4935=PLANE('',#5676);
#4936=PLANE('',#5677);
#4937=PLANE('',#5678);
#4938=PLANE('',#5679);
#4939=PLANE('',#5680);
#4940=PLANE('',#5681);
#4941=ADVANCED_FACE('',(#125),#4605,.T.);
#4942=ADVANCED_FACE('',(#126),#4606,.F.);
#4943=ADVANCED_FACE('',(#127),#4607,.F.);
#4944=ADVANCED_FACE('',(#128),#4608,.F.);
#4945=ADVANCED_FACE('',(#129),#4609,.F.);
#4946=ADVANCED_FACE('',(#130),#4610,.F.);
#4947=ADVANCED_FACE('',(#131),#4611,.T.);
#4948=ADVANCED_FACE('',(#132),#4612,.F.);
#4949=ADVANCED_FACE('',(#133),#4613,.F.);
#4950=ADVANCED_FACE('',(#134),#4614,.F.);
#4951=ADVANCED_FACE('',(#135),#4615,.F.);
#4952=ADVANCED_FACE('',(#136),#4616,.F.);
#4953=ADVANCED_FACE('',(#137),#4617,.T.);
#4954=ADVANCED_FACE('',(#138),#4618,.F.);
#4955=ADVANCED_FACE('',(#139),#4619,.F.);
#4956=ADVANCED_FACE('',(#140),#4620,.F.);
#4957=ADVANCED_FACE('',(#141),#4621,.F.);
#4958=ADVANCED_FACE('',(#142),#4622,.F.);
#4959=ADVANCED_FACE('',(#143),#4623,.T.);
#4960=ADVANCED_FACE('',(#144),#4624,.F.);
#4961=ADVANCED_FACE('',(#145),#4625,.F.);
#4962=ADVANCED_FACE('',(#146),#4626,.F.);
#4963=ADVANCED_FACE('',(#147),#4627,.F.);
#4964=ADVANCED_FACE('',(#148),#4628,.F.);
#4965=ADVANCED_FACE('',(#149),#4629,.T.);
#4966=ADVANCED_FACE('',(#150),#4630,.F.);
#4967=ADVANCED_FACE('',(#151),#4631,.F.);
#4968=ADVANCED_FACE('',(#152),#4632,.F.);
#4969=ADVANCED_FACE('',(#153),#4633,.F.);
#4970=ADVANCED_FACE('',(#154),#4634,.F.);
#4971=ADVANCED_FACE('',(#155),#4635,.T.);
#4972=ADVANCED_FACE('',(#156),#4636,.F.);
#4973=ADVANCED_FACE('',(#157),#4637,.F.);
#4974=ADVANCED_FACE('',(#158),#4638,.F.);
#4975=ADVANCED_FACE('',(#159),#4639,.F.);
#4976=ADVANCED_FACE('',(#160),#4640,.F.);
#4977=ADVANCED_FACE('',(#161),#4641,.T.);
#4978=ADVANCED_FACE('',(#162),#4642,.F.);
#4979=ADVANCED_FACE('',(#163),#4643,.F.);
#4980=ADVANCED_FACE('',(#164),#4644,.F.);
#4981=ADVANCED_FACE('',(#165),#4645,.F.);
#4982=ADVANCED_FACE('',(#166),#4646,.F.);
#4983=ADVANCED_FACE('',(#167),#4647,.T.);
#4984=ADVANCED_FACE('',(#168),#4648,.F.);
#4985=ADVANCED_FACE('',(#169),#4649,.F.);
#4986=ADVANCED_FACE('',(#170),#4650,.F.);
#4987=ADVANCED_FACE('',(#171),#4651,.F.);
#4988=ADVANCED_FACE('',(#172),#4652,.F.);
#4989=ADVANCED_FACE('',(#173),#4653,.T.);
#4990=ADVANCED_FACE('',(#174),#4654,.F.);
#4991=ADVANCED_FACE('',(#175),#4655,.F.);
#4992=ADVANCED_FACE('',(#176),#4656,.F.);
#4993=ADVANCED_FACE('',(#177),#4657,.F.);
#4994=ADVANCED_FACE('',(#178),#4658,.F.);
#4995=ADVANCED_FACE('',(#179),#4659,.T.);
#4996=ADVANCED_FACE('',(#180),#4660,.F.);
#4997=ADVANCED_FACE('',(#181),#4661,.F.);
#4998=ADVANCED_FACE('',(#182),#4662,.F.);
#4999=ADVANCED_FACE('',(#183),#4663,.F.);
#5000=ADVANCED_FACE('',(#184),#4664,.F.);
#5001=ADVANCED_FACE('',(#185),#4665,.T.);
#5002=ADVANCED_FACE('',(#186),#4666,.F.);
#5003=ADVANCED_FACE('',(#187),#4667,.F.);
#5004=ADVANCED_FACE('',(#188),#4668,.F.);
#5005=ADVANCED_FACE('',(#189),#4669,.F.);
#5006=ADVANCED_FACE('',(#190),#4670,.F.);
#5007=ADVANCED_FACE('',(#191),#4671,.T.);
#5008=ADVANCED_FACE('',(#192),#4672,.F.);
#5009=ADVANCED_FACE('',(#193),#4673,.F.);
#5010=ADVANCED_FACE('',(#194),#4674,.F.);
#5011=ADVANCED_FACE('',(#195),#4675,.F.);
#5012=ADVANCED_FACE('',(#196),#4676,.F.);
#5013=ADVANCED_FACE('',(#197),#4677,.T.);
#5014=ADVANCED_FACE('',(#198),#4678,.F.);
#5015=ADVANCED_FACE('',(#199),#4679,.F.);
#5016=ADVANCED_FACE('',(#200),#4680,.F.);
#5017=ADVANCED_FACE('',(#201),#4681,.F.);
#5018=ADVANCED_FACE('',(#202),#4682,.F.);
#5019=ADVANCED_FACE('',(#203),#4683,.T.);
#5020=ADVANCED_FACE('',(#204),#4684,.F.);
#5021=ADVANCED_FACE('',(#205),#4685,.F.);
#5022=ADVANCED_FACE('',(#206),#4686,.F.);
#5023=ADVANCED_FACE('',(#207),#4687,.F.);
#5024=ADVANCED_FACE('',(#208),#4688,.F.);
#5025=ADVANCED_FACE('',(#209),#4689,.T.);
#5026=ADVANCED_FACE('',(#210),#4690,.F.);
#5027=ADVANCED_FACE('',(#211),#4691,.F.);
#5028=ADVANCED_FACE('',(#212),#4692,.F.);
#5029=ADVANCED_FACE('',(#213),#4693,.F.);
#5030=ADVANCED_FACE('',(#214),#4694,.F.);
#5031=ADVANCED_FACE('',(#215),#4695,.T.);
#5032=ADVANCED_FACE('',(#216),#4696,.F.);
#5033=ADVANCED_FACE('',(#217),#4697,.F.);
#5034=ADVANCED_FACE('',(#218),#4698,.F.);
#5035=ADVANCED_FACE('',(#219),#4699,.F.);
#5036=ADVANCED_FACE('',(#220),#4700,.F.);
#5037=ADVANCED_FACE('',(#221),#4701,.T.);
#5038=ADVANCED_FACE('',(#222),#4702,.F.);
#5039=ADVANCED_FACE('',(#223),#4703,.F.);
#5040=ADVANCED_FACE('',(#224),#4704,.F.);
#5041=ADVANCED_FACE('',(#225),#4705,.F.);
#5042=ADVANCED_FACE('',(#226),#4706,.F.);
#5043=ADVANCED_FACE('',(#227),#4707,.T.);
#5044=ADVANCED_FACE('',(#228),#4708,.F.);
#5045=ADVANCED_FACE('',(#229),#4709,.F.);
#5046=ADVANCED_FACE('',(#230),#4710,.F.);
#5047=ADVANCED_FACE('',(#231),#4711,.F.);
#5048=ADVANCED_FACE('',(#232),#4712,.F.);
#5049=ADVANCED_FACE('',(#233),#4713,.T.);
#5050=ADVANCED_FACE('',(#234),#4714,.F.);
#5051=ADVANCED_FACE('',(#235),#4715,.F.);
#5052=ADVANCED_FACE('',(#236),#4716,.F.);
#5053=ADVANCED_FACE('',(#237),#4717,.F.);
#5054=ADVANCED_FACE('',(#238),#4718,.F.);
#5055=ADVANCED_FACE('',(#239),#4719,.T.);
#5056=ADVANCED_FACE('',(#240),#4720,.F.);
#5057=ADVANCED_FACE('',(#241),#4721,.F.);
#5058=ADVANCED_FACE('',(#242),#4722,.F.);
#5059=ADVANCED_FACE('',(#243),#4723,.F.);
#5060=ADVANCED_FACE('',(#244),#4724,.F.);
#5061=ADVANCED_FACE('',(#245),#4725,.T.);
#5062=ADVANCED_FACE('',(#246),#4726,.F.);
#5063=ADVANCED_FACE('',(#247),#4727,.F.);
#5064=ADVANCED_FACE('',(#248),#4728,.F.);
#5065=ADVANCED_FACE('',(#249),#4729,.F.);
#5066=ADVANCED_FACE('',(#250),#4730,.F.);
#5067=ADVANCED_FACE('',(#251),#4731,.T.);
#5068=ADVANCED_FACE('',(#252),#4732,.F.);
#5069=ADVANCED_FACE('',(#253),#4733,.F.);
#5070=ADVANCED_FACE('',(#254),#4734,.F.);
#5071=ADVANCED_FACE('',(#255),#4735,.F.);
#5072=ADVANCED_FACE('',(#256),#4736,.F.);
#5073=ADVANCED_FACE('',(#257),#4737,.T.);
#5074=ADVANCED_FACE('',(#258),#4738,.F.);
#5075=ADVANCED_FACE('',(#259),#4739,.F.);
#5076=ADVANCED_FACE('',(#260),#4740,.F.);
#5077=ADVANCED_FACE('',(#261),#4741,.F.);
#5078=ADVANCED_FACE('',(#262),#4742,.F.);
#5079=ADVANCED_FACE('',(#263),#4743,.T.);
#5080=ADVANCED_FACE('',(#264),#4744,.F.);
#5081=ADVANCED_FACE('',(#265),#4745,.F.);
#5082=ADVANCED_FACE('',(#266),#4746,.F.);
#5083=ADVANCED_FACE('',(#267),#4747,.F.);
#5084=ADVANCED_FACE('',(#268),#4748,.F.);
#5085=ADVANCED_FACE('',(#269),#4749,.T.);
#5086=ADVANCED_FACE('',(#270),#4750,.F.);
#5087=ADVANCED_FACE('',(#271),#4751,.F.);
#5088=ADVANCED_FACE('',(#272),#4752,.F.);
#5089=ADVANCED_FACE('',(#273),#4753,.F.);
#5090=ADVANCED_FACE('',(#274),#4754,.F.);
#5091=ADVANCED_FACE('',(#275),#4755,.T.);
#5092=ADVANCED_FACE('',(#276),#4756,.F.);
#5093=ADVANCED_FACE('',(#277),#4757,.F.);
#5094=ADVANCED_FACE('',(#278),#4758,.F.);
#5095=ADVANCED_FACE('',(#279),#4759,.F.);
#5096=ADVANCED_FACE('',(#280),#4760,.F.);
#5097=ADVANCED_FACE('',(#281),#4761,.T.);
#5098=ADVANCED_FACE('',(#282),#4762,.F.);
#5099=ADVANCED_FACE('',(#283),#4763,.F.);
#5100=ADVANCED_FACE('',(#284),#4764,.F.);
#5101=ADVANCED_FACE('',(#285),#4765,.F.);
#5102=ADVANCED_FACE('',(#286),#4766,.F.);
#5103=ADVANCED_FACE('',(#287),#4767,.T.);
#5104=ADVANCED_FACE('',(#288),#4768,.F.);
#5105=ADVANCED_FACE('',(#289),#4769,.F.);
#5106=ADVANCED_FACE('',(#290),#4770,.F.);
#5107=ADVANCED_FACE('',(#291),#4771,.F.);
#5108=ADVANCED_FACE('',(#292),#4772,.F.);
#5109=ADVANCED_FACE('',(#293),#4773,.T.);
#5110=ADVANCED_FACE('',(#294),#4774,.F.);
#5111=ADVANCED_FACE('',(#295),#4775,.F.);
#5112=ADVANCED_FACE('',(#296),#4776,.F.);
#5113=ADVANCED_FACE('',(#297),#4777,.F.);
#5114=ADVANCED_FACE('',(#298),#4778,.F.);
#5115=ADVANCED_FACE('',(#299),#4779,.T.);
#5116=ADVANCED_FACE('',(#300),#4780,.F.);
#5117=ADVANCED_FACE('',(#301),#4781,.F.);
#5118=ADVANCED_FACE('',(#302),#4782,.F.);
#5119=ADVANCED_FACE('',(#303),#4783,.F.);
#5120=ADVANCED_FACE('',(#304),#4784,.F.);
#5121=ADVANCED_FACE('',(#305),#4785,.T.);
#5122=ADVANCED_FACE('',(#306),#4786,.F.);
#5123=ADVANCED_FACE('',(#307),#4787,.F.);
#5124=ADVANCED_FACE('',(#308),#4788,.F.);
#5125=ADVANCED_FACE('',(#309),#4789,.F.);
#5126=ADVANCED_FACE('',(#310),#4790,.F.);
#5127=ADVANCED_FACE('',(#311),#4791,.T.);
#5128=ADVANCED_FACE('',(#312),#4792,.F.);
#5129=ADVANCED_FACE('',(#313),#4793,.F.);
#5130=ADVANCED_FACE('',(#314),#4794,.F.);
#5131=ADVANCED_FACE('',(#315),#4795,.F.);
#5132=ADVANCED_FACE('',(#316),#4796,.F.);
#5133=ADVANCED_FACE('',(#317),#4797,.T.);
#5134=ADVANCED_FACE('',(#318),#4798,.F.);
#5135=ADVANCED_FACE('',(#319),#4799,.F.);
#5136=ADVANCED_FACE('',(#320),#4800,.F.);
#5137=ADVANCED_FACE('',(#321),#4801,.F.);
#5138=ADVANCED_FACE('',(#322),#4802,.F.);
#5139=ADVANCED_FACE('',(#323),#4803,.T.);
#5140=ADVANCED_FACE('',(#324),#4804,.F.);
#5141=ADVANCED_FACE('',(#325),#4805,.F.);
#5142=ADVANCED_FACE('',(#326),#4806,.F.);
#5143=ADVANCED_FACE('',(#327),#4807,.F.);
#5144=ADVANCED_FACE('',(#328),#4808,.F.);
#5145=ADVANCED_FACE('',(#329),#4809,.T.);
#5146=ADVANCED_FACE('',(#330),#4810,.F.);
#5147=ADVANCED_FACE('',(#331),#4811,.F.);
#5148=ADVANCED_FACE('',(#332),#4812,.F.);
#5149=ADVANCED_FACE('',(#333),#4813,.F.);
#5150=ADVANCED_FACE('',(#334),#4814,.F.);
#5151=ADVANCED_FACE('',(#335),#4815,.T.);
#5152=ADVANCED_FACE('',(#336),#4816,.F.);
#5153=ADVANCED_FACE('',(#337),#4817,.F.);
#5154=ADVANCED_FACE('',(#338),#4818,.F.);
#5155=ADVANCED_FACE('',(#339),#4819,.F.);
#5156=ADVANCED_FACE('',(#340),#4820,.F.);
#5157=ADVANCED_FACE('',(#341),#4821,.T.);
#5158=ADVANCED_FACE('',(#342),#4822,.F.);
#5159=ADVANCED_FACE('',(#343),#4823,.F.);
#5160=ADVANCED_FACE('',(#344),#4824,.F.);
#5161=ADVANCED_FACE('',(#345),#4825,.F.);
#5162=ADVANCED_FACE('',(#346),#4826,.F.);
#5163=ADVANCED_FACE('',(#347),#4827,.T.);
#5164=ADVANCED_FACE('',(#348),#4828,.F.);
#5165=ADVANCED_FACE('',(#349),#4829,.F.);
#5166=ADVANCED_FACE('',(#350),#4830,.F.);
#5167=ADVANCED_FACE('',(#351),#4831,.F.);
#5168=ADVANCED_FACE('',(#352),#4832,.F.);
#5169=ADVANCED_FACE('',(#353),#4833,.T.);
#5170=ADVANCED_FACE('',(#354),#4834,.F.);
#5171=ADVANCED_FACE('',(#355),#4835,.F.);
#5172=ADVANCED_FACE('',(#356),#4836,.F.);
#5173=ADVANCED_FACE('',(#357),#4837,.F.);
#5174=ADVANCED_FACE('',(#358),#4838,.F.);
#5175=ADVANCED_FACE('',(#359),#4839,.T.);
#5176=ADVANCED_FACE('',(#360),#4840,.F.);
#5177=ADVANCED_FACE('',(#361),#4841,.F.);
#5178=ADVANCED_FACE('',(#362),#4842,.F.);
#5179=ADVANCED_FACE('',(#363),#4843,.F.);
#5180=ADVANCED_FACE('',(#364),#4844,.F.);
#5181=ADVANCED_FACE('',(#365),#4845,.T.);
#5182=ADVANCED_FACE('',(#366),#4846,.F.);
#5183=ADVANCED_FACE('',(#367),#4847,.F.);
#5184=ADVANCED_FACE('',(#368),#4848,.F.);
#5185=ADVANCED_FACE('',(#369),#4849,.F.);
#5186=ADVANCED_FACE('',(#370),#4850,.F.);
#5187=ADVANCED_FACE('',(#371),#4851,.T.);
#5188=ADVANCED_FACE('',(#372),#4852,.F.);
#5189=ADVANCED_FACE('',(#373),#4853,.F.);
#5190=ADVANCED_FACE('',(#374),#4854,.F.);
#5191=ADVANCED_FACE('',(#375),#4855,.F.);
#5192=ADVANCED_FACE('',(#376),#4856,.F.);
#5193=ADVANCED_FACE('',(#377),#4857,.T.);
#5194=ADVANCED_FACE('',(#378),#4858,.F.);
#5195=ADVANCED_FACE('',(#379),#4859,.F.);
#5196=ADVANCED_FACE('',(#380),#4860,.F.);
#5197=ADVANCED_FACE('',(#381),#4861,.F.);
#5198=ADVANCED_FACE('',(#382),#4862,.F.);
#5199=ADVANCED_FACE('',(#383),#4863,.T.);
#5200=ADVANCED_FACE('',(#384),#4864,.F.);
#5201=ADVANCED_FACE('',(#385),#4865,.F.);
#5202=ADVANCED_FACE('',(#386),#4866,.F.);
#5203=ADVANCED_FACE('',(#387),#4867,.F.);
#5204=ADVANCED_FACE('',(#388),#4868,.F.);
#5205=ADVANCED_FACE('',(#389),#4869,.T.);
#5206=ADVANCED_FACE('',(#390),#4870,.F.);
#5207=ADVANCED_FACE('',(#391),#4871,.F.);
#5208=ADVANCED_FACE('',(#392),#4872,.F.);
#5209=ADVANCED_FACE('',(#393),#4873,.F.);
#5210=ADVANCED_FACE('',(#394),#4874,.F.);
#5211=ADVANCED_FACE('',(#395),#4875,.T.);
#5212=ADVANCED_FACE('',(#396),#4876,.F.);
#5213=ADVANCED_FACE('',(#397),#4877,.F.);
#5214=ADVANCED_FACE('',(#398),#4878,.F.);
#5215=ADVANCED_FACE('',(#399),#4879,.F.);
#5216=ADVANCED_FACE('',(#400),#4880,.F.);
#5217=ADVANCED_FACE('',(#401),#4881,.T.);
#5218=ADVANCED_FACE('',(#402),#4882,.F.);
#5219=ADVANCED_FACE('',(#403),#4883,.F.);
#5220=ADVANCED_FACE('',(#404),#4884,.F.);
#5221=ADVANCED_FACE('',(#405),#4885,.F.);
#5222=ADVANCED_FACE('',(#406),#4886,.F.);
#5223=ADVANCED_FACE('',(#407),#4887,.T.);
#5224=ADVANCED_FACE('',(#408),#4888,.F.);
#5225=ADVANCED_FACE('',(#409),#4889,.F.);
#5226=ADVANCED_FACE('',(#410),#4890,.F.);
#5227=ADVANCED_FACE('',(#411),#4891,.F.);
#5228=ADVANCED_FACE('',(#412),#4892,.F.);
#5229=ADVANCED_FACE('',(#413),#4893,.T.);
#5230=ADVANCED_FACE('',(#414),#4894,.F.);
#5231=ADVANCED_FACE('',(#415),#4895,.F.);
#5232=ADVANCED_FACE('',(#416),#4896,.F.);
#5233=ADVANCED_FACE('',(#417),#4897,.F.);
#5234=ADVANCED_FACE('',(#418),#4898,.F.);
#5235=ADVANCED_FACE('',(#419),#4899,.T.);
#5236=ADVANCED_FACE('',(#420),#4900,.F.);
#5237=ADVANCED_FACE('',(#421),#4901,.F.);
#5238=ADVANCED_FACE('',(#422),#4902,.F.);
#5239=ADVANCED_FACE('',(#423),#4903,.F.);
#5240=ADVANCED_FACE('',(#424),#4904,.F.);
#5241=ADVANCED_FACE('',(#425),#4905,.T.);
#5242=ADVANCED_FACE('',(#426),#4906,.F.);
#5243=ADVANCED_FACE('',(#427),#4907,.F.);
#5244=ADVANCED_FACE('',(#428),#4908,.F.);
#5245=ADVANCED_FACE('',(#429),#4909,.F.);
#5246=ADVANCED_FACE('',(#430),#4910,.F.);
#5247=ADVANCED_FACE('',(#431),#4911,.T.);
#5248=ADVANCED_FACE('',(#432),#4912,.F.);
#5249=ADVANCED_FACE('',(#433),#4913,.F.);
#5250=ADVANCED_FACE('',(#434),#4914,.F.);
#5251=ADVANCED_FACE('',(#435),#4915,.F.);
#5252=ADVANCED_FACE('',(#436),#4916,.F.);
#5253=ADVANCED_FACE('',(#437),#4917,.T.);
#5254=ADVANCED_FACE('',(#438),#4918,.F.);
#5255=ADVANCED_FACE('',(#439),#4919,.F.);
#5256=ADVANCED_FACE('',(#440),#4920,.F.);
#5257=ADVANCED_FACE('',(#441),#4921,.F.);
#5258=ADVANCED_FACE('',(#442),#4922,.F.);
#5259=ADVANCED_FACE('',(#443),#4923,.T.);
#5260=ADVANCED_FACE('',(#444),#4924,.F.);
#5261=ADVANCED_FACE('',(#445),#4925,.F.);
#5262=ADVANCED_FACE('',(#446),#4926,.F.);
#5263=ADVANCED_FACE('',(#447),#4927,.F.);
#5264=ADVANCED_FACE('',(#448),#4928,.F.);
#5265=ADVANCED_FACE('',(#449),#4929,.T.);
#5266=ADVANCED_FACE('',(#450),#4930,.F.);
#5267=ADVANCED_FACE('',(#451),#4931,.F.);
#5268=ADVANCED_FACE('',(#452),#4932,.F.);
#5269=ADVANCED_FACE('',(#453),#4933,.F.);
#5270=ADVANCED_FACE('',(#454),#4934,.F.);
#5271=ADVANCED_FACE('',(#455),#4935,.T.);
#5272=ADVANCED_FACE('',(#456),#4936,.F.);
#5273=ADVANCED_FACE('',(#457),#4937,.F.);
#5274=ADVANCED_FACE('',(#458),#4938,.F.);
#5275=ADVANCED_FACE('',(#459),#4939,.F.);
#5276=ADVANCED_FACE('',(#460),#4940,.F.);
#5277=CLOSED_SHELL('',(#4941,#4942,#4943,#4944,#4945,#4946));
#5278=CLOSED_SHELL('',(#4947,#4948,#4949,#4950,#4951,#4952));
#5279=CLOSED_SHELL('',(#4953,#4954,#4955,#4956,#4957,#4958));
#5280=CLOSED_SHELL('',(#4959,#4960,#4961,#4962,#4963,#4964));
#5281=CLOSED_SHELL('',(#4965,#4966,#4967,#4968,#4969,#4970));
#5282=CLOSED_SHELL('',(#4971,#4972,#4973,#4974,#4975,#4976));
#5283=CLOSED_SHELL('',(#4977,#4978,#4979,#4980,#4981,#4982));
#5284=CLOSED_SHELL('',(#4983,#4984,#4985,#4986,#4987,#4988));
#5285=CLOSED_SHELL('',(#4989,#4990,#4991,#4992,#4993,#4994));
#5286=CLOSED_SHELL('',(#4995,#4996,#4997,#4998,#4999,#5000));
#5287=CLOSED_SHELL('',(#5001,#5002,#5003,#5004,#5005,#5006));
#5288=CLOSED_SHELL('',(#5007,#5008,#5009,#5010,#5011,#5012));
#5289=CLOSED_SHELL('',(#5013,#5014,#5015,#5016,#5017,#5018));
#5290=CLOSED_SHELL('',(#5019,#5020,#5021,#5022,#5023,#5024));
#5291=CLOSED_SHELL('',(#5025,#5026,#5027,#5028,#5029,#5030));
#5292=CLOSED_SHELL('',(#5031,#5032,#5033,#5034,#5035,#5036));
#5293=CLOSED_SHELL('',(#5037,#5038,#5039,#5040,#5041,#5042));
#5294=CLOSED_SHELL('',(#5043,#5044,#5045,#5046,#5047,#5048));
#5295=CLOSED_SHELL('',(#5049,#5050,#5051,#5052,#5053,#5054));
#5296=CLOSED_SHELL('',(#5055,#5056,#5057,#5058,#5059,#5060));
#5297=CLOSED_SHELL('',(#5061,#5062,#5063,#5064,#5065,#5066));
#5298=CLOSED_SHELL('',(#5067,#5068,#5069,#5070,#5071,#5072));
#5299=CLOSED_SHELL('',(#5073,#5074,#5075,#5076,#5077,#5078));
#5300=CLOSED_SHELL('',(#5079,#5080,#5081,#5082,#5083,#5084));
#5301=CLOSED_SHELL('',(#5085,#5086,#5087,#5088,#5089,#5090));
#5302=CLOSED_SHELL('',(#5091,#5092,#5093,#5094,#5095,#5096));
#5303=CLOSED_SHELL('',(#5097,#5098,#5099,#5100,#5101,#5102));
#5304=CLOSED_SHELL('',(#5103,#5104,#5105,#5106,#5107,#5108));
#5305=CLOSED_SHELL('',(#5109,#5110,#5111,#5112,#5113,#5114));
#5306=CLOSED_SHELL('',(#5115,#5116,#5117,#5118,#5119,#5120));
#5307=CLOSED_SHELL('',(#5121,#5122,#5123,#5124,#5125,#5126));
#5308=CLOSED_SHELL('',(#5127,#5128,#5129,#5130,#5131,#5132));
#5309=CLOSED_SHELL('',(#5133,#5134,#5135,#5136,#5137,#5138));
#5310=CLOSED_SHELL('',(#5139,#5140,#5141,#5142,#5143,#5144));
#5311=CLOSED_SHELL('',(#5145,#5146,#5147,#5148,#5149,#5150));
#5312=CLOSED_SHELL('',(#5151,#5152,#5153,#5154,#5155,#5156));
#5313=CLOSED_SHELL('',(#5157,#5158,#5159,#5160,#5161,#5162));
#5314=CLOSED_SHELL('',(#5163,#5164,#5165,#5166,#5167,#5168));
#5315=CLOSED_SHELL('',(#5169,#5170,#5171,#5172,#5173,#5174));
#5316=CLOSED_SHELL('',(#5175,#5176,#5177,#5178,#5179,#5180));
#5317=CLOSED_SHELL('',(#5181,#5182,#5183,#5184,#5185,#5186));
#5318=CLOSED_SHELL('',(#5187,#5188,#5189,#5190,#5191,#5192));
#5319=CLOSED_SHELL('',(#5193,#5194,#5195,#5196,#5197,#5198));
#5320=CLOSED_SHELL('',(#5199,#5200,#5201,#5202,#5203,#5204));
#5321=CLOSED_SHELL('',(#5205,#5206,#5207,#5208,#5209,#5210));
#5322=CLOSED_SHELL('',(#5211,#5212,#5213,#5214,#5215,#5216));
#5323=CLOSED_SHELL('',(#5217,#5218,#5219,#5220,#5221,#5222));
#5324=CLOSED_SHELL('',(#5223,#5224,#5225,#5226,#5227,#5228));
#5325=CLOSED_SHELL('',(#5229,#5230,#5231,#5232,#5233,#5234));
#5326=CLOSED_SHELL('',(#5235,#5236,#5237,#5238,#5239,#5240));
#5327=CLOSED_SHELL('',(#5241,#5242,#5243,#5244,#5245,#5246));
#5328=CLOSED_SHELL('',(#5247,#5248,#5249,#5250,#5251,#5252));
#5329=CLOSED_SHELL('',(#5253,#5254,#5255,#5256,#5257,#5258));
#5330=CLOSED_SHELL('',(#5259,#5260,#5261,#5262,#5263,#5264));
#5331=CLOSED_SHELL('',(#5265,#5266,#5267,#5268,#5269,#5270));
#5332=CLOSED_SHELL('',(#5271,#5272,#5273,#5274,#5275,#5276));
#5333=DERIVED_UNIT_ELEMENT(#5335,1.);
#5334=DERIVED_UNIT_ELEMENT(#8490,-3.);
#5335=(
MASS_UNIT()
NAMED_UNIT(*)
SI_UNIT(.KILO.,.GRAM.)
);
#5336=DERIVED_UNIT((#5333,#5334));
#5337=MEASURE_REPRESENTATION_ITEM('density measure',
POSITIVE_RATIO_MEASURE(7850.),#5336);
#5338=PROPERTY_DEFINITION_REPRESENTATION(#5343,#5340);
#5339=PROPERTY_DEFINITION_REPRESENTATION(#5344,#5341);
#5340=REPRESENTATION('material name',(#5342),#8487);
#5341=REPRESENTATION('density',(#5337),#8487);
#5342=DESCRIPTIVE_REPRESENTATION_ITEM('Steel','Steel');
#5343=PROPERTY_DEFINITION('material property','material name',#8497);
#5344=PROPERTY_DEFINITION('material property','density of part',#8497);
#5345=AXIS2_PLACEMENT_3D('',#7028,#5682,#5683);
#5346=AXIS2_PLACEMENT_3D('',#7029,#5684,#5685);
#5347=AXIS2_PLACEMENT_3D('',#7038,#5690,#5691);
#5348=AXIS2_PLACEMENT_3D('',#7047,#5696,#5697);
#5349=AXIS2_PLACEMENT_3D('',#7050,#5700,#5701);
#5350=AXIS2_PLACEMENT_3D('',#7052,#5703,#5704);
#5351=AXIS2_PLACEMENT_3D('',#7054,#5706,#5707);
#5352=AXIS2_PLACEMENT_3D('',#7055,#5708,#5709);
#5353=AXIS2_PLACEMENT_3D('',#7064,#5714,#5715);
#5354=AXIS2_PLACEMENT_3D('',#7073,#5720,#5721);
#5355=AXIS2_PLACEMENT_3D('',#7076,#5724,#5725);
#5356=AXIS2_PLACEMENT_3D('',#7078,#5727,#5728);
#5357=AXIS2_PLACEMENT_3D('',#7080,#5730,#5731);
#5358=AXIS2_PLACEMENT_3D('',#7081,#5732,#5733);
#5359=AXIS2_PLACEMENT_3D('',#7090,#5738,#5739);
#5360=AXIS2_PLACEMENT_3D('',#7099,#5744,#5745);
#5361=AXIS2_PLACEMENT_3D('',#7102,#5748,#5749);
#5362=AXIS2_PLACEMENT_3D('',#7104,#5751,#5752);
#5363=AXIS2_PLACEMENT_3D('',#7106,#5754,#5755);
#5364=AXIS2_PLACEMENT_3D('',#7107,#5756,#5757);
#5365=AXIS2_PLACEMENT_3D('',#7116,#5762,#5763);
#5366=AXIS2_PLACEMENT_3D('',#7125,#5768,#5769);
#5367=AXIS2_PLACEMENT_3D('',#7128,#5772,#5773);
#5368=AXIS2_PLACEMENT_3D('',#7130,#5775,#5776);
#5369=AXIS2_PLACEMENT_3D('',#7132,#5778,#5779);
#5370=AXIS2_PLACEMENT_3D('',#7133,#5780,#5781);
#5371=AXIS2_PLACEMENT_3D('',#7142,#5786,#5787);
#5372=AXIS2_PLACEMENT_3D('',#7151,#5792,#5793);
#5373=AXIS2_PLACEMENT_3D('',#7154,#5796,#5797);
#5374=AXIS2_PLACEMENT_3D('',#7156,#5799,#5800);
#5375=AXIS2_PLACEMENT_3D('',#7158,#5802,#5803);
#5376=AXIS2_PLACEMENT_3D('',#7159,#5804,#5805);
#5377=AXIS2_PLACEMENT_3D('',#7168,#5810,#5811);
#5378=AXIS2_PLACEMENT_3D('',#7177,#5816,#5817);
#5379=AXIS2_PLACEMENT_3D('',#7180,#5820,#5821);
#5380=AXIS2_PLACEMENT_3D('',#7182,#5823,#5824);
#5381=AXIS2_PLACEMENT_3D('',#7184,#5826,#5827);
#5382=AXIS2_PLACEMENT_3D('',#7185,#5828,#5829);
#5383=AXIS2_PLACEMENT_3D('',#7194,#5834,#5835);
#5384=AXIS2_PLACEMENT_3D('',#7203,#5840,#5841);
#5385=AXIS2_PLACEMENT_3D('',#7206,#5844,#5845);
#5386=AXIS2_PLACEMENT_3D('',#7208,#5847,#5848);
#5387=AXIS2_PLACEMENT_3D('',#7210,#5850,#5851);
#5388=AXIS2_PLACEMENT_3D('',#7211,#5852,#5853);
#5389=AXIS2_PLACEMENT_3D('',#7220,#5858,#5859);
#5390=AXIS2_PLACEMENT_3D('',#7229,#5864,#5865);
#5391=AXIS2_PLACEMENT_3D('',#7232,#5868,#5869);
#5392=AXIS2_PLACEMENT_3D('',#7234,#5871,#5872);
#5393=AXIS2_PLACEMENT_3D('',#7236,#5874,#5875);
#5394=AXIS2_PLACEMENT_3D('',#7237,#5876,#5877);
#5395=AXIS2_PLACEMENT_3D('',#7246,#5882,#5883);
#5396=AXIS2_PLACEMENT_3D('',#7255,#5888,#5889);
#5397=AXIS2_PLACEMENT_3D('',#7258,#5892,#5893);
#5398=AXIS2_PLACEMENT_3D('',#7260,#5895,#5896);
#5399=AXIS2_PLACEMENT_3D('',#7262,#5898,#5899);
#5400=AXIS2_PLACEMENT_3D('',#7263,#5900,#5901);
#5401=AXIS2_PLACEMENT_3D('',#7272,#5906,#5907);
#5402=AXIS2_PLACEMENT_3D('',#7281,#5912,#5913);
#5403=AXIS2_PLACEMENT_3D('',#7284,#5916,#5917);
#5404=AXIS2_PLACEMENT_3D('',#7286,#5919,#5920);
#5405=AXIS2_PLACEMENT_3D('',#7288,#5922,#5923);
#5406=AXIS2_PLACEMENT_3D('',#7289,#5924,#5925);
#5407=AXIS2_PLACEMENT_3D('',#7298,#5930,#5931);
#5408=AXIS2_PLACEMENT_3D('',#7307,#5936,#5937);
#5409=AXIS2_PLACEMENT_3D('',#7310,#5940,#5941);
#5410=AXIS2_PLACEMENT_3D('',#7312,#5943,#5944);
#5411=AXIS2_PLACEMENT_3D('',#7314,#5946,#5947);
#5412=AXIS2_PLACEMENT_3D('',#7315,#5948,#5949);
#5413=AXIS2_PLACEMENT_3D('',#7324,#5954,#5955);
#5414=AXIS2_PLACEMENT_3D('',#7333,#5960,#5961);
#5415=AXIS2_PLACEMENT_3D('',#7336,#5964,#5965);
#5416=AXIS2_PLACEMENT_3D('',#7338,#5967,#5968);
#5417=AXIS2_PLACEMENT_3D('',#7340,#5970,#5971);
#5418=AXIS2_PLACEMENT_3D('',#7341,#5972,#5973);
#5419=AXIS2_PLACEMENT_3D('',#7350,#5978,#5979);
#5420=AXIS2_PLACEMENT_3D('',#7359,#5984,#5985);
#5421=AXIS2_PLACEMENT_3D('',#7362,#5988,#5989);
#5422=AXIS2_PLACEMENT_3D('',#7364,#5991,#5992);
#5423=AXIS2_PLACEMENT_3D('',#7366,#5994,#5995);
#5424=AXIS2_PLACEMENT_3D('',#7367,#5996,#5997);
#5425=AXIS2_PLACEMENT_3D('',#7376,#6002,#6003);
#5426=AXIS2_PLACEMENT_3D('',#7385,#6008,#6009);
#5427=AXIS2_PLACEMENT_3D('',#7388,#6012,#6013);
#5428=AXIS2_PLACEMENT_3D('',#7390,#6015,#6016);
#5429=AXIS2_PLACEMENT_3D('',#7392,#6018,#6019);
#5430=AXIS2_PLACEMENT_3D('',#7393,#6020,#6021);
#5431=AXIS2_PLACEMENT_3D('',#7402,#6026,#6027);
#5432=AXIS2_PLACEMENT_3D('',#7411,#6032,#6033);
#5433=AXIS2_PLACEMENT_3D('',#7414,#6036,#6037);
#5434=AXIS2_PLACEMENT_3D('',#7416,#6039,#6040);
#5435=AXIS2_PLACEMENT_3D('',#7418,#6042,#6043);
#5436=AXIS2_PLACEMENT_3D('',#7419,#6044,#6045);
#5437=AXIS2_PLACEMENT_3D('',#7428,#6050,#6051);
#5438=AXIS2_PLACEMENT_3D('',#7437,#6056,#6057);
#5439=AXIS2_PLACEMENT_3D('',#7440,#6060,#6061);
#5440=AXIS2_PLACEMENT_3D('',#7442,#6063,#6064);
#5441=AXIS2_PLACEMENT_3D('',#7444,#6066,#6067);
#5442=AXIS2_PLACEMENT_3D('',#7445,#6068,#6069);
#5443=AXIS2_PLACEMENT_3D('',#7454,#6074,#6075);
#5444=AXIS2_PLACEMENT_3D('',#7463,#6080,#6081);
#5445=AXIS2_PLACEMENT_3D('',#7466,#6084,#6085);
#5446=AXIS2_PLACEMENT_3D('',#7468,#6087,#6088);
#5447=AXIS2_PLACEMENT_3D('',#7470,#6090,#6091);
#5448=AXIS2_PLACEMENT_3D('',#7471,#6092,#6093);
#5449=AXIS2_PLACEMENT_3D('',#7480,#6098,#6099);
#5450=AXIS2_PLACEMENT_3D('',#7489,#6104,#6105);
#5451=AXIS2_PLACEMENT_3D('',#7492,#6108,#6109);
#5452=AXIS2_PLACEMENT_3D('',#7494,#6111,#6112);
#5453=AXIS2_PLACEMENT_3D('',#7496,#6114,#6115);
#5454=AXIS2_PLACEMENT_3D('',#7497,#6116,#6117);
#5455=AXIS2_PLACEMENT_3D('',#7506,#6122,#6123);
#5456=AXIS2_PLACEMENT_3D('',#7515,#6128,#6129);
#5457=AXIS2_PLACEMENT_3D('',#7518,#6132,#6133);
#5458=AXIS2_PLACEMENT_3D('',#7520,#6135,#6136);
#5459=AXIS2_PLACEMENT_3D('',#7522,#6138,#6139);
#5460=AXIS2_PLACEMENT_3D('',#7523,#6140,#6141);
#5461=AXIS2_PLACEMENT_3D('',#7532,#6146,#6147);
#5462=AXIS2_PLACEMENT_3D('',#7541,#6152,#6153);
#5463=AXIS2_PLACEMENT_3D('',#7544,#6156,#6157);
#5464=AXIS2_PLACEMENT_3D('',#7546,#6159,#6160);
#5465=AXIS2_PLACEMENT_3D('',#7548,#6162,#6163);
#5466=AXIS2_PLACEMENT_3D('',#7549,#6164,#6165);
#5467=AXIS2_PLACEMENT_3D('',#7558,#6170,#6171);
#5468=AXIS2_PLACEMENT_3D('',#7567,#6176,#6177);
#5469=AXIS2_PLACEMENT_3D('',#7570,#6180,#6181);
#5470=AXIS2_PLACEMENT_3D('',#7572,#6183,#6184);
#5471=AXIS2_PLACEMENT_3D('',#7574,#6186,#6187);
#5472=AXIS2_PLACEMENT_3D('',#7575,#6188,#6189);
#5473=AXIS2_PLACEMENT_3D('',#7584,#6194,#6195);
#5474=AXIS2_PLACEMENT_3D('',#7593,#6200,#6201);
#5475=AXIS2_PLACEMENT_3D('',#7596,#6204,#6205);
#5476=AXIS2_PLACEMENT_3D('',#7598,#6207,#6208);
#5477=AXIS2_PLACEMENT_3D('',#7600,#6210,#6211);
#5478=AXIS2_PLACEMENT_3D('',#7601,#6212,#6213);
#5479=AXIS2_PLACEMENT_3D('',#7610,#6218,#6219);
#5480=AXIS2_PLACEMENT_3D('',#7619,#6224,#6225);
#5481=AXIS2_PLACEMENT_3D('',#7622,#6228,#6229);
#5482=AXIS2_PLACEMENT_3D('',#7624,#6231,#6232);
#5483=AXIS2_PLACEMENT_3D('',#7626,#6234,#6235);
#5484=AXIS2_PLACEMENT_3D('',#7627,#6236,#6237);
#5485=AXIS2_PLACEMENT_3D('',#7636,#6242,#6243);
#5486=AXIS2_PLACEMENT_3D('',#7645,#6248,#6249);
#5487=AXIS2_PLACEMENT_3D('',#7648,#6252,#6253);
#5488=AXIS2_PLACEMENT_3D('',#7650,#6255,#6256);
#5489=AXIS2_PLACEMENT_3D('',#7652,#6258,#6259);
#5490=AXIS2_PLACEMENT_3D('',#7653,#6260,#6261);
#5491=AXIS2_PLACEMENT_3D('',#7662,#6266,#6267);
#5492=AXIS2_PLACEMENT_3D('',#7671,#6272,#6273);
#5493=AXIS2_PLACEMENT_3D('',#7674,#6276,#6277);
#5494=AXIS2_PLACEMENT_3D('',#7676,#6279,#6280);
#5495=AXIS2_PLACEMENT_3D('',#7678,#6282,#6283);
#5496=AXIS2_PLACEMENT_3D('',#7679,#6284,#6285);
#5497=AXIS2_PLACEMENT_3D('',#7688,#6290,#6291);
#5498=AXIS2_PLACEMENT_3D('',#7697,#6296,#6297);
#5499=AXIS2_PLACEMENT_3D('',#7700,#6300,#6301);
#5500=AXIS2_PLACEMENT_3D('',#7702,#6303,#6304);
#5501=AXIS2_PLACEMENT_3D('',#7704,#6306,#6307);
#5502=AXIS2_PLACEMENT_3D('',#7705,#6308,#6309);
#5503=AXIS2_PLACEMENT_3D('',#7714,#6314,#6315);
#5504=AXIS2_PLACEMENT_3D('',#7723,#6320,#6321);
#5505=AXIS2_PLACEMENT_3D('',#7726,#6324,#6325);
#5506=AXIS2_PLACEMENT_3D('',#7728,#6327,#6328);
#5507=AXIS2_PLACEMENT_3D('',#7730,#6330,#6331);
#5508=AXIS2_PLACEMENT_3D('',#7731,#6332,#6333);
#5509=AXIS2_PLACEMENT_3D('',#7740,#6338,#6339);
#5510=AXIS2_PLACEMENT_3D('',#7749,#6344,#6345);
#5511=AXIS2_PLACEMENT_3D('',#7752,#6348,#6349);
#5512=AXIS2_PLACEMENT_3D('',#7754,#6351,#6352);
#5513=AXIS2_PLACEMENT_3D('',#7756,#6354,#6355);
#5514=AXIS2_PLACEMENT_3D('',#7757,#6356,#6357);
#5515=AXIS2_PLACEMENT_3D('',#7766,#6362,#6363);
#5516=AXIS2_PLACEMENT_3D('',#7775,#6368,#6369);
#5517=AXIS2_PLACEMENT_3D('',#7778,#6372,#6373);
#5518=AXIS2_PLACEMENT_3D('',#7780,#6375,#6376);
#5519=AXIS2_PLACEMENT_3D('',#7782,#6378,#6379);
#5520=AXIS2_PLACEMENT_3D('',#7783,#6380,#6381);
#5521=AXIS2_PLACEMENT_3D('',#7792,#6386,#6387);
#5522=AXIS2_PLACEMENT_3D('',#7801,#6392,#6393);
#5523=AXIS2_PLACEMENT_3D('',#7804,#6396,#6397);
#5524=AXIS2_PLACEMENT_3D('',#7806,#6399,#6400);
#5525=AXIS2_PLACEMENT_3D('',#7808,#6402,#6403);
#5526=AXIS2_PLACEMENT_3D('',#7809,#6404,#6405);
#5527=AXIS2_PLACEMENT_3D('',#7818,#6410,#6411);
#5528=AXIS2_PLACEMENT_3D('',#7827,#6416,#6417);
#5529=AXIS2_PLACEMENT_3D('',#7830,#6420,#6421);
#5530=AXIS2_PLACEMENT_3D('',#7832,#6423,#6424);
#5531=AXIS2_PLACEMENT_3D('',#7834,#6426,#6427);
#5532=AXIS2_PLACEMENT_3D('',#7835,#6428,#6429);
#5533=AXIS2_PLACEMENT_3D('',#7844,#6434,#6435);
#5534=AXIS2_PLACEMENT_3D('',#7853,#6440,#6441);
#5535=AXIS2_PLACEMENT_3D('',#7856,#6444,#6445);
#5536=AXIS2_PLACEMENT_3D('',#7858,#6447,#6448);
#5537=AXIS2_PLACEMENT_3D('',#7860,#6450,#6451);
#5538=AXIS2_PLACEMENT_3D('',#7861,#6452,#6453);
#5539=AXIS2_PLACEMENT_3D('',#7870,#6458,#6459);
#5540=AXIS2_PLACEMENT_3D('',#7879,#6464,#6465);
#5541=AXIS2_PLACEMENT_3D('',#7882,#6468,#6469);
#5542=AXIS2_PLACEMENT_3D('',#7884,#6471,#6472);
#5543=AXIS2_PLACEMENT_3D('',#7886,#6474,#6475);
#5544=AXIS2_PLACEMENT_3D('',#7887,#6476,#6477);
#5545=AXIS2_PLACEMENT_3D('',#7896,#6482,#6483);
#5546=AXIS2_PLACEMENT_3D('',#7905,#6488,#6489);
#5547=AXIS2_PLACEMENT_3D('',#7908,#6492,#6493);
#5548=AXIS2_PLACEMENT_3D('',#7910,#6495,#6496);
#5549=AXIS2_PLACEMENT_3D('',#7912,#6498,#6499);
#5550=AXIS2_PLACEMENT_3D('',#7913,#6500,#6501);
#5551=AXIS2_PLACEMENT_3D('',#7922,#6506,#6507);
#5552=AXIS2_PLACEMENT_3D('',#7931,#6512,#6513);
#5553=AXIS2_PLACEMENT_3D('',#7934,#6516,#6517);
#5554=AXIS2_PLACEMENT_3D('',#7936,#6519,#6520);
#5555=AXIS2_PLACEMENT_3D('',#7938,#6522,#6523);
#5556=AXIS2_PLACEMENT_3D('',#7939,#6524,#6525);
#5557=AXIS2_PLACEMENT_3D('',#7948,#6530,#6531);
#5558=AXIS2_PLACEMENT_3D('',#7957,#6536,#6537);
#5559=AXIS2_PLACEMENT_3D('',#7960,#6540,#6541);
#5560=AXIS2_PLACEMENT_3D('',#7962,#6543,#6544);
#5561=AXIS2_PLACEMENT_3D('',#7964,#6546,#6547);
#5562=AXIS2_PLACEMENT_3D('',#7965,#6548,#6549);
#5563=AXIS2_PLACEMENT_3D('',#7974,#6554,#6555);
#5564=AXIS2_PLACEMENT_3D('',#7983,#6560,#6561);
#5565=AXIS2_PLACEMENT_3D('',#7986,#6564,#6565);
#5566=AXIS2_PLACEMENT_3D('',#7988,#6567,#6568);
#5567=AXIS2_PLACEMENT_3D('',#7990,#6570,#6571);
#5568=AXIS2_PLACEMENT_3D('',#7991,#6572,#6573);
#5569=AXIS2_PLACEMENT_3D('',#8000,#6578,#6579);
#5570=AXIS2_PLACEMENT_3D('',#8009,#6584,#6585);
#5571=AXIS2_PLACEMENT_3D('',#8012,#6588,#6589);
#5572=AXIS2_PLACEMENT_3D('',#8014,#6591,#6592);
#5573=AXIS2_PLACEMENT_3D('',#8016,#6594,#6595);
#5574=AXIS2_PLACEMENT_3D('',#8017,#6596,#6597);
#5575=AXIS2_PLACEMENT_3D('',#8026,#6602,#6603);
#5576=AXIS2_PLACEMENT_3D('',#8035,#6608,#6609);
#5577=AXIS2_PLACEMENT_3D('',#8038,#6612,#6613);
#5578=AXIS2_PLACEMENT_3D('',#8040,#6615,#6616);
#5579=AXIS2_PLACEMENT_3D('',#8042,#6618,#6619);
#5580=AXIS2_PLACEMENT_3D('',#8043,#6620,#6621);
#5581=AXIS2_PLACEMENT_3D('',#8052,#6626,#6627);
#5582=AXIS2_PLACEMENT_3D('',#8061,#6632,#6633);
#5583=AXIS2_PLACEMENT_3D('',#8064,#6636,#6637);
#5584=AXIS2_PLACEMENT_3D('',#8066,#6639,#6640);
#5585=AXIS2_PLACEMENT_3D('',#8068,#6642,#6643);
#5586=AXIS2_PLACEMENT_3D('',#8069,#6644,#6645);
#5587=AXIS2_PLACEMENT_3D('',#8078,#6650,#6651);
#5588=AXIS2_PLACEMENT_3D('',#8087,#6656,#6657);
#5589=AXIS2_PLACEMENT_3D('',#8090,#6660,#6661);
#5590=AXIS2_PLACEMENT_3D('',#8092,#6663,#6664);
#5591=AXIS2_PLACEMENT_3D('',#8094,#6666,#6667);
#5592=AXIS2_PLACEMENT_3D('',#8095,#6668,#6669);
#5593=AXIS2_PLACEMENT_3D('',#8104,#6674,#6675);
#5594=AXIS2_PLACEMENT_3D('',#8113,#6680,#6681);
#5595=AXIS2_PLACEMENT_3D('',#8116,#6684,#6685);
#5596=AXIS2_PLACEMENT_3D('',#8118,#6687,#6688);
#5597=AXIS2_PLACEMENT_3D('',#8120,#6690,#6691);
#5598=AXIS2_PLACEMENT_3D('',#8121,#6692,#6693);
#5599=AXIS2_PLACEMENT_3D('',#8130,#6698,#6699);
#5600=AXIS2_PLACEMENT_3D('',#8139,#6704,#6705);
#5601=AXIS2_PLACEMENT_3D('',#8142,#6708,#6709);
#5602=AXIS2_PLACEMENT_3D('',#8144,#6711,#6712);
#5603=AXIS2_PLACEMENT_3D('',#8146,#6714,#6715);
#5604=AXIS2_PLACEMENT_3D('',#8147,#6716,#6717);
#5605=AXIS2_PLACEMENT_3D('',#8156,#6722,#6723);
#5606=AXIS2_PLACEMENT_3D('',#8165,#6728,#6729);
#5607=AXIS2_PLACEMENT_3D('',#8168,#6732,#6733);
#5608=AXIS2_PLACEMENT_3D('',#8170,#6735,#6736);
#5609=AXIS2_PLACEMENT_3D('',#8172,#6738,#6739);
#5610=AXIS2_PLACEMENT_3D('',#8173,#6740,#6741);
#5611=AXIS2_PLACEMENT_3D('',#8182,#6746,#6747);
#5612=AXIS2_PLACEMENT_3D('',#8191,#6752,#6753);
#5613=AXIS2_PLACEMENT_3D('',#8194,#6756,#6757);
#5614=AXIS2_PLACEMENT_3D('',#8196,#6759,#6760);
#5615=AXIS2_PLACEMENT_3D('',#8198,#6762,#6763);
#5616=AXIS2_PLACEMENT_3D('',#8199,#6764,#6765);
#5617=AXIS2_PLACEMENT_3D('',#8208,#6770,#6771);
#5618=AXIS2_PLACEMENT_3D('',#8217,#6776,#6777);
#5619=AXIS2_PLACEMENT_3D('',#8220,#6780,#6781);
#5620=AXIS2_PLACEMENT_3D('',#8222,#6783,#6784);
#5621=AXIS2_PLACEMENT_3D('',#8224,#6786,#6787);
#5622=AXIS2_PLACEMENT_3D('',#8225,#6788,#6789);
#5623=AXIS2_PLACEMENT_3D('',#8234,#6794,#6795);
#5624=AXIS2_PLACEMENT_3D('',#8243,#6800,#6801);
#5625=AXIS2_PLACEMENT_3D('',#8246,#6804,#6805);
#5626=AXIS2_PLACEMENT_3D('',#8248,#6807,#6808);
#5627=AXIS2_PLACEMENT_3D('',#8250,#6810,#6811);
#5628=AXIS2_PLACEMENT_3D('',#8251,#6812,#6813);
#5629=AXIS2_PLACEMENT_3D('',#8260,#6818,#6819);
#5630=AXIS2_PLACEMENT_3D('',#8269,#6824,#6825);
#5631=AXIS2_PLACEMENT_3D('',#8272,#6828,#6829);
#5632=AXIS2_PLACEMENT_3D('',#8274,#6831,#6832);
#5633=AXIS2_PLACEMENT_3D('',#8276,#6834,#6835);
#5634=AXIS2_PLACEMENT_3D('',#8277,#6836,#6837);
#5635=AXIS2_PLACEMENT_3D('',#8286,#6842,#6843);
#5636=AXIS2_PLACEMENT_3D('',#8295,#6848,#6849);
#5637=AXIS2_PLACEMENT_3D('',#8298,#6852,#6853);
#5638=AXIS2_PLACEMENT_3D('',#8300,#6855,#6856);
#5639=AXIS2_PLACEMENT_3D('',#8302,#6858,#6859);
#5640=AXIS2_PLACEMENT_3D('',#8303,#6860,#6861);
#5641=AXIS2_PLACEMENT_3D('',#8312,#6866,#6867);
#5642=AXIS2_PLACEMENT_3D('',#8321,#6872,#6873);
#5643=AXIS2_PLACEMENT_3D('',#8324,#6876,#6877);
#5644=AXIS2_PLACEMENT_3D('',#8326,#6879,#6880);
#5645=AXIS2_PLACEMENT_3D('',#8328,#6882,#6883);
#5646=AXIS2_PLACEMENT_3D('',#8329,#6884,#6885);
#5647=AXIS2_PLACEMENT_3D('',#8338,#6890,#6891);
#5648=AXIS2_PLACEMENT_3D('',#8347,#6896,#6897);
#5649=AXIS2_PLACEMENT_3D('',#8350,#6900,#6901);
#5650=AXIS2_PLACEMENT_3D('',#8352,#6903,#6904);
#5651=AXIS2_PLACEMENT_3D('',#8354,#6906,#6907);
#5652=AXIS2_PLACEMENT_3D('',#8355,#6908,#6909);
#5653=AXIS2_PLACEMENT_3D('',#8364,#6914,#6915);
#5654=AXIS2_PLACEMENT_3D('',#8373,#6920,#6921);
#5655=AXIS2_PLACEMENT_3D('',#8376,#6924,#6925);
#5656=AXIS2_PLACEMENT_3D('',#8378,#6927,#6928);
#5657=AXIS2_PLACEMENT_3D('',#8380,#6930,#6931);
#5658=AXIS2_PLACEMENT_3D('',#8381,#6932,#6933);
#5659=AXIS2_PLACEMENT_3D('',#8390,#6938,#6939);
#5660=AXIS2_PLACEMENT_3D('',#8399,#6944,#6945);
#5661=AXIS2_PLACEMENT_3D('',#8402,#6948,#6949);
#5662=AXIS2_PLACEMENT_3D('',#8404,#6951,#6952);
#5663=AXIS2_PLACEMENT_3D('',#8406,#6954,#6955);
#5664=AXIS2_PLACEMENT_3D('',#8407,#6956,#6957);
#5665=AXIS2_PLACEMENT_3D('',#8416,#6962,#6963);
#5666=AXIS2_PLACEMENT_3D('',#8425,#6968,#6969);
#5667=AXIS2_PLACEMENT_3D('',#8428,#6972,#6973);
#5668=AXIS2_PLACEMENT_3D('',#8430,#6975,#6976);
#5669=AXIS2_PLACEMENT_3D('',#8432,#6978,#6979);
#5670=AXIS2_PLACEMENT_3D('',#8433,#6980,#6981);
#5671=AXIS2_PLACEMENT_3D('',#8442,#6986,#6987);
#5672=AXIS2_PLACEMENT_3D('',#8451,#6992,#6993);
#5673=AXIS2_PLACEMENT_3D('',#8454,#6996,#6997);
#5674=AXIS2_PLACEMENT_3D('',#8456,#6999,#7000);
#5675=AXIS2_PLACEMENT_3D('',#8458,#7002,#7003);
#5676=AXIS2_PLACEMENT_3D('',#8459,#7004,#7005);
#5677=AXIS2_PLACEMENT_3D('',#8468,#7010,#7011);
#5678=AXIS2_PLACEMENT_3D('',#8477,#7016,#7017);
#5679=AXIS2_PLACEMENT_3D('',#8480,#7020,#7021);
#5680=AXIS2_PLACEMENT_3D('',#8482,#7023,#7024);
#5681=AXIS2_PLACEMENT_3D('',#8484,#7026,#7027);
#5682=DIRECTION('axis',(0.,0.,1.));
#5683=DIRECTION('refdir',(1.,0.,0.));
#5684=DIRECTION('center_axis',(0.,0.,1.));
#5685=DIRECTION('ref_axis',(1.,0.,0.));
#5686=DIRECTION('',(0.,1.,0.));
#5687=DIRECTION('',(-1.,0.,0.));
#5688=DIRECTION('',(0.,-1.,0.));
#5689=DIRECTION('',(1.,0.,0.));
#5690=DIRECTION('center_axis',(0.,0.,1.));
#5691=DIRECTION('ref_axis',(1.,0.,0.));
#5692=DIRECTION('',(0.,-1.,0.));
#5693=DIRECTION('',(-1.,0.,0.));
#5694=DIRECTION('',(0.,1.,0.));
#5695=DIRECTION('',(1.,0.,0.));
#5696=DIRECTION('center_axis',(0.,1.,0.));
#5697=DIRECTION('ref_axis',(0.,0.,1.));
#5698=DIRECTION('',(0.,0.,-1.));
#5699=DIRECTION('',(0.,0.,-1.));
#5700=DIRECTION('center_axis',(1.,0.,0.));
#5701=DIRECTION('ref_axis',(0.,0.,-1.));
#5702=DIRECTION('',(0.,0.,-1.));
#5703=DIRECTION('center_axis',(0.,-1.,0.));
#5704=DIRECTION('ref_axis',(0.,0.,-1.));
#5705=DIRECTION('',(0.,0.,-1.));
#5706=DIRECTION('center_axis',(-1.,0.,0.));
#5707=DIRECTION('ref_axis',(0.,0.,1.));
#5708=DIRECTION('center_axis',(0.,0.,1.));
#5709=DIRECTION('ref_axis',(1.,0.,0.));
#5710=DIRECTION('',(0.,1.,0.));
#5711=DIRECTION('',(-1.,0.,0.));
#5712=DIRECTION('',(0.,-1.,0.));
#5713=DIRECTION('',(1.,0.,0.));
#5714=DIRECTION('center_axis',(0.,0.,1.));
#5715=DIRECTION('ref_axis',(1.,0.,0.));
#5716=DIRECTION('',(0.,-1.,0.));
#5717=DIRECTION('',(-1.,0.,0.));
#5718=DIRECTION('',(0.,1.,0.));
#5719=DIRECTION('',(1.,0.,0.));
#5720=DIRECTION('center_axis',(0.,1.,0.));
#5721=DIRECTION('ref_axis',(0.,0.,1.));
#5722=DIRECTION('',(0.,0.,-1.));
#5723=DIRECTION('',(0.,0.,-1.));
#5724=DIRECTION('center_axis',(1.,0.,0.));
#5725=DIRECTION('ref_axis',(0.,0.,-1.));
#5726=DIRECTION('',(0.,0.,-1.));
#5727=DIRECTION('center_axis',(0.,-1.,0.));
#5728=DIRECTION('ref_axis',(0.,0.,-1.));
#5729=DIRECTION('',(0.,0.,-1.));
#5730=DIRECTION('center_axis',(-1.,0.,0.));
#5731=DIRECTION('ref_axis',(0.,0.,1.));
#5732=DIRECTION('center_axis',(0.,0.,1.));
#5733=DIRECTION('ref_axis',(1.,0.,0.));
#5734=DIRECTION('',(0.,1.,0.));
#5735=DIRECTION('',(-1.,0.,0.));
#5736=DIRECTION('',(0.,-1.,0.));
#5737=DIRECTION('',(1.,0.,0.));
#5738=DIRECTION('center_axis',(0.,0.,1.));
#5739=DIRECTION('ref_axis',(1.,0.,0.));
#5740=DIRECTION('',(0.,-1.,0.));
#5741=DIRECTION('',(-1.,0.,0.));
#5742=DIRECTION('',(0.,1.,0.));
#5743=DIRECTION('',(1.,0.,0.));
#5744=DIRECTION('center_axis',(0.,1.,0.));
#5745=DIRECTION('ref_axis',(0.,0.,1.));
#5746=DIRECTION('',(0.,0.,-1.));
#5747=DIRECTION('',(0.,0.,-1.));
#5748=DIRECTION('center_axis',(1.,0.,0.));
#5749=DIRECTION('ref_axis',(0.,0.,-1.));
#5750=DIRECTION('',(0.,0.,-1.));
#5751=DIRECTION('center_axis',(0.,-1.,0.));
#5752=DIRECTION('ref_axis',(0.,0.,-1.));
#5753=DIRECTION('',(0.,0.,-1.));
#5754=DIRECTION('center_axis',(-1.,0.,0.));
#5755=DIRECTION('ref_axis',(0.,0.,1.));
#5756=DIRECTION('center_axis',(0.,0.,1.));
#5757=DIRECTION('ref_axis',(1.,0.,0.));
#5758=DIRECTION('',(0.,1.,0.));
#5759=DIRECTION('',(-1.,0.,0.));
#5760=DIRECTION('',(0.,-1.,0.));
#5761=DIRECTION('',(1.,0.,0.));
#5762=DIRECTION('center_axis',(0.,0.,1.));
#5763=DIRECTION('ref_axis',(1.,0.,0.));
#5764=DIRECTION('',(0.,-1.,0.));
#5765=DIRECTION('',(-1.,0.,0.));
#5766=DIRECTION('',(0.,1.,0.));
#5767=DIRECTION('',(1.,0.,0.));
#5768=DIRECTION('center_axis',(0.,1.,0.));
#5769=DIRECTION('ref_axis',(0.,0.,1.));
#5770=DIRECTION('',(0.,0.,-1.));
#5771=DIRECTION('',(0.,0.,-1.));
#5772=DIRECTION('center_axis',(1.,0.,0.));
#5773=DIRECTION('ref_axis',(0.,0.,-1.));
#5774=DIRECTION('',(0.,0.,-1.));
#5775=DIRECTION('center_axis',(0.,-1.,0.));
#5776=DIRECTION('ref_axis',(0.,0.,-1.));
#5777=DIRECTION('',(0.,0.,-1.));
#5778=DIRECTION('center_axis',(-1.,0.,0.));
#5779=DIRECTION('ref_axis',(0.,0.,1.));
#5780=DIRECTION('center_axis',(0.,0.,1.));
#5781=DIRECTION('ref_axis',(1.,0.,0.));
#5782=DIRECTION('',(0.,1.,0.));
#5783=DIRECTION('',(-1.,0.,0.));
#5784=DIRECTION('',(0.,-1.,0.));
#5785=DIRECTION('',(1.,0.,0.));
#5786=DIRECTION('center_axis',(0.,0.,1.));
#5787=DIRECTION('ref_axis',(1.,0.,0.));
#5788=DIRECTION('',(0.,-1.,0.));
#5789=DIRECTION('',(-1.,0.,0.));
#5790=DIRECTION('',(0.,1.,0.));
#5791=DIRECTION('',(1.,0.,0.));
#5792=DIRECTION('center_axis',(0.,1.,0.));
#5793=DIRECTION('ref_axis',(0.,0.,1.));
#5794=DIRECTION('',(0.,0.,-1.));
#5795=DIRECTION('',(0.,0.,-1.));
#5796=DIRECTION('center_axis',(1.,0.,0.));
#5797=DIRECTION('ref_axis',(0.,0.,-1.));
#5798=DIRECTION('',(0.,0.,-1.));
#5799=DIRECTION('center_axis',(0.,-1.,0.));
#5800=DIRECTION('ref_axis',(0.,0.,-1.));
#5801=DIRECTION('',(0.,0.,-1.));
#5802=DIRECTION('center_axis',(-1.,0.,0.));
#5803=DIRECTION('ref_axis',(0.,0.,1.));
#5804=DIRECTION('center_axis',(0.,0.,1.));
#5805=DIRECTION('ref_axis',(1.,0.,0.));
#5806=DIRECTION('',(0.,1.,0.));
#5807=DIRECTION('',(-1.,0.,0.));
#5808=DIRECTION('',(0.,-1.,0.));
#5809=DIRECTION('',(1.,0.,0.));
#5810=DIRECTION('center_axis',(0.,0.,1.));
#5811=DIRECTION('ref_axis',(1.,0.,0.));
#5812=DIRECTION('',(0.,-1.,0.));
#5813=DIRECTION('',(-1.,0.,0.));
#5814=DIRECTION('',(0.,1.,0.));
#5815=DIRECTION('',(1.,0.,0.));
#5816=DIRECTION('center_axis',(0.,1.,0.));
#5817=DIRECTION('ref_axis',(0.,0.,1.));
#5818=DIRECTION('',(0.,0.,-1.));
#5819=DIRECTION('',(0.,0.,-1.));
#5820=DIRECTION('center_axis',(1.,0.,0.));
#5821=DIRECTION('ref_axis',(0.,0.,-1.));
#5822=DIRECTION('',(0.,0.,-1.));
#5823=DIRECTION('center_axis',(0.,-1.,0.));
#5824=DIRECTION('ref_axis',(0.,0.,-1.));
#5825=DIRECTION('',(0.,0.,-1.));
#5826=DIRECTION('center_axis',(-1.,0.,0.));
#5827=DIRECTION('ref_axis',(0.,0.,1.));
#5828=DIRECTION('center_axis',(0.,0.,1.));
#5829=DIRECTION('ref_axis',(1.,0.,0.));
#5830=DIRECTION('',(0.,1.,0.));
#5831=DIRECTION('',(-1.,0.,0.));
#5832=DIRECTION('',(0.,-1.,0.));
#5833=DIRECTION('',(1.,0.,0.));
#5834=DIRECTION('center_axis',(0.,0.,1.));
#5835=DIRECTION('ref_axis',(1.,0.,0.));
#5836=DIRECTION('',(0.,-1.,0.));
#5837=DIRECTION('',(-1.,0.,0.));
#5838=DIRECTION('',(0.,1.,0.));
#5839=DIRECTION('',(1.,0.,0.));
#5840=DIRECTION('center_axis',(0.,1.,0.));
#5841=DIRECTION('ref_axis',(0.,0.,1.));
#5842=DIRECTION('',(0.,0.,-1.));
#5843=DIRECTION('',(0.,0.,-1.));
#5844=DIRECTION('center_axis',(1.,0.,0.));
#5845=DIRECTION('ref_axis',(0.,0.,-1.));
#5846=DIRECTION('',(0.,0.,-1.));
#5847=DIRECTION('center_axis',(0.,-1.,0.));
#5848=DIRECTION('ref_axis',(0.,0.,-1.));
#5849=DIRECTION('',(0.,0.,-1.));
#5850=DIRECTION('center_axis',(-1.,0.,0.));
#5851=DIRECTION('ref_axis',(0.,0.,1.));
#5852=DIRECTION('center_axis',(0.,0.,1.));
#5853=DIRECTION('ref_axis',(1.,0.,0.));
#5854=DIRECTION('',(0.,1.,0.));
#5855=DIRECTION('',(-1.,0.,0.));
#5856=DIRECTION('',(0.,-1.,0.));
#5857=DIRECTION('',(1.,0.,0.));
#5858=DIRECTION('center_axis',(0.,0.,1.));
#5859=DIRECTION('ref_axis',(1.,0.,0.));
#5860=DIRECTION('',(0.,-1.,0.));
#5861=DIRECTION('',(-1.,0.,0.));
#5862=DIRECTION('',(0.,1.,0.));
#5863=DIRECTION('',(1.,0.,0.));
#5864=DIRECTION('center_axis',(0.,1.,0.));
#5865=DIRECTION('ref_axis',(0.,0.,1.));
#5866=DIRECTION('',(0.,0.,-1.));
#5867=DIRECTION('',(0.,0.,-1.));
#5868=DIRECTION('center_axis',(1.,0.,0.));
#5869=DIRECTION('ref_axis',(0.,0.,-1.));
#5870=DIRECTION('',(0.,0.,-1.));
#5871=DIRECTION('center_axis',(0.,-1.,0.));
#5872=DIRECTION('ref_axis',(0.,0.,-1.));
#5873=DIRECTION('',(0.,0.,-1.));
#5874=DIRECTION('center_axis',(-1.,0.,0.));
#5875=DIRECTION('ref_axis',(0.,0.,1.));
#5876=DIRECTION('center_axis',(0.,0.,1.));
#5877=DIRECTION('ref_axis',(1.,0.,0.));
#5878=DIRECTION('',(0.,1.,0.));
#5879=DIRECTION('',(-1.,0.,0.));
#5880=DIRECTION('',(0.,-1.,0.));
#5881=DIRECTION('',(1.,0.,0.));
#5882=DIRECTION('center_axis',(0.,0.,1.));
#5883=DIRECTION('ref_axis',(1.,0.,0.));
#5884=DIRECTION('',(0.,-1.,0.));
#5885=DIRECTION('',(-1.,0.,0.));
#5886=DIRECTION('',(0.,1.,0.));
#5887=DIRECTION('',(1.,0.,0.));
#5888=DIRECTION('center_axis',(0.,1.,0.));
#5889=DIRECTION('ref_axis',(0.,0.,1.));
#5890=DIRECTION('',(0.,0.,-1.));
#5891=DIRECTION('',(0.,0.,-1.));
#5892=DIRECTION('center_axis',(1.,0.,0.));
#5893=DIRECTION('ref_axis',(0.,0.,-1.));
#5894=DIRECTION('',(0.,0.,-1.));
#5895=DIRECTION('center_axis',(0.,-1.,0.));
#5896=DIRECTION('ref_axis',(0.,0.,-1.));
#5897=DIRECTION('',(0.,0.,-1.));
#5898=DIRECTION('center_axis',(-1.,0.,0.));
#5899=DIRECTION('ref_axis',(0.,0.,1.));
#5900=DIRECTION('center_axis',(0.,0.,1.));
#5901=DIRECTION('ref_axis',(1.,0.,0.));
#5902=DIRECTION('',(0.,1.,0.));
#5903=DIRECTION('',(-1.,0.,0.));
#5904=DIRECTION('',(0.,-1.,0.));
#5905=DIRECTION('',(1.,0.,0.));
#5906=DIRECTION('center_axis',(0.,0.,1.));
#5907=DIRECTION('ref_axis',(1.,0.,0.));
#5908=DIRECTION('',(0.,-1.,0.));
#5909=DIRECTION('',(-1.,0.,0.));
#5910=DIRECTION('',(0.,1.,0.));
#5911=DIRECTION('',(1.,0.,0.));
#5912=DIRECTION('center_axis',(0.,1.,0.));
#5913=DIRECTION('ref_axis',(0.,0.,1.));
#5914=DIRECTION('',(0.,0.,-1.));
#5915=DIRECTION('',(0.,0.,-1.));
#5916=DIRECTION('center_axis',(1.,0.,0.));
#5917=DIRECTION('ref_axis',(0.,0.,-1.));
#5918=DIRECTION('',(0.,0.,-1.));
#5919=DIRECTION('center_axis',(0.,-1.,0.));
#5920=DIRECTION('ref_axis',(0.,0.,-1.));
#5921=DIRECTION('',(0.,0.,-1.));
#5922=DIRECTION('center_axis',(-1.,0.,0.));
#5923=DIRECTION('ref_axis',(0.,0.,1.));
#5924=DIRECTION('center_axis',(0.,0.,1.));
#5925=DIRECTION('ref_axis',(1.,0.,0.));
#5926=DIRECTION('',(0.,1.,0.));
#5927=DIRECTION('',(-1.,0.,0.));
#5928=DIRECTION('',(0.,-1.,0.));
#5929=DIRECTION('',(1.,0.,0.));
#5930=DIRECTION('center_axis',(0.,0.,1.));
#5931=DIRECTION('ref_axis',(1.,0.,0.));
#5932=DIRECTION('',(0.,-1.,0.));
#5933=DIRECTION('',(-1.,0.,0.));
#5934=DIRECTION('',(0.,1.,0.));
#5935=DIRECTION('',(1.,0.,0.));
#5936=DIRECTION('center_axis',(0.,1.,0.));
#5937=DIRECTION('ref_axis',(0.,0.,1.));
#5938=DIRECTION('',(0.,0.,-1.));
#5939=DIRECTION('',(0.,0.,-1.));
#5940=DIRECTION('center_axis',(1.,0.,0.));
#5941=DIRECTION('ref_axis',(0.,0.,-1.));
#5942=DIRECTION('',(0.,0.,-1.));
#5943=DIRECTION('center_axis',(0.,-1.,0.));
#5944=DIRECTION('ref_axis',(0.,0.,-1.));
#5945=DIRECTION('',(0.,0.,-1.));
#5946=DIRECTION('center_axis',(-1.,0.,0.));
#5947=DIRECTION('ref_axis',(0.,0.,1.));
#5948=DIRECTION('center_axis',(0.,0.,1.));
#5949=DIRECTION('ref_axis',(1.,0.,0.));
#5950=DIRECTION('',(0.,1.,0.));
#5951=DIRECTION('',(-1.,0.,0.));
#5952=DIRECTION('',(0.,-1.,0.));
#5953=DIRECTION('',(1.,0.,0.));
#5954=DIRECTION('center_axis',(0.,0.,1.));
#5955=DIRECTION('ref_axis',(1.,0.,0.));
#5956=DIRECTION('',(0.,-1.,0.));
#5957=DIRECTION('',(-1.,0.,0.));
#5958=DIRECTION('',(0.,1.,0.));
#5959=DIRECTION('',(1.,0.,0.));
#5960=DIRECTION('center_axis',(0.,1.,0.));
#5961=DIRECTION('ref_axis',(0.,0.,1.));
#5962=DIRECTION('',(0.,0.,-1.));
#5963=DIRECTION('',(0.,0.,-1.));
#5964=DIRECTION('center_axis',(1.,0.,0.));
#5965=DIRECTION('ref_axis',(0.,0.,-1.));
#5966=DIRECTION('',(0.,0.,-1.));
#5967=DIRECTION('center_axis',(0.,-1.,0.));
#5968=DIRECTION('ref_axis',(0.,0.,-1.));
#5969=DIRECTION('',(0.,0.,-1.));
#5970=DIRECTION('center_axis',(-1.,0.,0.));
#5971=DIRECTION('ref_axis',(0.,0.,1.));
#5972=DIRECTION('center_axis',(0.,0.,1.));
#5973=DIRECTION('ref_axis',(1.,0.,0.));
#5974=DIRECTION('',(0.,1.,0.));
#5975=DIRECTION('',(-1.,0.,0.));
#5976=DIRECTION('',(0.,-1.,0.));
#5977=DIRECTION('',(1.,0.,0.));
#5978=DIRECTION('center_axis',(0.,0.,1.));
#5979=DIRECTION('ref_axis',(1.,0.,0.));
#5980=DIRECTION('',(0.,-1.,0.));
#5981=DIRECTION('',(-1.,0.,0.));
#5982=DIRECTION('',(0.,1.,0.));
#5983=DIRECTION('',(1.,0.,0.));
#5984=DIRECTION('center_axis',(0.,1.,0.));
#5985=DIRECTION('ref_axis',(0.,0.,1.));
#5986=DIRECTION('',(0.,0.,-1.));
#5987=DIRECTION('',(0.,0.,-1.));
#5988=DIRECTION('center_axis',(1.,0.,0.));
#5989=DIRECTION('ref_axis',(0.,0.,-1.));
#5990=DIRECTION('',(0.,0.,-1.));
#5991=DIRECTION('center_axis',(0.,-1.,0.));
#5992=DIRECTION('ref_axis',(0.,0.,-1.));
#5993=DIRECTION('',(0.,0.,-1.));
#5994=DIRECTION('center_axis',(-1.,0.,0.));
#5995=DIRECTION('ref_axis',(0.,0.,1.));
#5996=DIRECTION('center_axis',(0.,0.,1.));
#5997=DIRECTION('ref_axis',(1.,0.,0.));
#5998=DIRECTION('',(0.,1.,0.));
#5999=DIRECTION('',(-1.,0.,0.));
#6000=DIRECTION('',(0.,-1.,0.));
#6001=DIRECTION('',(1.,0.,0.));
#6002=DIRECTION('center_axis',(0.,0.,1.));
#6003=DIRECTION('ref_axis',(1.,0.,0.));
#6004=DIRECTION('',(0.,-1.,0.));
#6005=DIRECTION('',(-1.,0.,0.));
#6006=DIRECTION('',(0.,1.,0.));
#6007=DIRECTION('',(1.,0.,0.));
#6008=DIRECTION('center_axis',(0.,1.,0.));
#6009=DIRECTION('ref_axis',(0.,0.,1.));
#6010=DIRECTION('',(0.,0.,-1.));
#6011=DIRECTION('',(0.,0.,-1.));
#6012=DIRECTION('center_axis',(1.,0.,0.));
#6013=DIRECTION('ref_axis',(0.,0.,-1.));
#6014=DIRECTION('',(0.,0.,-1.));
#6015=DIRECTION('center_axis',(0.,-1.,0.));
#6016=DIRECTION('ref_axis',(0.,0.,-1.));
#6017=DIRECTION('',(0.,0.,-1.));
#6018=DIRECTION('center_axis',(-1.,0.,0.));
#6019=DIRECTION('ref_axis',(0.,0.,1.));
#6020=DIRECTION('center_axis',(0.,0.,1.));
#6021=DIRECTION('ref_axis',(1.,0.,0.));
#6022=DIRECTION('',(0.,1.,0.));
#6023=DIRECTION('',(-1.,0.,0.));
#6024=DIRECTION('',(0.,-1.,0.));
#6025=DIRECTION('',(1.,0.,0.));
#6026=DIRECTION('center_axis',(0.,0.,1.));
#6027=DIRECTION('ref_axis',(1.,0.,0.));
#6028=DIRECTION('',(0.,-1.,0.));
#6029=DIRECTION('',(-1.,0.,0.));
#6030=DIRECTION('',(0.,1.,0.));
#6031=DIRECTION('',(1.,0.,0.));
#6032=DIRECTION('center_axis',(0.,1.,0.));
#6033=DIRECTION('ref_axis',(0.,0.,1.));
#6034=DIRECTION('',(0.,0.,-1.));
#6035=DIRECTION('',(0.,0.,-1.));
#6036=DIRECTION('center_axis',(1.,0.,0.));
#6037=DIRECTION('ref_axis',(0.,0.,-1.));
#6038=DIRECTION('',(0.,0.,-1.));
#6039=DIRECTION('center_axis',(0.,-1.,0.));
#6040=DIRECTION('ref_axis',(0.,0.,-1.));
#6041=DIRECTION('',(0.,0.,-1.));
#6042=DIRECTION('center_axis',(-1.,0.,0.));
#6043=DIRECTION('ref_axis',(0.,0.,1.));
#6044=DIRECTION('center_axis',(0.,0.,1.));
#6045=DIRECTION('ref_axis',(1.,0.,0.));
#6046=DIRECTION('',(0.,1.,0.));
#6047=DIRECTION('',(-1.,0.,0.));
#6048=DIRECTION('',(0.,-1.,0.));
#6049=DIRECTION('',(1.,0.,0.));
#6050=DIRECTION('center_axis',(0.,0.,1.));
#6051=DIRECTION('ref_axis',(1.,0.,0.));
#6052=DIRECTION('',(0.,-1.,0.));
#6053=DIRECTION('',(-1.,0.,0.));
#6054=DIRECTION('',(0.,1.,0.));
#6055=DIRECTION('',(1.,0.,0.));
#6056=DIRECTION('center_axis',(0.,1.,0.));
#6057=DIRECTION('ref_axis',(0.,0.,1.));
#6058=DIRECTION('',(0.,0.,-1.));
#6059=DIRECTION('',(0.,0.,-1.));
#6060=DIRECTION('center_axis',(1.,0.,0.));
#6061=DIRECTION('ref_axis',(0.,0.,-1.));
#6062=DIRECTION('',(0.,0.,-1.));
#6063=DIRECTION('center_axis',(0.,-1.,0.));
#6064=DIRECTION('ref_axis',(0.,0.,-1.));
#6065=DIRECTION('',(0.,0.,-1.));
#6066=DIRECTION('center_axis',(-1.,0.,0.));
#6067=DIRECTION('ref_axis',(0.,0.,1.));
#6068=DIRECTION('center_axis',(0.,0.,1.));
#6069=DIRECTION('ref_axis',(1.,0.,0.));
#6070=DIRECTION('',(0.,1.,0.));
#6071=DIRECTION('',(-1.,0.,0.));
#6072=DIRECTION('',(0.,-1.,0.));
#6073=DIRECTION('',(1.,0.,0.));
#6074=DIRECTION('center_axis',(0.,0.,1.));
#6075=DIRECTION('ref_axis',(1.,0.,0.));
#6076=DIRECTION('',(0.,-1.,0.));
#6077=DIRECTION('',(-1.,0.,0.));
#6078=DIRECTION('',(0.,1.,0.));
#6079=DIRECTION('',(1.,0.,0.));
#6080=DIRECTION('center_axis',(0.,1.,0.));
#6081=DIRECTION('ref_axis',(0.,0.,1.));
#6082=DIRECTION('',(0.,0.,-1.));
#6083=DIRECTION('',(0.,0.,-1.));
#6084=DIRECTION('center_axis',(1.,0.,0.));
#6085=DIRECTION('ref_axis',(0.,0.,-1.));
#6086=DIRECTION('',(0.,0.,-1.));
#6087=DIRECTION('center_axis',(0.,-1.,0.));
#6088=DIRECTION('ref_axis',(0.,0.,-1.));
#6089=DIRECTION('',(0.,0.,-1.));
#6090=DIRECTION('center_axis',(-1.,0.,0.));
#6091=DIRECTION('ref_axis',(0.,0.,1.));
#6092=DIRECTION('center_axis',(0.,0.,1.));
#6093=DIRECTION('ref_axis',(1.,0.,0.));
#6094=DIRECTION('',(0.,1.,0.));
#6095=DIRECTION('',(-1.,0.,0.));
#6096=DIRECTION('',(0.,-1.,0.));
#6097=DIRECTION('',(1.,0.,0.));
#6098=DIRECTION('center_axis',(0.,0.,1.));
#6099=DIRECTION('ref_axis',(1.,0.,0.));
#6100=DIRECTION('',(0.,-1.,0.));
#6101=DIRECTION('',(-1.,0.,0.));
#6102=DIRECTION('',(0.,1.,0.));
#6103=DIRECTION('',(1.,0.,0.));
#6104=DIRECTION('center_axis',(0.,1.,0.));
#6105=DIRECTION('ref_axis',(0.,0.,1.));
#6106=DIRECTION('',(0.,0.,-1.));
#6107=DIRECTION('',(0.,0.,-1.));
#6108=DIRECTION('center_axis',(1.,0.,0.));
#6109=DIRECTION('ref_axis',(0.,0.,-1.));
#6110=DIRECTION('',(0.,0.,-1.));
#6111=DIRECTION('center_axis',(0.,-1.,0.));
#6112=DIRECTION('ref_axis',(0.,0.,-1.));
#6113=DIRECTION('',(0.,0.,-1.));
#6114=DIRECTION('center_axis',(-1.,0.,0.));
#6115=DIRECTION('ref_axis',(0.,0.,1.));
#6116=DIRECTION('center_axis',(0.,0.,1.));
#6117=DIRECTION('ref_axis',(1.,0.,0.));
#6118=DIRECTION('',(0.,1.,0.));
#6119=DIRECTION('',(-1.,0.,0.));
#6120=DIRECTION('',(0.,-1.,0.));
#6121=DIRECTION('',(1.,0.,0.));
#6122=DIRECTION('center_axis',(0.,0.,1.));
#6123=DIRECTION('ref_axis',(1.,0.,0.));
#6124=DIRECTION('',(0.,-1.,0.));
#6125=DIRECTION('',(-1.,0.,0.));
#6126=DIRECTION('',(0.,1.,0.));
#6127=DIRECTION('',(1.,0.,0.));
#6128=DIRECTION('center_axis',(0.,1.,0.));
#6129=DIRECTION('ref_axis',(0.,0.,1.));
#6130=DIRECTION('',(0.,0.,-1.));
#6131=DIRECTION('',(0.,0.,-1.));
#6132=DIRECTION('center_axis',(1.,0.,0.));
#6133=DIRECTION('ref_axis',(0.,0.,-1.));
#6134=DIRECTION('',(0.,0.,-1.));
#6135=DIRECTION('center_axis',(0.,-1.,0.));
#6136=DIRECTION('ref_axis',(0.,0.,-1.));
#6137=DIRECTION('',(0.,0.,-1.));
#6138=DIRECTION('center_axis',(-1.,0.,0.));
#6139=DIRECTION('ref_axis',(0.,0.,1.));
#6140=DIRECTION('center_axis',(0.,0.,1.));
#6141=DIRECTION('ref_axis',(1.,0.,0.));
#6142=DIRECTION('',(0.,1.,0.));
#6143=DIRECTION('',(-1.,0.,0.));
#6144=DIRECTION('',(0.,-1.,0.));
#6145=DIRECTION('',(1.,0.,0.));
#6146=DIRECTION('center_axis',(0.,0.,1.));
#6147=DIRECTION('ref_axis',(1.,0.,0.));
#6148=DIRECTION('',(0.,-1.,0.));
#6149=DIRECTION('',(-1.,0.,0.));
#6150=DIRECTION('',(0.,1.,0.));
#6151=DIRECTION('',(1.,0.,0.));
#6152=DIRECTION('center_axis',(0.,1.,0.));
#6153=DIRECTION('ref_axis',(0.,0.,1.));
#6154=DIRECTION('',(0.,0.,-1.));
#6155=DIRECTION('',(0.,0.,-1.));
#6156=DIRECTION('center_axis',(1.,0.,0.));
#6157=DIRECTION('ref_axis',(0.,0.,-1.));
#6158=DIRECTION('',(0.,0.,-1.));
#6159=DIRECTION('center_axis',(0.,-1.,0.));
#6160=DIRECTION('ref_axis',(0.,0.,-1.));
#6161=DIRECTION('',(0.,0.,-1.));
#6162=DIRECTION('center_axis',(-1.,0.,0.));
#6163=DIRECTION('ref_axis',(0.,0.,1.));
#6164=DIRECTION('center_axis',(0.,0.,1.));
#6165=DIRECTION('ref_axis',(1.,0.,0.));
#6166=DIRECTION('',(0.,1.,0.));
#6167=DIRECTION('',(-1.,0.,0.));
#6168=DIRECTION('',(0.,-1.,0.));
#6169=DIRECTION('',(1.,0.,0.));
#6170=DIRECTION('center_axis',(0.,0.,1.));
#6171=DIRECTION('ref_axis',(1.,0.,0.));
#6172=DIRECTION('',(0.,-1.,0.));
#6173=DIRECTION('',(-1.,0.,0.));
#6174=DIRECTION('',(0.,1.,0.));
#6175=DIRECTION('',(1.,0.,0.));
#6176=DIRECTION('center_axis',(0.,1.,0.));
#6177=DIRECTION('ref_axis',(0.,0.,1.));
#6178=DIRECTION('',(0.,0.,-1.));
#6179=DIRECTION('',(0.,0.,-1.));
#6180=DIRECTION('center_axis',(1.,0.,0.));
#6181=DIRECTION('ref_axis',(0.,0.,-1.));
#6182=DIRECTION('',(0.,0.,-1.));
#6183=DIRECTION('center_axis',(0.,-1.,0.));
#6184=DIRECTION('ref_axis',(0.,0.,-1.));
#6185=DIRECTION('',(0.,0.,-1.));
#6186=DIRECTION('center_axis',(-1.,0.,0.));
#6187=DIRECTION('ref_axis',(0.,0.,1.));
#6188=DIRECTION('center_axis',(0.,0.,1.));
#6189=DIRECTION('ref_axis',(1.,0.,0.));
#6190=DIRECTION('',(0.,1.,0.));
#6191=DIRECTION('',(-1.,0.,0.));
#6192=DIRECTION('',(0.,-1.,0.));
#6193=DIRECTION('',(1.,0.,0.));
#6194=DIRECTION('center_axis',(0.,0.,1.));
#6195=DIRECTION('ref_axis',(1.,0.,0.));
#6196=DIRECTION('',(0.,-1.,0.));
#6197=DIRECTION('',(-1.,0.,0.));
#6198=DIRECTION('',(0.,1.,0.));
#6199=DIRECTION('',(1.,0.,0.));
#6200=DIRECTION('center_axis',(0.,1.,0.));
#6201=DIRECTION('ref_axis',(0.,0.,1.));
#6202=DIRECTION('',(0.,0.,-1.));
#6203=DIRECTION('',(0.,0.,-1.));
#6204=DIRECTION('center_axis',(1.,0.,0.));
#6205=DIRECTION('ref_axis',(0.,0.,-1.));
#6206=DIRECTION('',(0.,0.,-1.));
#6207=DIRECTION('center_axis',(0.,-1.,0.));
#6208=DIRECTION('ref_axis',(0.,0.,-1.));
#6209=DIRECTION('',(0.,0.,-1.));
#6210=DIRECTION('center_axis',(-1.,0.,0.));
#6211=DIRECTION('ref_axis',(0.,0.,1.));
#6212=DIRECTION('center_axis',(0.,0.,1.));
#6213=DIRECTION('ref_axis',(1.,0.,0.));
#6214=DIRECTION('',(0.,1.,0.));
#6215=DIRECTION('',(-1.,0.,0.));
#6216=DIRECTION('',(0.,-1.,0.));
#6217=DIRECTION('',(1.,0.,0.));
#6218=DIRECTION('center_axis',(0.,0.,1.));
#6219=DIRECTION('ref_axis',(1.,0.,0.));
#6220=DIRECTION('',(0.,-1.,0.));
#6221=DIRECTION('',(-1.,0.,0.));
#6222=DIRECTION('',(0.,1.,0.));
#6223=DIRECTION('',(1.,0.,0.));
#6224=DIRECTION('center_axis',(0.,1.,0.));
#6225=DIRECTION('ref_axis',(0.,0.,1.));
#6226=DIRECTION('',(0.,0.,-1.));
#6227=DIRECTION('',(0.,0.,-1.));
#6228=DIRECTION('center_axis',(1.,0.,0.));
#6229=DIRECTION('ref_axis',(0.,0.,-1.));
#6230=DIRECTION('',(0.,0.,-1.));
#6231=DIRECTION('center_axis',(0.,-1.,0.));
#6232=DIRECTION('ref_axis',(0.,0.,-1.));
#6233=DIRECTION('',(0.,0.,-1.));
#6234=DIRECTION('center_axis',(-1.,0.,0.));
#6235=DIRECTION('ref_axis',(0.,0.,1.));
#6236=DIRECTION('center_axis',(0.,0.,1.));
#6237=DIRECTION('ref_axis',(1.,0.,0.));
#6238=DIRECTION('',(0.,1.,0.));
#6239=DIRECTION('',(-1.,0.,0.));
#6240=DIRECTION('',(0.,-1.,0.));
#6241=DIRECTION('',(1.,0.,0.));
#6242=DIRECTION('center_axis',(0.,0.,1.));
#6243=DIRECTION('ref_axis',(1.,0.,0.));
#6244=DIRECTION('',(0.,-1.,0.));
#6245=DIRECTION('',(-1.,0.,0.));
#6246=DIRECTION('',(0.,1.,0.));
#6247=DIRECTION('',(1.,0.,0.));
#6248=DIRECTION('center_axis',(0.,1.,0.));
#6249=DIRECTION('ref_axis',(0.,0.,1.));
#6250=DIRECTION('',(0.,0.,-1.));
#6251=DIRECTION('',(0.,0.,-1.));
#6252=DIRECTION('center_axis',(1.,0.,0.));
#6253=DIRECTION('ref_axis',(0.,0.,-1.));
#6254=DIRECTION('',(0.,0.,-1.));
#6255=DIRECTION('center_axis',(0.,-1.,0.));
#6256=DIRECTION('ref_axis',(0.,0.,-1.));
#6257=DIRECTION('',(0.,0.,-1.));
#6258=DIRECTION('center_axis',(-1.,0.,0.));
#6259=DIRECTION('ref_axis',(0.,0.,1.));
#6260=DIRECTION('center_axis',(0.,0.,1.));
#6261=DIRECTION('ref_axis',(1.,0.,0.));
#6262=DIRECTION('',(0.,1.,0.));
#6263=DIRECTION('',(-1.,0.,0.));
#6264=DIRECTION('',(0.,-1.,0.));
#6265=DIRECTION('',(1.,0.,0.));
#6266=DIRECTION('center_axis',(0.,0.,1.));
#6267=DIRECTION('ref_axis',(1.,0.,0.));
#6268=DIRECTION('',(0.,-1.,0.));
#6269=DIRECTION('',(-1.,0.,0.));
#6270=DIRECTION('',(0.,1.,0.));
#6271=DIRECTION('',(1.,0.,0.));
#6272=DIRECTION('center_axis',(0.,1.,0.));
#6273=DIRECTION('ref_axis',(0.,0.,1.));
#6274=DIRECTION('',(0.,0.,-1.));
#6275=DIRECTION('',(0.,0.,-1.));
#6276=DIRECTION('center_axis',(1.,0.,0.));
#6277=DIRECTION('ref_axis',(0.,0.,-1.));
#6278=DIRECTION('',(0.,0.,-1.));
#6279=DIRECTION('center_axis',(0.,-1.,0.));
#6280=DIRECTION('ref_axis',(0.,0.,-1.));
#6281=DIRECTION('',(0.,0.,-1.));
#6282=DIRECTION('center_axis',(-1.,0.,0.));
#6283=DIRECTION('ref_axis',(0.,0.,1.));
#6284=DIRECTION('center_axis',(0.,0.,1.));
#6285=DIRECTION('ref_axis',(1.,0.,0.));
#6286=DIRECTION('',(0.,1.,0.));
#6287=DIRECTION('',(-1.,0.,0.));
#6288=DIRECTION('',(0.,-1.,0.));
#6289=DIRECTION('',(1.,0.,0.));
#6290=DIRECTION('center_axis',(0.,0.,1.));
#6291=DIRECTION('ref_axis',(1.,0.,0.));
#6292=DIRECTION('',(0.,-1.,0.));
#6293=DIRECTION('',(-1.,0.,0.));
#6294=DIRECTION('',(0.,1.,0.));
#6295=DIRECTION('',(1.,0.,0.));
#6296=DIRECTION('center_axis',(0.,1.,0.));
#6297=DIRECTION('ref_axis',(0.,0.,1.));
#6298=DIRECTION('',(0.,0.,-1.));
#6299=DIRECTION('',(0.,0.,-1.));
#6300=DIRECTION('center_axis',(1.,0.,0.));
#6301=DIRECTION('ref_axis',(0.,0.,-1.));
#6302=DIRECTION('',(0.,0.,-1.));
#6303=DIRECTION('center_axis',(0.,-1.,0.));
#6304=DIRECTION('ref_axis',(0.,0.,-1.));
#6305=DIRECTION('',(0.,0.,-1.));
#6306=DIRECTION('center_axis',(-1.,0.,0.));
#6307=DIRECTION('ref_axis',(0.,0.,1.));
#6308=DIRECTION('center_axis',(0.,0.,1.));
#6309=DIRECTION('ref_axis',(1.,0.,0.));
#6310=DIRECTION('',(0.,1.,0.));
#6311=DIRECTION('',(-1.,0.,0.));
#6312=DIRECTION('',(0.,-1.,0.));
#6313=DIRECTION('',(1.,0.,0.));
#6314=DIRECTION('center_axis',(0.,0.,1.));
#6315=DIRECTION('ref_axis',(1.,0.,0.));
#6316=DIRECTION('',(0.,-1.,0.));
#6317=DIRECTION('',(-1.,0.,0.));
#6318=DIRECTION('',(0.,1.,0.));
#6319=DIRECTION('',(1.,0.,0.));
#6320=DIRECTION('center_axis',(0.,1.,0.));
#6321=DIRECTION('ref_axis',(0.,0.,1.));
#6322=DIRECTION('',(0.,0.,-1.));
#6323=DIRECTION('',(0.,0.,-1.));
#6324=DIRECTION('center_axis',(1.,0.,0.));
#6325=DIRECTION('ref_axis',(0.,0.,-1.));
#6326=DIRECTION('',(0.,0.,-1.));
#6327=DIRECTION('center_axis',(0.,-1.,0.));
#6328=DIRECTION('ref_axis',(0.,0.,-1.));
#6329=DIRECTION('',(0.,0.,-1.));
#6330=DIRECTION('center_axis',(-1.,0.,0.));
#6331=DIRECTION('ref_axis',(0.,0.,1.));
#6332=DIRECTION('center_axis',(0.,0.,1.));
#6333=DIRECTION('ref_axis',(1.,0.,0.));
#6334=DIRECTION('',(0.,1.,0.));
#6335=DIRECTION('',(-1.,0.,0.));
#6336=DIRECTION('',(0.,-1.,0.));
#6337=DIRECTION('',(1.,0.,0.));
#6338=DIRECTION('center_axis',(0.,0.,1.));
#6339=DIRECTION('ref_axis',(1.,0.,0.));
#6340=DIRECTION('',(0.,-1.,0.));
#6341=DIRECTION('',(-1.,0.,0.));
#6342=DIRECTION('',(0.,1.,0.));
#6343=DIRECTION('',(1.,0.,0.));
#6344=DIRECTION('center_axis',(0.,1.,0.));
#6345=DIRECTION('ref_axis',(0.,0.,1.));
#6346=DIRECTION('',(0.,0.,-1.));
#6347=DIRECTION('',(0.,0.,-1.));
#6348=DIRECTION('center_axis',(1.,0.,0.));
#6349=DIRECTION('ref_axis',(0.,0.,-1.));
#6350=DIRECTION('',(0.,0.,-1.));
#6351=DIRECTION('center_axis',(0.,-1.,0.));
#6352=DIRECTION('ref_axis',(0.,0.,-1.));
#6353=DIRECTION('',(0.,0.,-1.));
#6354=DIRECTION('center_axis',(-1.,0.,0.));
#6355=DIRECTION('ref_axis',(0.,0.,1.));
#6356=DIRECTION('center_axis',(0.,0.,1.));
#6357=DIRECTION('ref_axis',(1.,0.,0.));
#6358=DIRECTION('',(0.,1.,0.));
#6359=DIRECTION('',(-1.,0.,0.));
#6360=DIRECTION('',(0.,-1.,0.));
#6361=DIRECTION('',(1.,0.,0.));
#6362=DIRECTION('center_axis',(0.,0.,1.));
#6363=DIRECTION('ref_axis',(1.,0.,0.));
#6364=DIRECTION('',(0.,-1.,0.));
#6365=DIRECTION('',(-1.,0.,0.));
#6366=DIRECTION('',(0.,1.,0.));
#6367=DIRECTION('',(1.,0.,0.));
#6368=DIRECTION('center_axis',(0.,1.,0.));
#6369=DIRECTION('ref_axis',(0.,0.,1.));
#6370=DIRECTION('',(0.,0.,-1.));
#6371=DIRECTION('',(0.,0.,-1.));
#6372=DIRECTION('center_axis',(1.,0.,0.));
#6373=DIRECTION('ref_axis',(0.,0.,-1.));
#6374=DIRECTION('',(0.,0.,-1.));
#6375=DIRECTION('center_axis',(0.,-1.,0.));
#6376=DIRECTION('ref_axis',(0.,0.,-1.));
#6377=DIRECTION('',(0.,0.,-1.));
#6378=DIRECTION('center_axis',(-1.,0.,0.));
#6379=DIRECTION('ref_axis',(0.,0.,1.));
#6380=DIRECTION('center_axis',(0.,0.,1.));
#6381=DIRECTION('ref_axis',(1.,0.,0.));
#6382=DIRECTION('',(0.,1.,0.));
#6383=DIRECTION('',(-1.,0.,0.));
#6384=DIRECTION('',(0.,-1.,0.));
#6385=DIRECTION('',(1.,0.,0.));
#6386=DIRECTION('center_axis',(0.,0.,1.));
#6387=DIRECTION('ref_axis',(1.,0.,0.));
#6388=DIRECTION('',(0.,-1.,0.));
#6389=DIRECTION('',(-1.,0.,0.));
#6390=DIRECTION('',(0.,1.,0.));
#6391=DIRECTION('',(1.,0.,0.));
#6392=DIRECTION('center_axis',(0.,1.,0.));
#6393=DIRECTION('ref_axis',(0.,0.,1.));
#6394=DIRECTION('',(0.,0.,-1.));
#6395=DIRECTION('',(0.,0.,-1.));
#6396=DIRECTION('center_axis',(1.,0.,0.));
#6397=DIRECTION('ref_axis',(0.,0.,-1.));
#6398=DIRECTION('',(0.,0.,-1.));
#6399=DIRECTION('center_axis',(0.,-1.,0.));
#6400=DIRECTION('ref_axis',(0.,0.,-1.));
#6401=DIRECTION('',(0.,0.,-1.));
#6402=DIRECTION('center_axis',(-1.,0.,0.));
#6403=DIRECTION('ref_axis',(0.,0.,1.));
#6404=DIRECTION('center_axis',(0.,0.,1.));
#6405=DIRECTION('ref_axis',(1.,0.,0.));
#6406=DIRECTION('',(0.,1.,0.));
#6407=DIRECTION('',(-1.,0.,0.));
#6408=DIRECTION('',(0.,-1.,0.));
#6409=DIRECTION('',(1.,0.,0.));
#6410=DIRECTION('center_axis',(0.,0.,1.));
#6411=DIRECTION('ref_axis',(1.,0.,0.));
#6412=DIRECTION('',(0.,-1.,0.));
#6413=DIRECTION('',(-1.,0.,0.));
#6414=DIRECTION('',(0.,1.,0.));
#6415=DIRECTION('',(1.,0.,0.));
#6416=DIRECTION('center_axis',(0.,1.,0.));
#6417=DIRECTION('ref_axis',(0.,0.,1.));
#6418=DIRECTION('',(0.,0.,-1.));
#6419=DIRECTION('',(0.,0.,-1.));
#6420=DIRECTION('center_axis',(1.,0.,0.));
#6421=DIRECTION('ref_axis',(0.,0.,-1.));
#6422=DIRECTION('',(0.,0.,-1.));
#6423=DIRECTION('center_axis',(0.,-1.,0.));
#6424=DIRECTION('ref_axis',(0.,0.,-1.));
#6425=DIRECTION('',(0.,0.,-1.));
#6426=DIRECTION('center_axis',(-1.,0.,0.));
#6427=DIRECTION('ref_axis',(0.,0.,1.));
#6428=DIRECTION('center_axis',(0.,0.,1.));
#6429=DIRECTION('ref_axis',(1.,0.,0.));
#6430=DIRECTION('',(0.,1.,0.));
#6431=DIRECTION('',(-1.,0.,0.));
#6432=DIRECTION('',(0.,-1.,0.));
#6433=DIRECTION('',(1.,0.,0.));
#6434=DIRECTION('center_axis',(0.,0.,1.));
#6435=DIRECTION('ref_axis',(1.,0.,0.));
#6436=DIRECTION('',(0.,-1.,0.));
#6437=DIRECTION('',(-1.,0.,0.));
#6438=DIRECTION('',(0.,1.,0.));
#6439=DIRECTION('',(1.,0.,0.));
#6440=DIRECTION('center_axis',(0.,1.,0.));
#6441=DIRECTION('ref_axis',(0.,0.,1.));
#6442=DIRECTION('',(0.,0.,-1.));
#6443=DIRECTION('',(0.,0.,-1.));
#6444=DIRECTION('center_axis',(1.,0.,0.));
#6445=DIRECTION('ref_axis',(0.,0.,-1.));
#6446=DIRECTION('',(0.,0.,-1.));
#6447=DIRECTION('center_axis',(0.,-1.,0.));
#6448=DIRECTION('ref_axis',(0.,0.,-1.));
#6449=DIRECTION('',(0.,0.,-1.));
#6450=DIRECTION('center_axis',(-1.,0.,0.));
#6451=DIRECTION('ref_axis',(0.,0.,1.));
#6452=DIRECTION('center_axis',(0.,0.,1.));
#6453=DIRECTION('ref_axis',(1.,0.,0.));
#6454=DIRECTION('',(0.,1.,0.));
#6455=DIRECTION('',(-1.,0.,0.));
#6456=DIRECTION('',(0.,-1.,0.));
#6457=DIRECTION('',(1.,0.,0.));
#6458=DIRECTION('center_axis',(0.,0.,1.));
#6459=DIRECTION('ref_axis',(1.,0.,0.));
#6460=DIRECTION('',(0.,-1.,0.));
#6461=DIRECTION('',(-1.,0.,0.));
#6462=DIRECTION('',(0.,1.,0.));
#6463=DIRECTION('',(1.,0.,0.));
#6464=DIRECTION('center_axis',(0.,1.,0.));
#6465=DIRECTION('ref_axis',(0.,0.,1.));
#6466=DIRECTION('',(0.,0.,-1.));
#6467=DIRECTION('',(0.,0.,-1.));
#6468=DIRECTION('center_axis',(1.,0.,0.));
#6469=DIRECTION('ref_axis',(0.,0.,-1.));
#6470=DIRECTION('',(0.,0.,-1.));
#6471=DIRECTION('center_axis',(0.,-1.,0.));
#6472=DIRECTION('ref_axis',(0.,0.,-1.));
#6473=DIRECTION('',(0.,0.,-1.));
#6474=DIRECTION('center_axis',(-1.,0.,0.));
#6475=DIRECTION('ref_axis',(0.,0.,1.));
#6476=DIRECTION('center_axis',(0.,0.,1.));
#6477=DIRECTION('ref_axis',(1.,0.,0.));
#6478=DIRECTION('',(0.,1.,0.));
#6479=DIRECTION('',(-1.,0.,0.));
#6480=DIRECTION('',(0.,-1.,0.));
#6481=DIRECTION('',(1.,0.,0.));
#6482=DIRECTION('center_axis',(0.,0.,1.));
#6483=DIRECTION('ref_axis',(1.,0.,0.));
#6484=DIRECTION('',(0.,-1.,0.));
#6485=DIRECTION('',(-1.,0.,0.));
#6486=DIRECTION('',(0.,1.,0.));
#6487=DIRECTION('',(1.,0.,0.));
#6488=DIRECTION('center_axis',(0.,1.,0.));
#6489=DIRECTION('ref_axis',(0.,0.,1.));
#6490=DIRECTION('',(0.,0.,-1.));
#6491=DIRECTION('',(0.,0.,-1.));
#6492=DIRECTION('center_axis',(1.,0.,0.));
#6493=DIRECTION('ref_axis',(0.,0.,-1.));
#6494=DIRECTION('',(0.,0.,-1.));
#6495=DIRECTION('center_axis',(0.,-1.,0.));
#6496=DIRECTION('ref_axis',(0.,0.,-1.));
#6497=DIRECTION('',(0.,0.,-1.));
#6498=DIRECTION('center_axis',(-1.,0.,0.));
#6499=DIRECTION('ref_axis',(0.,0.,1.));
#6500=DIRECTION('center_axis',(0.,0.,1.));
#6501=DIRECTION('ref_axis',(1.,0.,0.));
#6502=DIRECTION('',(0.,1.,0.));
#6503=DIRECTION('',(-1.,0.,0.));
#6504=DIRECTION('',(0.,-1.,0.));
#6505=DIRECTION('',(1.,0.,0.));
#6506=DIRECTION('center_axis',(0.,0.,1.));
#6507=DIRECTION('ref_axis',(1.,0.,0.));
#6508=DIRECTION('',(0.,-1.,0.));
#6509=DIRECTION('',(-1.,0.,0.));
#6510=DIRECTION('',(0.,1.,0.));
#6511=DIRECTION('',(1.,0.,0.));
#6512=DIRECTION('center_axis',(0.,1.,0.));
#6513=DIRECTION('ref_axis',(0.,0.,1.));
#6514=DIRECTION('',(0.,0.,-1.));
#6515=DIRECTION('',(0.,0.,-1.));
#6516=DIRECTION('center_axis',(1.,0.,0.));
#6517=DIRECTION('ref_axis',(0.,0.,-1.));
#6518=DIRECTION('',(0.,0.,-1.));
#6519=DIRECTION('center_axis',(0.,-1.,0.));
#6520=DIRECTION('ref_axis',(0.,0.,-1.));
#6521=DIRECTION('',(0.,0.,-1.));
#6522=DIRECTION('center_axis',(-1.,0.,0.));
#6523=DIRECTION('ref_axis',(0.,0.,1.));
#6524=DIRECTION('center_axis',(0.,0.,1.));
#6525=DIRECTION('ref_axis',(1.,0.,0.));
#6526=DIRECTION('',(0.,1.,0.));
#6527=DIRECTION('',(-1.,0.,0.));
#6528=DIRECTION('',(0.,-1.,0.));
#6529=DIRECTION('',(1.,0.,0.));
#6530=DIRECTION('center_axis',(0.,0.,1.));
#6531=DIRECTION('ref_axis',(1.,0.,0.));
#6532=DIRECTION('',(0.,-1.,0.));
#6533=DIRECTION('',(-1.,0.,0.));
#6534=DIRECTION('',(0.,1.,0.));
#6535=DIRECTION('',(1.,0.,0.));
#6536=DIRECTION('center_axis',(0.,1.,0.));
#6537=DIRECTION('ref_axis',(0.,0.,1.));
#6538=DIRECTION('',(0.,0.,-1.));
#6539=DIRECTION('',(0.,0.,-1.));
#6540=DIRECTION('center_axis',(1.,0.,0.));
#6541=DIRECTION('ref_axis',(0.,0.,-1.));
#6542=DIRECTION('',(0.,0.,-1.));
#6543=DIRECTION('center_axis',(0.,-1.,0.));
#6544=DIRECTION('ref_axis',(0.,0.,-1.));
#6545=DIRECTION('',(0.,0.,-1.));
#6546=DIRECTION('center_axis',(-1.,0.,0.));
#6547=DIRECTION('ref_axis',(0.,0.,1.));
#6548=DIRECTION('center_axis',(0.,0.,1.));
#6549=DIRECTION('ref_axis',(1.,0.,0.));
#6550=DIRECTION('',(0.,1.,0.));
#6551=DIRECTION('',(-1.,0.,0.));
#6552=DIRECTION('',(0.,-1.,0.));
#6553=DIRECTION('',(1.,0.,0.));
#6554=DIRECTION('center_axis',(0.,0.,1.));
#6555=DIRECTION('ref_axis',(1.,0.,0.));
#6556=DIRECTION('',(0.,-1.,0.));
#6557=DIRECTION('',(-1.,0.,0.));
#6558=DIRECTION('',(0.,1.,0.));
#6559=DIRECTION('',(1.,0.,0.));
#6560=DIRECTION('center_axis',(0.,1.,0.));
#6561=DIRECTION('ref_axis',(0.,0.,1.));
#6562=DIRECTION('',(0.,0.,-1.));
#6563=DIRECTION('',(0.,0.,-1.));
#6564=DIRECTION('center_axis',(1.,0.,0.));
#6565=DIRECTION('ref_axis',(0.,0.,-1.));
#6566=DIRECTION('',(0.,0.,-1.));
#6567=DIRECTION('center_axis',(0.,-1.,0.));
#6568=DIRECTION('ref_axis',(0.,0.,-1.));
#6569=DIRECTION('',(0.,0.,-1.));
#6570=DIRECTION('center_axis',(-1.,0.,0.));
#6571=DIRECTION('ref_axis',(0.,0.,1.));
#6572=DIRECTION('center_axis',(0.,0.,1.));
#6573=DIRECTION('ref_axis',(1.,0.,0.));
#6574=DIRECTION('',(0.,1.,0.));
#6575=DIRECTION('',(-1.,0.,0.));
#6576=DIRECTION('',(0.,-1.,0.));
#6577=DIRECTION('',(1.,0.,0.));
#6578=DIRECTION('center_axis',(0.,0.,1.));
#6579=DIRECTION('ref_axis',(1.,0.,0.));
#6580=DIRECTION('',(0.,-1.,0.));
#6581=DIRECTION('',(-1.,0.,0.));
#6582=DIRECTION('',(0.,1.,0.));
#6583=DIRECTION('',(1.,0.,0.));
#6584=DIRECTION('center_axis',(0.,1.,0.));
#6585=DIRECTION('ref_axis',(0.,0.,1.));
#6586=DIRECTION('',(0.,0.,-1.));
#6587=DIRECTION('',(0.,0.,-1.));
#6588=DIRECTION('center_axis',(1.,0.,0.));
#6589=DIRECTION('ref_axis',(0.,0.,-1.));
#6590=DIRECTION('',(0.,0.,-1.));
#6591=DIRECTION('center_axis',(0.,-1.,0.));
#6592=DIRECTION('ref_axis',(0.,0.,-1.));
#6593=DIRECTION('',(0.,0.,-1.));
#6594=DIRECTION('center_axis',(-1.,0.,0.));
#6595=DIRECTION('ref_axis',(0.,0.,1.));
#6596=DIRECTION('center_axis',(0.,0.,1.));
#6597=DIRECTION('ref_axis',(1.,0.,0.));
#6598=DIRECTION('',(0.,1.,0.));
#6599=DIRECTION('',(-1.,0.,0.));
#6600=DIRECTION('',(0.,-1.,0.));
#6601=DIRECTION('',(1.,0.,0.));
#6602=DIRECTION('center_axis',(0.,0.,1.));
#6603=DIRECTION('ref_axis',(1.,0.,0.));
#6604=DIRECTION('',(0.,-1.,0.));
#6605=DIRECTION('',(-1.,0.,0.));
#6606=DIRECTION('',(0.,1.,0.));
#6607=DIRECTION('',(1.,0.,0.));
#6608=DIRECTION('center_axis',(0.,1.,0.));
#6609=DIRECTION('ref_axis',(0.,0.,1.));
#6610=DIRECTION('',(0.,0.,-1.));
#6611=DIRECTION('',(0.,0.,-1.));
#6612=DIRECTION('center_axis',(1.,0.,0.));
#6613=DIRECTION('ref_axis',(0.,0.,-1.));
#6614=DIRECTION('',(0.,0.,-1.));
#6615=DIRECTION('center_axis',(0.,-1.,0.));
#6616=DIRECTION('ref_axis',(0.,0.,-1.));
#6617=DIRECTION('',(0.,0.,-1.));
#6618=DIRECTION('center_axis',(-1.,0.,0.));
#6619=DIRECTION('ref_axis',(0.,0.,1.));
#6620=DIRECTION('center_axis',(0.,0.,1.));
#6621=DIRECTION('ref_axis',(1.,0.,0.));
#6622=DIRECTION('',(0.,1.,0.));
#6623=DIRECTION('',(-1.,0.,0.));
#6624=DIRECTION('',(0.,-1.,0.));
#6625=DIRECTION('',(1.,0.,0.));
#6626=DIRECTION('center_axis',(0.,0.,1.));
#6627=DIRECTION('ref_axis',(1.,0.,0.));
#6628=DIRECTION('',(0.,-1.,0.));
#6629=DIRECTION('',(-1.,0.,0.));
#6630=DIRECTION('',(0.,1.,0.));
#6631=DIRECTION('',(1.,0.,0.));
#6632=DIRECTION('center_axis',(0.,1.,0.));
#6633=DIRECTION('ref_axis',(0.,0.,1.));
#6634=DIRECTION('',(0.,0.,-1.));
#6635=DIRECTION('',(0.,0.,-1.));
#6636=DIRECTION('center_axis',(1.,0.,0.));
#6637=DIRECTION('ref_axis',(0.,0.,-1.));
#6638=DIRECTION('',(0.,0.,-1.));
#6639=DIRECTION('center_axis',(0.,-1.,0.));
#6640=DIRECTION('ref_axis',(0.,0.,-1.));
#6641=DIRECTION('',(0.,0.,-1.));
#6642=DIRECTION('center_axis',(-1.,0.,0.));
#6643=DIRECTION('ref_axis',(0.,0.,1.));
#6644=DIRECTION('center_axis',(0.,0.,1.));
#6645=DIRECTION('ref_axis',(1.,0.,0.));
#6646=DIRECTION('',(0.,1.,0.));
#6647=DIRECTION('',(-1.,0.,0.));
#6648=DIRECTION('',(0.,-1.,0.));
#6649=DIRECTION('',(1.,0.,0.));
#6650=DIRECTION('center_axis',(0.,0.,1.));
#6651=DIRECTION('ref_axis',(1.,0.,0.));
#6652=DIRECTION('',(0.,-1.,0.));
#6653=DIRECTION('',(-1.,0.,0.));
#6654=DIRECTION('',(0.,1.,0.));
#6655=DIRECTION('',(1.,0.,0.));
#6656=DIRECTION('center_axis',(0.,1.,0.));
#6657=DIRECTION('ref_axis',(0.,0.,1.));
#6658=DIRECTION('',(0.,0.,-1.));
#6659=DIRECTION('',(0.,0.,-1.));
#6660=DIRECTION('center_axis',(1.,0.,0.));
#6661=DIRECTION('ref_axis',(0.,0.,-1.));
#6662=DIRECTION('',(0.,0.,-1.));
#6663=DIRECTION('center_axis',(0.,-1.,0.));
#6664=DIRECTION('ref_axis',(0.,0.,-1.));
#6665=DIRECTION('',(0.,0.,-1.));
#6666=DIRECTION('center_axis',(-1.,0.,0.));
#6667=DIRECTION('ref_axis',(0.,0.,1.));
#6668=DIRECTION('center_axis',(0.,0.,1.));
#6669=DIRECTION('ref_axis',(1.,0.,0.));
#6670=DIRECTION('',(0.,1.,0.));
#6671=DIRECTION('',(-1.,0.,0.));
#6672=DIRECTION('',(0.,-1.,0.));
#6673=DIRECTION('',(1.,0.,0.));
#6674=DIRECTION('center_axis',(0.,0.,1.));
#6675=DIRECTION('ref_axis',(1.,0.,0.));
#6676=DIRECTION('',(0.,-1.,0.));
#6677=DIRECTION('',(-1.,0.,0.));
#6678=DIRECTION('',(0.,1.,0.));
#6679=DIRECTION('',(1.,0.,0.));
#6680=DIRECTION('center_axis',(0.,1.,0.));
#6681=DIRECTION('ref_axis',(0.,0.,1.));
#6682=DIRECTION('',(0.,0.,-1.));
#6683=DIRECTION('',(0.,0.,-1.));
#6684=DIRECTION('center_axis',(1.,0.,0.));
#6685=DIRECTION('ref_axis',(0.,0.,-1.));
#6686=DIRECTION('',(0.,0.,-1.));
#6687=DIRECTION('center_axis',(0.,-1.,0.));
#6688=DIRECTION('ref_axis',(0.,0.,-1.));
#6689=DIRECTION('',(0.,0.,-1.));
#6690=DIRECTION('center_axis',(-1.,0.,0.));
#6691=DIRECTION('ref_axis',(0.,0.,1.));
#6692=DIRECTION('center_axis',(0.,0.,1.));
#6693=DIRECTION('ref_axis',(1.,0.,0.));
#6694=DIRECTION('',(0.,1.,0.));
#6695=DIRECTION('',(-1.,0.,0.));
#6696=DIRECTION('',(0.,-1.,0.));
#6697=DIRECTION('',(1.,0.,0.));
#6698=DIRECTION('center_axis',(0.,0.,1.));
#6699=DIRECTION('ref_axis',(1.,0.,0.));
#6700=DIRECTION('',(0.,-1.,0.));
#6701=DIRECTION('',(-1.,0.,0.));
#6702=DIRECTION('',(0.,1.,0.));
#6703=DIRECTION('',(1.,0.,0.));
#6704=DIRECTION('center_axis',(0.,1.,0.));
#6705=DIRECTION('ref_axis',(0.,0.,1.));
#6706=DIRECTION('',(0.,0.,-1.));
#6707=DIRECTION('',(0.,0.,-1.));
#6708=DIRECTION('center_axis',(1.,0.,0.));
#6709=DIRECTION('ref_axis',(0.,0.,-1.));
#6710=DIRECTION('',(0.,0.,-1.));
#6711=DIRECTION('center_axis',(0.,-1.,0.));
#6712=DIRECTION('ref_axis',(0.,0.,-1.));
#6713=DIRECTION('',(0.,0.,-1.));
#6714=DIRECTION('center_axis',(-1.,0.,0.));
#6715=DIRECTION('ref_axis',(0.,0.,1.));
#6716=DIRECTION('center_axis',(0.,0.,1.));
#6717=DIRECTION('ref_axis',(1.,0.,0.));
#6718=DIRECTION('',(0.,1.,0.));
#6719=DIRECTION('',(-1.,0.,0.));
#6720=DIRECTION('',(0.,-1.,0.));
#6721=DIRECTION('',(1.,0.,0.));
#6722=DIRECTION('center_axis',(0.,0.,1.));
#6723=DIRECTION('ref_axis',(1.,0.,0.));
#6724=DIRECTION('',(0.,-1.,0.));
#6725=DIRECTION('',(-1.,0.,0.));
#6726=DIRECTION('',(0.,1.,0.));
#6727=DIRECTION('',(1.,0.,0.));
#6728=DIRECTION('center_axis',(0.,1.,0.));
#6729=DIRECTION('ref_axis',(0.,0.,1.));
#6730=DIRECTION('',(0.,0.,-1.));
#6731=DIRECTION('',(0.,0.,-1.));
#6732=DIRECTION('center_axis',(1.,0.,0.));
#6733=DIRECTION('ref_axis',(0.,0.,-1.));
#6734=DIRECTION('',(0.,0.,-1.));
#6735=DIRECTION('center_axis',(0.,-1.,0.));
#6736=DIRECTION('ref_axis',(0.,0.,-1.));
#6737=DIRECTION('',(0.,0.,-1.));
#6738=DIRECTION('center_axis',(-1.,0.,0.));
#6739=DIRECTION('ref_axis',(0.,0.,1.));
#6740=DIRECTION('center_axis',(0.,0.,1.));
#6741=DIRECTION('ref_axis',(1.,0.,0.));
#6742=DIRECTION('',(0.,1.,0.));
#6743=DIRECTION('',(-1.,0.,0.));
#6744=DIRECTION('',(0.,-1.,0.));
#6745=DIRECTION('',(1.,0.,0.));
#6746=DIRECTION('center_axis',(0.,0.,1.));
#6747=DIRECTION('ref_axis',(1.,0.,0.));
#6748=DIRECTION('',(0.,-1.,0.));
#6749=DIRECTION('',(-1.,0.,0.));
#6750=DIRECTION('',(0.,1.,0.));
#6751=DIRECTION('',(1.,0.,0.));
#6752=DIRECTION('center_axis',(0.,1.,0.));
#6753=DIRECTION('ref_axis',(0.,0.,1.));
#6754=DIRECTION('',(0.,0.,-1.));
#6755=DIRECTION('',(0.,0.,-1.));
#6756=DIRECTION('center_axis',(1.,0.,0.));
#6757=DIRECTION('ref_axis',(0.,0.,-1.));
#6758=DIRECTION('',(0.,0.,-1.));
#6759=DIRECTION('center_axis',(0.,-1.,0.));
#6760=DIRECTION('ref_axis',(0.,0.,-1.));
#6761=DIRECTION('',(0.,0.,-1.));
#6762=DIRECTION('center_axis',(-1.,0.,0.));
#6763=DIRECTION('ref_axis',(0.,0.,1.));
#6764=DIRECTION('center_axis',(0.,0.,1.));
#6765=DIRECTION('ref_axis',(1.,0.,0.));
#6766=DIRECTION('',(0.,1.,0.));
#6767=DIRECTION('',(-1.,0.,0.));
#6768=DIRECTION('',(0.,-1.,0.));
#6769=DIRECTION('',(1.,0.,0.));
#6770=DIRECTION('center_axis',(0.,0.,1.));
#6771=DIRECTION('ref_axis',(1.,0.,0.));
#6772=DIRECTION('',(0.,-1.,0.));
#6773=DIRECTION('',(-1.,0.,0.));
#6774=DIRECTION('',(0.,1.,0.));
#6775=DIRECTION('',(1.,0.,0.));
#6776=DIRECTION('center_axis',(0.,1.,0.));
#6777=DIRECTION('ref_axis',(0.,0.,1.));
#6778=DIRECTION('',(0.,0.,-1.));
#6779=DIRECTION('',(0.,0.,-1.));
#6780=DIRECTION('center_axis',(1.,0.,0.));
#6781=DIRECTION('ref_axis',(0.,0.,-1.));
#6782=DIRECTION('',(0.,0.,-1.));
#6783=DIRECTION('center_axis',(0.,-1.,0.));
#6784=DIRECTION('ref_axis',(0.,0.,-1.));
#6785=DIRECTION('',(0.,0.,-1.));
#6786=DIRECTION('center_axis',(-1.,0.,0.));
#6787=DIRECTION('ref_axis',(0.,0.,1.));
#6788=DIRECTION('center_axis',(0.,0.,1.));
#6789=DIRECTION('ref_axis',(1.,0.,0.));
#6790=DIRECTION('',(0.,1.,0.));
#6791=DIRECTION('',(-1.,0.,0.));
#6792=DIRECTION('',(0.,-1.,0.));
#6793=DIRECTION('',(1.,0.,0.));
#6794=DIRECTION('center_axis',(0.,0.,1.));
#6795=DIRECTION('ref_axis',(1.,0.,0.));
#6796=DIRECTION('',(0.,-1.,0.));
#6797=DIRECTION('',(-1.,0.,0.));
#6798=DIRECTION('',(0.,1.,0.));
#6799=DIRECTION('',(1.,0.,0.));
#6800=DIRECTION('center_axis',(0.,1.,0.));
#6801=DIRECTION('ref_axis',(0.,0.,1.));
#6802=DIRECTION('',(0.,0.,-1.));
#6803=DIRECTION('',(0.,0.,-1.));
#6804=DIRECTION('center_axis',(1.,0.,0.));
#6805=DIRECTION('ref_axis',(0.,0.,-1.));
#6806=DIRECTION('',(0.,0.,-1.));
#6807=DIRECTION('center_axis',(0.,-1.,0.));
#6808=DIRECTION('ref_axis',(0.,0.,-1.));
#6809=DIRECTION('',(0.,0.,-1.));
#6810=DIRECTION('center_axis',(-1.,0.,0.));
#6811=DIRECTION('ref_axis',(0.,0.,1.));
#6812=DIRECTION('center_axis',(0.,0.,1.));
#6813=DIRECTION('ref_axis',(1.,0.,0.));
#6814=DIRECTION('',(0.,1.,0.));
#6815=DIRECTION('',(-1.,0.,0.));
#6816=DIRECTION('',(0.,-1.,0.));
#6817=DIRECTION('',(1.,0.,0.));
#6818=DIRECTION('center_axis',(0.,0.,1.));
#6819=DIRECTION('ref_axis',(1.,0.,0.));
#6820=DIRECTION('',(0.,-1.,0.));
#6821=DIRECTION('',(-1.,0.,0.));
#6822=DIRECTION('',(0.,1.,0.));
#6823=DIRECTION('',(1.,0.,0.));
#6824=DIRECTION('center_axis',(0.,1.,0.));
#6825=DIRECTION('ref_axis',(0.,0.,1.));
#6826=DIRECTION('',(0.,0.,-1.));
#6827=DIRECTION('',(0.,0.,-1.));
#6828=DIRECTION('center_axis',(1.,0.,0.));
#6829=DIRECTION('ref_axis',(0.,0.,-1.));
#6830=DIRECTION('',(0.,0.,-1.));
#6831=DIRECTION('center_axis',(0.,-1.,0.));
#6832=DIRECTION('ref_axis',(0.,0.,-1.));
#6833=DIRECTION('',(0.,0.,-1.));
#6834=DIRECTION('center_axis',(-1.,0.,0.));
#6835=DIRECTION('ref_axis',(0.,0.,1.));
#6836=DIRECTION('center_axis',(0.,0.,1.));
#6837=DIRECTION('ref_axis',(1.,0.,0.));
#6838=DIRECTION('',(0.,1.,0.));
#6839=DIRECTION('',(-1.,0.,0.));
#6840=DIRECTION('',(0.,-1.,0.));
#6841=DIRECTION('',(1.,0.,0.));
#6842=DIRECTION('center_axis',(0.,0.,1.));
#6843=DIRECTION('ref_axis',(1.,0.,0.));
#6844=DIRECTION('',(0.,-1.,0.));
#6845=DIRECTION('',(-1.,0.,0.));
#6846=DIRECTION('',(0.,1.,0.));
#6847=DIRECTION('',(1.,0.,0.));
#6848=DIRECTION('center_axis',(0.,1.,0.));
#6849=DIRECTION('ref_axis',(0.,0.,1.));
#6850=DIRECTION('',(0.,0.,-1.));
#6851=DIRECTION('',(0.,0.,-1.));
#6852=DIRECTION('center_axis',(1.,0.,0.));
#6853=DIRECTION('ref_axis',(0.,0.,-1.));
#6854=DIRECTION('',(0.,0.,-1.));
#6855=DIRECTION('center_axis',(0.,-1.,0.));
#6856=DIRECTION('ref_axis',(0.,0.,-1.));
#6857=DIRECTION('',(0.,0.,-1.));
#6858=DIRECTION('center_axis',(-1.,0.,0.));
#6859=DIRECTION('ref_axis',(0.,0.,1.));
#6860=DIRECTION('center_axis',(0.,0.,1.));
#6861=DIRECTION('ref_axis',(1.,0.,0.));
#6862=DIRECTION('',(0.,1.,0.));
#6863=DIRECTION('',(-1.,0.,0.));
#6864=DIRECTION('',(0.,-1.,0.));
#6865=DIRECTION('',(1.,0.,0.));
#6866=DIRECTION('center_axis',(0.,0.,1.));
#6867=DIRECTION('ref_axis',(1.,0.,0.));
#6868=DIRECTION('',(0.,-1.,0.));
#6869=DIRECTION('',(-1.,0.,0.));
#6870=DIRECTION('',(0.,1.,0.));
#6871=DIRECTION('',(1.,0.,0.));
#6872=DIRECTION('center_axis',(0.,1.,0.));
#6873=DIRECTION('ref_axis',(0.,0.,1.));
#6874=DIRECTION('',(0.,0.,-1.));
#6875=DIRECTION('',(0.,0.,-1.));
#6876=DIRECTION('center_axis',(1.,0.,0.));
#6877=DIRECTION('ref_axis',(0.,0.,-1.));
#6878=DIRECTION('',(0.,0.,-1.));
#6879=DIRECTION('center_axis',(0.,-1.,0.));
#6880=DIRECTION('ref_axis',(0.,0.,-1.));
#6881=DIRECTION('',(0.,0.,-1.));
#6882=DIRECTION('center_axis',(-1.,0.,0.));
#6883=DIRECTION('ref_axis',(0.,0.,1.));
#6884=DIRECTION('center_axis',(0.,0.,1.));
#6885=DIRECTION('ref_axis',(1.,0.,0.));
#6886=DIRECTION('',(0.,1.,0.));
#6887=DIRECTION('',(-1.,0.,0.));
#6888=DIRECTION('',(0.,-1.,0.));
#6889=DIRECTION('',(1.,0.,0.));
#6890=DIRECTION('center_axis',(0.,0.,1.));
#6891=DIRECTION('ref_axis',(1.,0.,0.));
#6892=DIRECTION('',(0.,-1.,0.));
#6893=DIRECTION('',(-1.,0.,0.));
#6894=DIRECTION('',(0.,1.,0.));
#6895=DIRECTION('',(1.,0.,0.));
#6896=DIRECTION('center_axis',(0.,1.,0.));
#6897=DIRECTION('ref_axis',(0.,0.,1.));
#6898=DIRECTION('',(0.,0.,-1.));
#6899=DIRECTION('',(0.,0.,-1.));
#6900=DIRECTION('center_axis',(1.,0.,0.));
#6901=DIRECTION('ref_axis',(0.,0.,-1.));
#6902=DIRECTION('',(0.,0.,-1.));
#6903=DIRECTION('center_axis',(0.,-1.,0.));
#6904=DIRECTION('ref_axis',(0.,0.,-1.));
#6905=DIRECTION('',(0.,0.,-1.));
#6906=DIRECTION('center_axis',(-1.,0.,0.));
#6907=DIRECTION('ref_axis',(0.,0.,1.));
#6908=DIRECTION('center_axis',(0.,0.,1.));
#6909=DIRECTION('ref_axis',(1.,0.,0.));
#6910=DIRECTION('',(0.,1.,0.));
#6911=DIRECTION('',(-1.,0.,0.));
#6912=DIRECTION('',(0.,-1.,0.));
#6913=DIRECTION('',(1.,0.,0.));
#6914=DIRECTION('center_axis',(0.,0.,1.));
#6915=DIRECTION('ref_axis',(1.,0.,0.));
#6916=DIRECTION('',(0.,-1.,0.));
#6917=DIRECTION('',(-1.,0.,0.));
#6918=DIRECTION('',(0.,1.,0.));
#6919=DIRECTION('',(1.,0.,0.));
#6920=DIRECTION('center_axis',(0.,1.,0.));
#6921=DIRECTION('ref_axis',(0.,0.,1.));
#6922=DIRECTION('',(0.,0.,-1.));
#6923=DIRECTION('',(0.,0.,-1.));
#6924=DIRECTION('center_axis',(1.,0.,0.));
#6925=DIRECTION('ref_axis',(0.,0.,-1.));
#6926=DIRECTION('',(0.,0.,-1.));
#6927=DIRECTION('center_axis',(0.,-1.,0.));
#6928=DIRECTION('ref_axis',(0.,0.,-1.));
#6929=DIRECTION('',(0.,0.,-1.));
#6930=DIRECTION('center_axis',(-1.,0.,0.));
#6931=DIRECTION('ref_axis',(0.,0.,1.));
#6932=DIRECTION('center_axis',(0.,0.,1.));
#6933=DIRECTION('ref_axis',(1.,0.,0.));
#6934=DIRECTION('',(0.,1.,0.));
#6935=DIRECTION('',(-1.,0.,0.));
#6936=DIRECTION('',(0.,-1.,0.));
#6937=DIRECTION('',(1.,0.,0.));
#6938=DIRECTION('center_axis',(0.,0.,1.));
#6939=DIRECTION('ref_axis',(1.,0.,0.));
#6940=DIRECTION('',(0.,-1.,0.));
#6941=DIRECTION('',(-1.,0.,0.));
#6942=DIRECTION('',(0.,1.,0.));
#6943=DIRECTION('',(1.,0.,0.));
#6944=DIRECTION('center_axis',(0.,1.,0.));
#6945=DIRECTION('ref_axis',(0.,0.,1.));
#6946=DIRECTION('',(0.,0.,-1.));
#6947=DIRECTION('',(0.,0.,-1.));
#6948=DIRECTION('center_axis',(1.,0.,0.));
#6949=DIRECTION('ref_axis',(0.,0.,-1.));
#6950=DIRECTION('',(0.,0.,-1.));
#6951=DIRECTION('center_axis',(0.,-1.,0.));
#6952=DIRECTION('ref_axis',(0.,0.,-1.));
#6953=DIRECTION('',(0.,0.,-1.));
#6954=DIRECTION('center_axis',(-1.,0.,0.));
#6955=DIRECTION('ref_axis',(0.,0.,1.));
#6956=DIRECTION('center_axis',(0.,0.,1.));
#6957=DIRECTION('ref_axis',(1.,0.,0.));
#6958=DIRECTION('',(0.,1.,0.));
#6959=DIRECTION('',(-1.,0.,0.));
#6960=DIRECTION('',(0.,-1.,0.));
#6961=DIRECTION('',(1.,0.,0.));
#6962=DIRECTION('center_axis',(0.,0.,1.));
#6963=DIRECTION('ref_axis',(1.,0.,0.));
#6964=DIRECTION('',(0.,-1.,0.));
#6965=DIRECTION('',(-1.,0.,0.));
#6966=DIRECTION('',(0.,1.,0.));
#6967=DIRECTION('',(1.,0.,0.));
#6968=DIRECTION('center_axis',(0.,1.,0.));
#6969=DIRECTION('ref_axis',(0.,0.,1.));
#6970=DIRECTION('',(0.,0.,-1.));
#6971=DIRECTION('',(0.,0.,-1.));
#6972=DIRECTION('center_axis',(1.,0.,0.));
#6973=DIRECTION('ref_axis',(0.,0.,-1.));
#6974=DIRECTION('',(0.,0.,-1.));
#6975=DIRECTION('center_axis',(0.,-1.,0.));
#6976=DIRECTION('ref_axis',(0.,0.,-1.));
#6977=DIRECTION('',(0.,0.,-1.));
#6978=DIRECTION('center_axis',(-1.,0.,0.));
#6979=DIRECTION('ref_axis',(0.,0.,1.));
#6980=DIRECTION('center_axis',(0.,0.,1.));
#6981=DIRECTION('ref_axis',(1.,0.,0.));
#6982=DIRECTION('',(0.,1.,0.));
#6983=DIRECTION('',(-1.,0.,0.));
#6984=DIRECTION('',(0.,-1.,0.));
#6985=DIRECTION('',(1.,0.,0.));
#6986=DIRECTION('center_axis',(0.,0.,1.));
#6987=DIRECTION('ref_axis',(1.,0.,0.));
#6988=DIRECTION('',(0.,-1.,0.));
#6989=DIRECTION('',(-1.,0.,0.));
#6990=DIRECTION('',(0.,1.,0.));
#6991=DIRECTION('',(1.,0.,0.));
#6992=DIRECTION('center_axis',(0.,1.,0.));
#6993=DIRECTION('ref_axis',(0.,0.,1.));
#6994=DIRECTION('',(0.,0.,-1.));
#6995=DIRECTION('',(0.,0.,-1.));
#6996=DIRECTION('center_axis',(1.,0.,0.));
#6997=DIRECTION('ref_axis',(0.,0.,-1.));
#6998=DIRECTION('',(0.,0.,-1.));
#6999=DIRECTION('center_axis',(0.,-1.,0.));
#7000=DIRECTION('ref_axis',(0.,0.,-1.));
#7001=DIRECTION('',(0.,0.,-1.));
#7002=DIRECTION('center_axis',(-1.,0.,0.));
#7003=DIRECTION('ref_axis',(0.,0.,1.));
#7004=DIRECTION('center_axis',(0.,0.,1.));
#7005=DIRECTION('ref_axis',(1.,0.,0.));
#7006=DIRECTION('',(0.,1.,0.));
#7007=DIRECTION('',(-1.,0.,0.));
#7008=DIRECTION('',(0.,-1.,0.));
#7009=DIRECTION('',(1.,0.,0.));
#7010=DIRECTION('center_axis',(0.,0.,1.));
#7011=DIRECTION('ref_axis',(1.,0.,0.));
#7012=DIRECTION('',(0.,-1.,0.));
#7013=DIRECTION('',(-1.,0.,0.));
#7014=DIRECTION('',(0.,1.,0.));
#7015=DIRECTION('',(1.,0.,0.));
#7016=DIRECTION('center_axis',(0.,1.,0.));
#7017=DIRECTION('ref_axis',(0.,0.,1.));
#7018=DIRECTION('',(0.,0.,-1.));
#7019=DIRECTION('',(0.,0.,-1.));
#7020=DIRECTION('center_axis',(1.,0.,0.));
#7021=DIRECTION('ref_axis',(0.,0.,-1.));
#7022=DIRECTION('',(0.,0.,-1.));
#7023=DIRECTION('center_axis',(0.,-1.,0.));
#7024=DIRECTION('ref_axis',(0.,0.,-1.));
#7025=DIRECTION('',(0.,0.,-1.));
#7026=DIRECTION('center_axis',(-1.,0.,0.));
#7027=DIRECTION('ref_axis',(0.,0.,1.));
#7028=CARTESIAN_POINT('',(0.,0.,0.));
#7029=CARTESIAN_POINT('Origin',(1.27,2.286,0.76));
#7030=CARTESIAN_POINT('',(2.667,-0.127,0.76));
#7031=CARTESIAN_POINT('',(2.667,4.699,0.76));
#7032=CARTESIAN_POINT('',(2.667,2.286,0.76));
#7033=CARTESIAN_POINT('',(-0.127,4.699,0.76));
#7034=CARTESIAN_POINT('',(1.27,4.699,0.76));
#7035=CARTESIAN_POINT('',(-0.127,-0.127,0.76));
#7036=CARTESIAN_POINT('',(-0.127,2.286,0.76));
#7037=CARTESIAN_POINT('',(1.27,-0.127,0.76));
#7038=CARTESIAN_POINT('Origin',(1.27,2.286,0.6));
#7039=CARTESIAN_POINT('',(2.667,4.699,0.6));
#7040=CARTESIAN_POINT('',(2.667,-0.127,0.6));
#7041=CARTESIAN_POINT('',(2.667,2.286,0.6));
#7042=CARTESIAN_POINT('',(-0.127,-0.127,0.6));
#7043=CARTESIAN_POINT('',(1.27,-0.127,0.6));
#7044=CARTESIAN_POINT('',(-0.127,4.699,0.6));
#7045=CARTESIAN_POINT('',(-0.127,2.286,0.6));
#7046=CARTESIAN_POINT('',(1.27,4.699,0.6));
#7047=CARTESIAN_POINT('Origin',(1.27,-0.127,0.68));
#7048=CARTESIAN_POINT('',(-0.127,-0.127,0.68));
#7049=CARTESIAN_POINT('',(2.667,-0.127,0.68));
#7050=CARTESIAN_POINT('Origin',(-0.127,2.286,0.68));
#7051=CARTESIAN_POINT('',(-0.127,4.699,0.68));
#7052=CARTESIAN_POINT('Origin',(1.27,4.699,0.68));
#7053=CARTESIAN_POINT('',(2.667,4.699,0.68));
#7054=CARTESIAN_POINT('Origin',(2.667,2.286,0.68));
#7055=CARTESIAN_POINT('Origin',(1.24,0.848,1.06));
#7056=CARTESIAN_POINT('',(2.14,-0.127,1.06));
#7057=CARTESIAN_POINT('',(2.14,1.823,1.06));
#7058=CARTESIAN_POINT('',(2.14,0.848,1.06));
#7059=CARTESIAN_POINT('',(0.34,1.823,1.06));
#7060=CARTESIAN_POINT('',(1.24,1.823,1.06));
#7061=CARTESIAN_POINT('',(0.34,-0.127,1.06));
#7062=CARTESIAN_POINT('',(0.34,0.848,1.06));
#7063=CARTESIAN_POINT('',(1.24,-0.127,1.06));
#7064=CARTESIAN_POINT('Origin',(1.24,0.848,0.76));
#7065=CARTESIAN_POINT('',(2.14,1.823,0.76));
#7066=CARTESIAN_POINT('',(2.14,-0.127,0.76));
#7067=CARTESIAN_POINT('',(2.14,0.848,0.76));
#7068=CARTESIAN_POINT('',(0.34,-0.127,0.76));
#7069=CARTESIAN_POINT('',(1.24,-0.127,0.76));
#7070=CARTESIAN_POINT('',(0.34,1.823,0.76));
#7071=CARTESIAN_POINT('',(0.34,0.848,0.76));
#7072=CARTESIAN_POINT('',(1.24,1.823,0.76));
#7073=CARTESIAN_POINT('Origin',(1.24,-0.127,0.91));
#7074=CARTESIAN_POINT('',(0.34,-0.127,0.91));
#7075=CARTESIAN_POINT('',(2.14,-0.127,0.91));
#7076=CARTESIAN_POINT('Origin',(0.34,0.848,0.91));
#7077=CARTESIAN_POINT('',(0.34,1.823,0.91));
#7078=CARTESIAN_POINT('Origin',(1.24,1.823,0.91));
#7079=CARTESIAN_POINT('',(2.14,1.823,0.91));
#7080=CARTESIAN_POINT('Origin',(2.14,0.848,0.91));
#7081=CARTESIAN_POINT('Origin',(1.24,-0.4305,0.84));
#7082=CARTESIAN_POINT('',(2.14,-0.734,0.84));
#7083=CARTESIAN_POINT('',(2.14,-0.127,0.84));
#7084=CARTESIAN_POINT('',(2.14,-0.4305,0.84));
#7085=CARTESIAN_POINT('',(0.34,-0.127,0.84));
#7086=CARTESIAN_POINT('',(1.24,-0.127,0.84));
#7087=CARTESIAN_POINT('',(0.34,-0.734,0.84));
#7088=CARTESIAN_POINT('',(0.34,-0.4305,0.84));
#7089=CARTESIAN_POINT('',(1.24,-0.734,0.84));
#7090=CARTESIAN_POINT('Origin',(1.24,-0.4305,0.76));
#7091=CARTESIAN_POINT('',(2.14,-0.127,0.76));
#7092=CARTESIAN_POINT('',(2.14,-0.734,0.76));
#7093=CARTESIAN_POINT('',(2.14,-0.4305,0.76));
#7094=CARTESIAN_POINT('',(0.34,-0.734,0.76));
#7095=CARTESIAN_POINT('',(1.24,-0.734,0.76));
#7096=CARTESIAN_POINT('',(0.34,-0.127,0.76));
#7097=CARTESIAN_POINT('',(0.34,-0.4305,0.76));
#7098=CARTESIAN_POINT('',(1.24,-0.127,0.76));
#7099=CARTESIAN_POINT('Origin',(1.24,-0.734,0.8));
#7100=CARTESIAN_POINT('',(0.34,-0.734,0.8));
#7101=CARTESIAN_POINT('',(2.14,-0.734,0.8));
#7102=CARTESIAN_POINT('Origin',(0.34,-0.4305,0.8));
#7103=CARTESIAN_POINT('',(0.34,-0.127,0.8));
#7104=CARTESIAN_POINT('Origin',(1.24,-0.127,0.8));
#7105=CARTESIAN_POINT('',(2.14,-0.127,0.8));
#7106=CARTESIAN_POINT('Origin',(2.14,-0.4305,0.8));
#7107=CARTESIAN_POINT('Origin',(0.5,-0.45,0.844));
#7108=CARTESIAN_POINT('',(0.55,-0.65,0.844));
#7109=CARTESIAN_POINT('',(0.55,-0.25,0.844));
#7110=CARTESIAN_POINT('',(0.55,-0.45,0.844));
#7111=CARTESIAN_POINT('',(0.45,-0.25,0.844));
#7112=CARTESIAN_POINT('',(0.5,-0.25,0.844));
#7113=CARTESIAN_POINT('',(0.45,-0.65,0.844));
#7114=CARTESIAN_POINT('',(0.45,-0.45,0.844));
#7115=CARTESIAN_POINT('',(0.5,-0.65,0.844));
#7116=CARTESIAN_POINT('Origin',(0.5,-0.45,0.84));
#7117=CARTESIAN_POINT('',(0.55,-0.25,0.84));
#7118=CARTESIAN_POINT('',(0.55,-0.65,0.84));
#7119=CARTESIAN_POINT('',(0.55,-0.45,0.84));
#7120=CARTESIAN_POINT('',(0.45,-0.65,0.84));
#7121=CARTESIAN_POINT('',(0.5,-0.65,0.84));
#7122=CARTESIAN_POINT('',(0.45,-0.25,0.84));
#7123=CARTESIAN_POINT('',(0.45,-0.45,0.84));
#7124=CARTESIAN_POINT('',(0.5,-0.25,0.84));
#7125=CARTESIAN_POINT('Origin',(0.5,-0.65,0.842));
#7126=CARTESIAN_POINT('',(0.45,-0.65,0.842));
#7127=CARTESIAN_POINT('',(0.55,-0.65,0.842));
#7128=CARTESIAN_POINT('Origin',(0.45,-0.45,0.842));
#7129=CARTESIAN_POINT('',(0.45,-0.25,0.842));
#7130=CARTESIAN_POINT('Origin',(0.5,-0.25,0.842));
#7131=CARTESIAN_POINT('',(0.55,-0.25,0.842));
#7132=CARTESIAN_POINT('Origin',(0.55,-0.45,0.842));
#7133=CARTESIAN_POINT('Origin',(0.8,-0.45,0.844));
#7134=CARTESIAN_POINT('',(0.85,-0.65,0.844));
#7135=CARTESIAN_POINT('',(0.85,-0.25,0.844));
#7136=CARTESIAN_POINT('',(0.85,-0.45,0.844));
#7137=CARTESIAN_POINT('',(0.75,-0.25,0.844));
#7138=CARTESIAN_POINT('',(0.8,-0.25,0.844));
#7139=CARTESIAN_POINT('',(0.75,-0.65,0.844));
#7140=CARTESIAN_POINT('',(0.75,-0.45,0.844));
#7141=CARTESIAN_POINT('',(0.8,-0.65,0.844));
#7142=CARTESIAN_POINT('Origin',(0.8,-0.45,0.84));
#7143=CARTESIAN_POINT('',(0.85,-0.25,0.84));
#7144=CARTESIAN_POINT('',(0.85,-0.65,0.84));
#7145=CARTESIAN_POINT('',(0.85,-0.45,0.84));
#7146=CARTESIAN_POINT('',(0.75,-0.65,0.84));
#7147=CARTESIAN_POINT('',(0.8,-0.65,0.84));
#7148=CARTESIAN_POINT('',(0.75,-0.25,0.84));
#7149=CARTESIAN_POINT('',(0.75,-0.45,0.84));
#7150=CARTESIAN_POINT('',(0.8,-0.25,0.84));
#7151=CARTESIAN_POINT('Origin',(0.8,-0.65,0.842));
#7152=CARTESIAN_POINT('',(0.75,-0.65,0.842));
#7153=CARTESIAN_POINT('',(0.85,-0.65,0.842));
#7154=CARTESIAN_POINT('Origin',(0.75,-0.45,0.842));
#7155=CARTESIAN_POINT('',(0.75,-0.25,0.842));
#7156=CARTESIAN_POINT('Origin',(0.8,-0.25,0.842));
#7157=CARTESIAN_POINT('',(0.85,-0.25,0.842));
#7158=CARTESIAN_POINT('Origin',(0.85,-0.45,0.842));
#7159=CARTESIAN_POINT('Origin',(1.1,-0.45,0.844));
#7160=CARTESIAN_POINT('',(1.15,-0.65,0.844));
#7161=CARTESIAN_POINT('',(1.15,-0.25,0.844));
#7162=CARTESIAN_POINT('',(1.15,-0.45,0.844));
#7163=CARTESIAN_POINT('',(1.05,-0.25,0.844));
#7164=CARTESIAN_POINT('',(1.1,-0.25,0.844));
#7165=CARTESIAN_POINT('',(1.05,-0.65,0.844));
#7166=CARTESIAN_POINT('',(1.05,-0.45,0.844));
#7167=CARTESIAN_POINT('',(1.1,-0.65,0.844));
#7168=CARTESIAN_POINT('Origin',(1.1,-0.45,0.84));
#7169=CARTESIAN_POINT('',(1.15,-0.25,0.84));
#7170=CARTESIAN_POINT('',(1.15,-0.65,0.84));
#7171=CARTESIAN_POINT('',(1.15,-0.45,0.84));
#7172=CARTESIAN_POINT('',(1.05,-0.65,0.84));
#7173=CARTESIAN_POINT('',(1.1,-0.65,0.84));
#7174=CARTESIAN_POINT('',(1.05,-0.25,0.84));
#7175=CARTESIAN_POINT('',(1.05,-0.45,0.84));
#7176=CARTESIAN_POINT('',(1.1,-0.25,0.84));
#7177=CARTESIAN_POINT('Origin',(1.1,-0.65,0.842));
#7178=CARTESIAN_POINT('',(1.05,-0.65,0.842));
#7179=CARTESIAN_POINT('',(1.15,-0.65,0.842));
#7180=CARTESIAN_POINT('Origin',(1.05,-0.45,0.842));
#7181=CARTESIAN_POINT('',(1.05,-0.25,0.842));
#7182=CARTESIAN_POINT('Origin',(1.1,-0.25,0.842));
#7183=CARTESIAN_POINT('',(1.15,-0.25,0.842));
#7184=CARTESIAN_POINT('Origin',(1.15,-0.45,0.842));
#7185=CARTESIAN_POINT('Origin',(1.4,-0.45,0.844));
#7186=CARTESIAN_POINT('',(1.45,-0.65,0.844));
#7187=CARTESIAN_POINT('',(1.45,-0.25,0.844));
#7188=CARTESIAN_POINT('',(1.45,-0.45,0.844));
#7189=CARTESIAN_POINT('',(1.35,-0.25,0.844));
#7190=CARTESIAN_POINT('',(1.4,-0.25,0.844));
#7191=CARTESIAN_POINT('',(1.35,-0.65,0.844));
#7192=CARTESIAN_POINT('',(1.35,-0.45,0.844));
#7193=CARTESIAN_POINT('',(1.4,-0.65,0.844));
#7194=CARTESIAN_POINT('Origin',(1.4,-0.45,0.84));
#7195=CARTESIAN_POINT('',(1.45,-0.25,0.84));
#7196=CARTESIAN_POINT('',(1.45,-0.65,0.84));
#7197=CARTESIAN_POINT('',(1.45,-0.45,0.84));
#7198=CARTESIAN_POINT('',(1.35,-0.65,0.84));
#7199=CARTESIAN_POINT('',(1.4,-0.65,0.84));
#7200=CARTESIAN_POINT('',(1.35,-0.25,0.84));
#7201=CARTESIAN_POINT('',(1.35,-0.45,0.84));
#7202=CARTESIAN_POINT('',(1.4,-0.25,0.84));
#7203=CARTESIAN_POINT('Origin',(1.4,-0.65,0.842));
#7204=CARTESIAN_POINT('',(1.35,-0.65,0.842));
#7205=CARTESIAN_POINT('',(1.45,-0.65,0.842));
#7206=CARTESIAN_POINT('Origin',(1.35,-0.45,0.842));
#7207=CARTESIAN_POINT('',(1.35,-0.25,0.842));
#7208=CARTESIAN_POINT('Origin',(1.4,-0.25,0.842));
#7209=CARTESIAN_POINT('',(1.45,-0.25,0.842));
#7210=CARTESIAN_POINT('Origin',(1.45,-0.45,0.842));
#7211=CARTESIAN_POINT('Origin',(1.7,-0.45,0.844));
#7212=CARTESIAN_POINT('',(1.75,-0.65,0.844));
#7213=CARTESIAN_POINT('',(1.75,-0.25,0.844));
#7214=CARTESIAN_POINT('',(1.75,-0.45,0.844));
#7215=CARTESIAN_POINT('',(1.65,-0.25,0.844));
#7216=CARTESIAN_POINT('',(1.7,-0.25,0.844));
#7217=CARTESIAN_POINT('',(1.65,-0.65,0.844));
#7218=CARTESIAN_POINT('',(1.65,-0.45,0.844));
#7219=CARTESIAN_POINT('',(1.7,-0.65,0.844));
#7220=CARTESIAN_POINT('Origin',(1.7,-0.45,0.84));
#7221=CARTESIAN_POINT('',(1.75,-0.25,0.84));
#7222=CARTESIAN_POINT('',(1.75,-0.65,0.84));
#7223=CARTESIAN_POINT('',(1.75,-0.45,0.84));
#7224=CARTESIAN_POINT('',(1.65,-0.65,0.84));
#7225=CARTESIAN_POINT('',(1.7,-0.65,0.84));
#7226=CARTESIAN_POINT('',(1.65,-0.25,0.84));
#7227=CARTESIAN_POINT('',(1.65,-0.45,0.84));
#7228=CARTESIAN_POINT('',(1.7,-0.25,0.84));
#7229=CARTESIAN_POINT('Origin',(1.7,-0.65,0.842));
#7230=CARTESIAN_POINT('',(1.65,-0.65,0.842));
#7231=CARTESIAN_POINT('',(1.75,-0.65,0.842));
#7232=CARTESIAN_POINT('Origin',(1.65,-0.45,0.842));
#7233=CARTESIAN_POINT('',(1.65,-0.25,0.842));
#7234=CARTESIAN_POINT('Origin',(1.7,-0.25,0.842));
#7235=CARTESIAN_POINT('',(1.75,-0.25,0.842));
#7236=CARTESIAN_POINT('Origin',(1.75,-0.45,0.842));
#7237=CARTESIAN_POINT('Origin',(1.27,4.6,1.06));
#7238=CARTESIAN_POINT('',(1.74,4.35,1.06));
#7239=CARTESIAN_POINT('',(1.74,4.85,1.06));
#7240=CARTESIAN_POINT('',(1.74,4.6,1.06));
#7241=CARTESIAN_POINT('',(0.8,4.85,1.06));
#7242=CARTESIAN_POINT('',(1.27,4.85,1.06));
#7243=CARTESIAN_POINT('',(0.8,4.35,1.06));
#7244=CARTESIAN_POINT('',(0.8,4.6,1.06));
#7245=CARTESIAN_POINT('',(1.27,4.35,1.06));
#7246=CARTESIAN_POINT('Origin',(1.27,4.6,0.76));
#7247=CARTESIAN_POINT('',(1.74,4.85,0.76));
#7248=CARTESIAN_POINT('',(1.74,4.35,0.76));
#7249=CARTESIAN_POINT('',(1.74,4.6,0.76));
#7250=CARTESIAN_POINT('',(0.8,4.35,0.76));
#7251=CARTESIAN_POINT('',(1.27,4.35,0.76));
#7252=CARTESIAN_POINT('',(0.8,4.85,0.76));
#7253=CARTESIAN_POINT('',(0.8,4.6,0.76));
#7254=CARTESIAN_POINT('',(1.27,4.85,0.76));
#7255=CARTESIAN_POINT('Origin',(1.27,4.35,0.91));
#7256=CARTESIAN_POINT('',(0.8,4.35,0.91));
#7257=CARTESIAN_POINT('',(1.74,4.35,0.91));
#7258=CARTESIAN_POINT('Origin',(0.8,4.6,0.91));
#7259=CARTESIAN_POINT('',(0.8,4.85,0.91));
#7260=CARTESIAN_POINT('Origin',(1.27,4.85,0.91));
#7261=CARTESIAN_POINT('',(1.74,4.85,0.91));
#7262=CARTESIAN_POINT('Origin',(1.74,4.6,0.91));
#7263=CARTESIAN_POINT('Origin',(1.27,4.853,0.99));
#7264=CARTESIAN_POINT('',(1.64,4.851,0.99));
#7265=CARTESIAN_POINT('',(1.64,4.855,0.99));
#7266=CARTESIAN_POINT('',(1.64,4.853,0.99));
#7267=CARTESIAN_POINT('',(0.9,4.855,0.99));
#7268=CARTESIAN_POINT('',(1.27,4.855,0.99));
#7269=CARTESIAN_POINT('',(0.9,4.851,0.99));
#7270=CARTESIAN_POINT('',(0.9,4.853,0.99));
#7271=CARTESIAN_POINT('',(1.27,4.851,0.99));
#7272=CARTESIAN_POINT('Origin',(1.27,4.853,0.81));
#7273=CARTESIAN_POINT('',(1.64,4.855,0.81));
#7274=CARTESIAN_POINT('',(1.64,4.851,0.81));
#7275=CARTESIAN_POINT('',(1.64,4.853,0.81));
#7276=CARTESIAN_POINT('',(0.9,4.851,0.81));
#7277=CARTESIAN_POINT('',(1.27,4.851,0.81));
#7278=CARTESIAN_POINT('',(0.9,4.855,0.81));
#7279=CARTESIAN_POINT('',(0.9,4.853,0.81));
#7280=CARTESIAN_POINT('',(1.27,4.855,0.81));
#7281=CARTESIAN_POINT('Origin',(1.27,4.851,0.9));
#7282=CARTESIAN_POINT('',(0.9,4.851,0.9));
#7283=CARTESIAN_POINT('',(1.64,4.851,0.9));
#7284=CARTESIAN_POINT('Origin',(0.9,4.853,0.9));
#7285=CARTESIAN_POINT('',(0.9,4.855,0.9));
#7286=CARTESIAN_POINT('Origin',(1.27,4.855,0.9));
#7287=CARTESIAN_POINT('',(1.64,4.855,0.9));
#7288=CARTESIAN_POINT('Origin',(1.64,4.853,0.9));
#7289=CARTESIAN_POINT('Origin',(0.4,3.85,0.92));
#7290=CARTESIAN_POINT('',(0.55,3.65,0.92));
#7291=CARTESIAN_POINT('',(0.55,4.05,0.92));
#7292=CARTESIAN_POINT('',(0.55,3.85,0.92));
#7293=CARTESIAN_POINT('',(0.25,4.05,0.92));
#7294=CARTESIAN_POINT('',(0.4,4.05,0.92));
#7295=CARTESIAN_POINT('',(0.25,3.65,0.92));
#7296=CARTESIAN_POINT('',(0.25,3.85,0.92));
#7297=CARTESIAN_POINT('',(0.4,3.65,0.92));
#7298=CARTESIAN_POINT('Origin',(0.4,3.85,0.76));
#7299=CARTESIAN_POINT('',(0.55,4.05,0.76));
#7300=CARTESIAN_POINT('',(0.55,3.65,0.76));
#7301=CARTESIAN_POINT('',(0.55,3.85,0.76));
#7302=CARTESIAN_POINT('',(0.25,3.65,0.76));
#7303=CARTESIAN_POINT('',(0.4,3.65,0.76));
#7304=CARTESIAN_POINT('',(0.25,4.05,0.76));
#7305=CARTESIAN_POINT('',(0.25,3.85,0.76));
#7306=CARTESIAN_POINT('',(0.4,4.05,0.76));
#7307=CARTESIAN_POINT('Origin',(0.4,3.65,0.84));
#7308=CARTESIAN_POINT('',(0.25,3.65,0.84));
#7309=CARTESIAN_POINT('',(0.55,3.65,0.84));
#7310=CARTESIAN_POINT('Origin',(0.25,3.85,0.84));
#7311=CARTESIAN_POINT('',(0.25,4.05,0.84));
#7312=CARTESIAN_POINT('Origin',(0.4,4.05,0.84));
#7313=CARTESIAN_POINT('',(0.55,4.05,0.84));
#7314=CARTESIAN_POINT('Origin',(0.55,3.85,0.84));
#7315=CARTESIAN_POINT('Origin',(0.4,3.85,0.97));
#7316=CARTESIAN_POINT('',(0.5,3.7,0.97));
#7317=CARTESIAN_POINT('',(0.5,4.,0.97));
#7318=CARTESIAN_POINT('',(0.5,3.85,0.97));
#7319=CARTESIAN_POINT('',(0.3,4.,0.97));
#7320=CARTESIAN_POINT('',(0.4,4.,0.97));
#7321=CARTESIAN_POINT('',(0.3,3.7,0.97));
#7322=CARTESIAN_POINT('',(0.3,3.85,0.97));
#7323=CARTESIAN_POINT('',(0.4,3.7,0.97));
#7324=CARTESIAN_POINT('Origin',(0.4,3.85,0.92));
#7325=CARTESIAN_POINT('',(0.5,4.,0.92));
#7326=CARTESIAN_POINT('',(0.5,3.7,0.92));
#7327=CARTESIAN_POINT('',(0.5,3.85,0.92));
#7328=CARTESIAN_POINT('',(0.3,3.7,0.92));
#7329=CARTESIAN_POINT('',(0.4,3.7,0.92));
#7330=CARTESIAN_POINT('',(0.3,4.,0.92));
#7331=CARTESIAN_POINT('',(0.3,3.85,0.92));
#7332=CARTESIAN_POINT('',(0.4,4.,0.92));
#7333=CARTESIAN_POINT('Origin',(0.4,3.7,0.945));
#7334=CARTESIAN_POINT('',(0.3,3.7,0.945));
#7335=CARTESIAN_POINT('',(0.5,3.7,0.945));
#7336=CARTESIAN_POINT('Origin',(0.3,3.85,0.945));
#7337=CARTESIAN_POINT('',(0.3,4.,0.945));
#7338=CARTESIAN_POINT('Origin',(0.4,4.,0.945));
#7339=CARTESIAN_POINT('',(0.5,4.,0.945));
#7340=CARTESIAN_POINT('Origin',(0.5,3.85,0.945));
#7341=CARTESIAN_POINT('Origin',(2.35,3.85,0.92));
#7342=CARTESIAN_POINT('',(2.5,3.65,0.92));
#7343=CARTESIAN_POINT('',(2.5,4.05,0.92));
#7344=CARTESIAN_POINT('',(2.5,3.85,0.92));
#7345=CARTESIAN_POINT('',(2.2,4.05,0.92));
#7346=CARTESIAN_POINT('',(2.35,4.05,0.92));
#7347=CARTESIAN_POINT('',(2.2,3.65,0.92));
#7348=CARTESIAN_POINT('',(2.2,3.85,0.92));
#7349=CARTESIAN_POINT('',(2.35,3.65,0.92));
#7350=CARTESIAN_POINT('Origin',(2.35,3.85,0.76));
#7351=CARTESIAN_POINT('',(2.5,4.05,0.76));
#7352=CARTESIAN_POINT('',(2.5,3.65,0.76));
#7353=CARTESIAN_POINT('',(2.5,3.85,0.76));
#7354=CARTESIAN_POINT('',(2.2,3.65,0.76));
#7355=CARTESIAN_POINT('',(2.35,3.65,0.76));
#7356=CARTESIAN_POINT('',(2.2,4.05,0.76));
#7357=CARTESIAN_POINT('',(2.2,3.85,0.76));
#7358=CARTESIAN_POINT('',(2.35,4.05,0.76));
#7359=CARTESIAN_POINT('Origin',(2.35,3.65,0.84));
#7360=CARTESIAN_POINT('',(2.2,3.65,0.84));
#7361=CARTESIAN_POINT('',(2.5,3.65,0.84));
#7362=CARTESIAN_POINT('Origin',(2.2,3.85,0.84));
#7363=CARTESIAN_POINT('',(2.2,4.05,0.84));
#7364=CARTESIAN_POINT('Origin',(2.35,4.05,0.84));
#7365=CARTESIAN_POINT('',(2.5,4.05,0.84));
#7366=CARTESIAN_POINT('Origin',(2.5,3.85,0.84));
#7367=CARTESIAN_POINT('Origin',(2.35,3.85,0.97));
#7368=CARTESIAN_POINT('',(2.45,3.7,0.97));
#7369=CARTESIAN_POINT('',(2.45,4.,0.97));
#7370=CARTESIAN_POINT('',(2.45,3.85,0.97));
#7371=CARTESIAN_POINT('',(2.25,4.,0.97));
#7372=CARTESIAN_POINT('',(2.35,4.,0.97));
#7373=CARTESIAN_POINT('',(2.25,3.7,0.97));
#7374=CARTESIAN_POINT('',(2.25,3.85,0.97));
#7375=CARTESIAN_POINT('',(2.35,3.7,0.97));
#7376=CARTESIAN_POINT('Origin',(2.35,3.85,0.92));
#7377=CARTESIAN_POINT('',(2.45,4.,0.92));
#7378=CARTESIAN_POINT('',(2.45,3.7,0.92));
#7379=CARTESIAN_POINT('',(2.45,3.85,0.92));
#7380=CARTESIAN_POINT('',(2.25,3.7,0.92));
#7381=CARTESIAN_POINT('',(2.35,3.7,0.92));
#7382=CARTESIAN_POINT('',(2.25,4.,0.92));
#7383=CARTESIAN_POINT('',(2.25,3.85,0.92));
#7384=CARTESIAN_POINT('',(2.35,4.,0.92));
#7385=CARTESIAN_POINT('Origin',(2.35,3.7,0.945));
#7386=CARTESIAN_POINT('',(2.25,3.7,0.945));
#7387=CARTESIAN_POINT('',(2.45,3.7,0.945));
#7388=CARTESIAN_POINT('Origin',(2.25,3.85,0.945));
#7389=CARTESIAN_POINT('',(2.25,4.,0.945));
#7390=CARTESIAN_POINT('Origin',(2.35,4.,0.945));
#7391=CARTESIAN_POINT('',(2.45,4.,0.945));
#7392=CARTESIAN_POINT('Origin',(2.45,3.85,0.945));
#7393=CARTESIAN_POINT('Origin',(1.15,3.15,0.86));
#7394=CARTESIAN_POINT('',(1.4,2.9,0.86));
#7395=CARTESIAN_POINT('',(1.4,3.4,0.86));
#7396=CARTESIAN_POINT('',(1.4,3.15,0.86));
#7397=CARTESIAN_POINT('',(0.9,3.4,0.86));
#7398=CARTESIAN_POINT('',(1.15,3.4,0.86));
#7399=CARTESIAN_POINT('',(0.9,2.9,0.86));
#7400=CARTESIAN_POINT('',(0.9,3.15,0.86));
#7401=CARTESIAN_POINT('',(1.15,2.9,0.86));
#7402=CARTESIAN_POINT('Origin',(1.15,3.15,0.76));
#7403=CARTESIAN_POINT('',(1.4,3.4,0.76));
#7404=CARTESIAN_POINT('',(1.4,2.9,0.76));
#7405=CARTESIAN_POINT('',(1.4,3.15,0.76));
#7406=CARTESIAN_POINT('',(0.9,2.9,0.76));
#7407=CARTESIAN_POINT('',(1.15,2.9,0.76));
#7408=CARTESIAN_POINT('',(0.9,3.4,0.76));
#7409=CARTESIAN_POINT('',(0.9,3.15,0.76));
#7410=CARTESIAN_POINT('',(1.15,3.4,0.76));
#7411=CARTESIAN_POINT('Origin',(1.15,2.9,0.81));
#7412=CARTESIAN_POINT('',(0.9,2.9,0.81));
#7413=CARTESIAN_POINT('',(1.4,2.9,0.81));
#7414=CARTESIAN_POINT('Origin',(0.9,3.15,0.81));
#7415=CARTESIAN_POINT('',(0.9,3.4,0.81));
#7416=CARTESIAN_POINT('Origin',(1.15,3.4,0.81));
#7417=CARTESIAN_POINT('',(1.4,3.4,0.81));
#7418=CARTESIAN_POINT('Origin',(1.4,3.15,0.81));
#7419=CARTESIAN_POINT('Origin',(0.5,2.75,0.91));
#7420=CARTESIAN_POINT('',(0.7,2.5,0.91));
#7421=CARTESIAN_POINT('',(0.7,3.,0.91));
#7422=CARTESIAN_POINT('',(0.7,2.75,0.91));
#7423=CARTESIAN_POINT('',(0.3,3.,0.91));
#7424=CARTESIAN_POINT('',(0.5,3.,0.91));
#7425=CARTESIAN_POINT('',(0.3,2.5,0.91));
#7426=CARTESIAN_POINT('',(0.3,2.75,0.91));
#7427=CARTESIAN_POINT('',(0.5,2.5,0.91));
#7428=CARTESIAN_POINT('Origin',(0.5,2.75,0.76));
#7429=CARTESIAN_POINT('',(0.7,3.,0.76));
#7430=CARTESIAN_POINT('',(0.7,2.5,0.76));
#7431=CARTESIAN_POINT('',(0.7,2.75,0.76));
#7432=CARTESIAN_POINT('',(0.3,2.5,0.76));
#7433=CARTESIAN_POINT('',(0.5,2.5,0.76));
#7434=CARTESIAN_POINT('',(0.3,3.,0.76));
#7435=CARTESIAN_POINT('',(0.3,2.75,0.76));
#7436=CARTESIAN_POINT('',(0.5,3.,0.76));
#7437=CARTESIAN_POINT('Origin',(0.5,2.5,0.835));
#7438=CARTESIAN_POINT('',(0.3,2.5,0.835));
#7439=CARTESIAN_POINT('',(0.7,2.5,0.835));
#7440=CARTESIAN_POINT('Origin',(0.3,2.75,0.835));
#7441=CARTESIAN_POINT('',(0.3,3.,0.835));
#7442=CARTESIAN_POINT('Origin',(0.5,3.,0.835));
#7443=CARTESIAN_POINT('',(0.7,3.,0.835));
#7444=CARTESIAN_POINT('Origin',(0.7,2.75,0.835));
#7445=CARTESIAN_POINT('Origin',(0.,2.286,0.6));
#7446=CARTESIAN_POINT('',(0.127,-0.127,0.6));
#7447=CARTESIAN_POINT('',(0.127,4.699,0.6));
#7448=CARTESIAN_POINT('',(0.127,2.286,0.6));
#7449=CARTESIAN_POINT('',(-0.127,4.699,0.6));
#7450=CARTESIAN_POINT('',(0.,4.699,0.6));
#7451=CARTESIAN_POINT('',(-0.127,-0.127,0.6));
#7452=CARTESIAN_POINT('',(-0.127,2.286,0.6));
#7453=CARTESIAN_POINT('',(0.,-0.127,0.6));
#7454=CARTESIAN_POINT('Origin',(0.,2.286,0.));
#7455=CARTESIAN_POINT('',(0.127,4.699,0.));
#7456=CARTESIAN_POINT('',(0.127,-0.127,0.));
#7457=CARTESIAN_POINT('',(0.127,2.286,0.));
#7458=CARTESIAN_POINT('',(-0.127,-0.127,0.));
#7459=CARTESIAN_POINT('',(0.,-0.127,0.));
#7460=CARTESIAN_POINT('',(-0.127,4.699,0.));
#7461=CARTESIAN_POINT('',(-0.127,2.286,0.));
#7462=CARTESIAN_POINT('',(0.,4.699,0.));
#7463=CARTESIAN_POINT('Origin',(0.,-0.127,0.3));
#7464=CARTESIAN_POINT('',(-0.127,-0.127,0.3));
#7465=CARTESIAN_POINT('',(0.127,-0.127,0.3));
#7466=CARTESIAN_POINT('Origin',(-0.127,2.286,0.3));
#7467=CARTESIAN_POINT('',(-0.127,4.699,0.3));
#7468=CARTESIAN_POINT('Origin',(0.,4.699,0.3));
#7469=CARTESIAN_POINT('',(0.127,4.699,0.3));
#7470=CARTESIAN_POINT('Origin',(0.127,2.286,0.3));
#7471=CARTESIAN_POINT('Origin',(0.,0.,0.76));
#7472=CARTESIAN_POINT('',(0.032,-0.032,0.76));
#7473=CARTESIAN_POINT('',(0.032,0.032,0.76));
#7474=CARTESIAN_POINT('',(0.032,0.,0.76));
#7475=CARTESIAN_POINT('',(-0.032,0.032,0.76));
#7476=CARTESIAN_POINT('',(0.,0.032,0.76));
#7477=CARTESIAN_POINT('',(-0.032,-0.032,0.76));
#7478=CARTESIAN_POINT('',(-0.032,0.,0.76));
#7479=CARTESIAN_POINT('',(0.,-0.032,0.76));
#7480=CARTESIAN_POINT('Origin',(0.,0.,-0.28));
#7481=CARTESIAN_POINT('',(0.032,0.032,-0.28));
#7482=CARTESIAN_POINT('',(0.032,-0.032,-0.28));
#7483=CARTESIAN_POINT('',(0.032,0.,-0.28));
#7484=CARTESIAN_POINT('',(-0.032,-0.032,-0.28));
#7485=CARTESIAN_POINT('',(0.,-0.032,-0.28));
#7486=CARTESIAN_POINT('',(-0.032,0.032,-0.28));
#7487=CARTESIAN_POINT('',(-0.032,0.,-0.28));
#7488=CARTESIAN_POINT('',(0.,0.032,-0.28));
#7489=CARTESIAN_POINT('Origin',(0.,-0.032,0.24));
#7490=CARTESIAN_POINT('',(-0.032,-0.032,0.24));
#7491=CARTESIAN_POINT('',(0.032,-0.032,0.24));
#7492=CARTESIAN_POINT('Origin',(-0.032,0.,0.24));
#7493=CARTESIAN_POINT('',(-0.032,0.032,0.24));
#7494=CARTESIAN_POINT('Origin',(0.,0.032,0.24));
#7495=CARTESIAN_POINT('',(0.032,0.032,0.24));
#7496=CARTESIAN_POINT('Origin',(0.032,0.,0.24));
#7497=CARTESIAN_POINT('Origin',(0.,0.254,0.76));
#7498=CARTESIAN_POINT('',(0.032,0.222,0.76));
#7499=CARTESIAN_POINT('',(0.032,0.286,0.76));
#7500=CARTESIAN_POINT('',(0.032,0.254,0.76));
#7501=CARTESIAN_POINT('',(-0.032,0.286,0.76));
#7502=CARTESIAN_POINT('',(0.,0.286,0.76));
#7503=CARTESIAN_POINT('',(-0.032,0.222,0.76));
#7504=CARTESIAN_POINT('',(-0.032,0.254,0.76));
#7505=CARTESIAN_POINT('',(0.,0.222,0.76));
#7506=CARTESIAN_POINT('Origin',(0.,0.254,-0.28));
#7507=CARTESIAN_POINT('',(0.032,0.286,-0.28));
#7508=CARTESIAN_POINT('',(0.032,0.222,-0.28));
#7509=CARTESIAN_POINT('',(0.032,0.254,-0.28));
#7510=CARTESIAN_POINT('',(-0.032,0.222,-0.28));
#7511=CARTESIAN_POINT('',(0.,0.222,-0.28));
#7512=CARTESIAN_POINT('',(-0.032,0.286,-0.28));
#7513=CARTESIAN_POINT('',(-0.032,0.254,-0.28));
#7514=CARTESIAN_POINT('',(0.,0.286,-0.28));
#7515=CARTESIAN_POINT('Origin',(0.,0.222,0.24));
#7516=CARTESIAN_POINT('',(-0.032,0.222,0.24));
#7517=CARTESIAN_POINT('',(0.032,0.222,0.24));
#7518=CARTESIAN_POINT('Origin',(-0.032,0.254,0.24));
#7519=CARTESIAN_POINT('',(-0.032,0.286,0.24));
#7520=CARTESIAN_POINT('Origin',(0.,0.286,0.24));
#7521=CARTESIAN_POINT('',(0.032,0.286,0.24));
#7522=CARTESIAN_POINT('Origin',(0.032,0.254,0.24));
#7523=CARTESIAN_POINT('Origin',(0.,0.508,0.76));
#7524=CARTESIAN_POINT('',(0.032,0.476,0.76));
#7525=CARTESIAN_POINT('',(0.032,0.54,0.76));
#7526=CARTESIAN_POINT('',(0.032,0.508,0.76));
#7527=CARTESIAN_POINT('',(-0.032,0.54,0.76));
#7528=CARTESIAN_POINT('',(0.,0.54,0.76));
#7529=CARTESIAN_POINT('',(-0.032,0.476,0.76));
#7530=CARTESIAN_POINT('',(-0.032,0.508,0.76));
#7531=CARTESIAN_POINT('',(0.,0.476,0.76));
#7532=CARTESIAN_POINT('Origin',(0.,0.508,-0.28));
#7533=CARTESIAN_POINT('',(0.032,0.54,-0.28));
#7534=CARTESIAN_POINT('',(0.032,0.476,-0.28));
#7535=CARTESIAN_POINT('',(0.032,0.508,-0.28));
#7536=CARTESIAN_POINT('',(-0.032,0.476,-0.28));
#7537=CARTESIAN_POINT('',(0.,0.476,-0.28));
#7538=CARTESIAN_POINT('',(-0.032,0.54,-0.28));
#7539=CARTESIAN_POINT('',(-0.032,0.508,-0.28));
#7540=CARTESIAN_POINT('',(0.,0.54,-0.28));
#7541=CARTESIAN_POINT('Origin',(0.,0.476,0.24));
#7542=CARTESIAN_POINT('',(-0.032,0.476,0.24));
#7543=CARTESIAN_POINT('',(0.032,0.476,0.24));
#7544=CARTESIAN_POINT('Origin',(-0.032,0.508,0.24));
#7545=CARTESIAN_POINT('',(-0.032,0.54,0.24));
#7546=CARTESIAN_POINT('Origin',(0.,0.54,0.24));
#7547=CARTESIAN_POINT('',(0.032,0.54,0.24));
#7548=CARTESIAN_POINT('Origin',(0.032,0.508,0.24));
#7549=CARTESIAN_POINT('Origin',(0.,0.762,0.76));
#7550=CARTESIAN_POINT('',(0.032,0.73,0.76));
#7551=CARTESIAN_POINT('',(0.032,0.794,0.76));
#7552=CARTESIAN_POINT('',(0.032,0.762,0.76));
#7553=CARTESIAN_POINT('',(-0.032,0.794,0.76));
#7554=CARTESIAN_POINT('',(0.,0.794,0.76));
#7555=CARTESIAN_POINT('',(-0.032,0.73,0.76));
#7556=CARTESIAN_POINT('',(-0.032,0.762,0.76));
#7557=CARTESIAN_POINT('',(0.,0.73,0.76));
#7558=CARTESIAN_POINT('Origin',(0.,0.762,-0.28));
#7559=CARTESIAN_POINT('',(0.032,0.794,-0.28));
#7560=CARTESIAN_POINT('',(0.032,0.73,-0.28));
#7561=CARTESIAN_POINT('',(0.032,0.762,-0.28));
#7562=CARTESIAN_POINT('',(-0.032,0.73,-0.28));
#7563=CARTESIAN_POINT('',(0.,0.73,-0.28));
#7564=CARTESIAN_POINT('',(-0.032,0.794,-0.28));
#7565=CARTESIAN_POINT('',(-0.032,0.762,-0.28));
#7566=CARTESIAN_POINT('',(0.,0.794,-0.28));
#7567=CARTESIAN_POINT('Origin',(0.,0.73,0.24));
#7568=CARTESIAN_POINT('',(-0.032,0.73,0.24));
#7569=CARTESIAN_POINT('',(0.032,0.73,0.24));
#7570=CARTESIAN_POINT('Origin',(-0.032,0.762,0.24));
#7571=CARTESIAN_POINT('',(-0.032,0.794,0.24));
#7572=CARTESIAN_POINT('Origin',(0.,0.794,0.24));
#7573=CARTESIAN_POINT('',(0.032,0.794,0.24));
#7574=CARTESIAN_POINT('Origin',(0.032,0.762,0.24));
#7575=CARTESIAN_POINT('Origin',(0.,1.016,0.76));
#7576=CARTESIAN_POINT('',(0.032,0.984,0.76));
#7577=CARTESIAN_POINT('',(0.032,1.048,0.76));
#7578=CARTESIAN_POINT('',(0.032,1.016,0.76));
#7579=CARTESIAN_POINT('',(-0.032,1.048,0.76));
#7580=CARTESIAN_POINT('',(0.,1.048,0.76));
#7581=CARTESIAN_POINT('',(-0.032,0.984,0.76));
#7582=CARTESIAN_POINT('',(-0.032,1.016,0.76));
#7583=CARTESIAN_POINT('',(0.,0.984,0.76));
#7584=CARTESIAN_POINT('Origin',(0.,1.016,-0.28));
#7585=CARTESIAN_POINT('',(0.032,1.048,-0.28));
#7586=CARTESIAN_POINT('',(0.032,0.984,-0.28));
#7587=CARTESIAN_POINT('',(0.032,1.016,-0.28));
#7588=CARTESIAN_POINT('',(-0.032,0.984,-0.28));
#7589=CARTESIAN_POINT('',(0.,0.984,-0.28));
#7590=CARTESIAN_POINT('',(-0.032,1.048,-0.28));
#7591=CARTESIAN_POINT('',(-0.032,1.016,-0.28));
#7592=CARTESIAN_POINT('',(0.,1.048,-0.28));
#7593=CARTESIAN_POINT('Origin',(0.,0.984,0.24));
#7594=CARTESIAN_POINT('',(-0.032,0.984,0.24));
#7595=CARTESIAN_POINT('',(0.032,0.984,0.24));
#7596=CARTESIAN_POINT('Origin',(-0.032,1.016,0.24));
#7597=CARTESIAN_POINT('',(-0.032,1.048,0.24));
#7598=CARTESIAN_POINT('Origin',(0.,1.048,0.24));
#7599=CARTESIAN_POINT('',(0.032,1.048,0.24));
#7600=CARTESIAN_POINT('Origin',(0.032,1.016,0.24));
#7601=CARTESIAN_POINT('Origin',(0.,1.27,0.76));
#7602=CARTESIAN_POINT('',(0.032,1.238,0.76));
#7603=CARTESIAN_POINT('',(0.032,1.302,0.76));
#7604=CARTESIAN_POINT('',(0.032,1.27,0.76));
#7605=CARTESIAN_POINT('',(-0.032,1.302,0.76));
#7606=CARTESIAN_POINT('',(0.,1.302,0.76));
#7607=CARTESIAN_POINT('',(-0.032,1.238,0.76));
#7608=CARTESIAN_POINT('',(-0.032,1.27,0.76));
#7609=CARTESIAN_POINT('',(0.,1.238,0.76));
#7610=CARTESIAN_POINT('Origin',(0.,1.27,-0.28));
#7611=CARTESIAN_POINT('',(0.032,1.302,-0.28));
#7612=CARTESIAN_POINT('',(0.032,1.238,-0.28));
#7613=CARTESIAN_POINT('',(0.032,1.27,-0.28));
#7614=CARTESIAN_POINT('',(-0.032,1.238,-0.28));
#7615=CARTESIAN_POINT('',(0.,1.238,-0.28));
#7616=CARTESIAN_POINT('',(-0.032,1.302,-0.28));
#7617=CARTESIAN_POINT('',(-0.032,1.27,-0.28));
#7618=CARTESIAN_POINT('',(0.,1.302,-0.28));
#7619=CARTESIAN_POINT('Origin',(0.,1.238,0.24));
#7620=CARTESIAN_POINT('',(-0.032,1.238,0.24));
#7621=CARTESIAN_POINT('',(0.032,1.238,0.24));
#7622=CARTESIAN_POINT('Origin',(-0.032,1.27,0.24));
#7623=CARTESIAN_POINT('',(-0.032,1.302,0.24));
#7624=CARTESIAN_POINT('Origin',(0.,1.302,0.24));
#7625=CARTESIAN_POINT('',(0.032,1.302,0.24));
#7626=CARTESIAN_POINT('Origin',(0.032,1.27,0.24));
#7627=CARTESIAN_POINT('Origin',(0.,1.524,0.76));
#7628=CARTESIAN_POINT('',(0.032,1.492,0.76));
#7629=CARTESIAN_POINT('',(0.032,1.556,0.76));
#7630=CARTESIAN_POINT('',(0.032,1.524,0.76));
#7631=CARTESIAN_POINT('',(-0.032,1.556,0.76));
#7632=CARTESIAN_POINT('',(0.,1.556,0.76));
#7633=CARTESIAN_POINT('',(-0.032,1.492,0.76));
#7634=CARTESIAN_POINT('',(-0.032,1.524,0.76));
#7635=CARTESIAN_POINT('',(0.,1.492,0.76));
#7636=CARTESIAN_POINT('Origin',(0.,1.524,-0.28));
#7637=CARTESIAN_POINT('',(0.032,1.556,-0.28));
#7638=CARTESIAN_POINT('',(0.032,1.492,-0.28));
#7639=CARTESIAN_POINT('',(0.032,1.524,-0.28));
#7640=CARTESIAN_POINT('',(-0.032,1.492,-0.28));
#7641=CARTESIAN_POINT('',(0.,1.492,-0.28));
#7642=CARTESIAN_POINT('',(-0.032,1.556,-0.28));
#7643=CARTESIAN_POINT('',(-0.032,1.524,-0.28));
#7644=CARTESIAN_POINT('',(0.,1.556,-0.28));
#7645=CARTESIAN_POINT('Origin',(0.,1.492,0.24));
#7646=CARTESIAN_POINT('',(-0.032,1.492,0.24));
#7647=CARTESIAN_POINT('',(0.032,1.492,0.24));
#7648=CARTESIAN_POINT('Origin',(-0.032,1.524,0.24));
#7649=CARTESIAN_POINT('',(-0.032,1.556,0.24));
#7650=CARTESIAN_POINT('Origin',(0.,1.556,0.24));
#7651=CARTESIAN_POINT('',(0.032,1.556,0.24));
#7652=CARTESIAN_POINT('Origin',(0.032,1.524,0.24));
#7653=CARTESIAN_POINT('Origin',(0.,1.778,0.76));
#7654=CARTESIAN_POINT('',(0.032,1.746,0.76));
#7655=CARTESIAN_POINT('',(0.032,1.81,0.76));
#7656=CARTESIAN_POINT('',(0.032,1.778,0.76));
#7657=CARTESIAN_POINT('',(-0.032,1.81,0.76));
#7658=CARTESIAN_POINT('',(0.,1.81,0.76));
#7659=CARTESIAN_POINT('',(-0.032,1.746,0.76));
#7660=CARTESIAN_POINT('',(-0.032,1.778,0.76));
#7661=CARTESIAN_POINT('',(0.,1.746,0.76));
#7662=CARTESIAN_POINT('Origin',(0.,1.778,-0.28));
#7663=CARTESIAN_POINT('',(0.032,1.81,-0.28));
#7664=CARTESIAN_POINT('',(0.032,1.746,-0.28));
#7665=CARTESIAN_POINT('',(0.032,1.778,-0.28));
#7666=CARTESIAN_POINT('',(-0.032,1.746,-0.28));
#7667=CARTESIAN_POINT('',(0.,1.746,-0.28));
#7668=CARTESIAN_POINT('',(-0.032,1.81,-0.28));
#7669=CARTESIAN_POINT('',(-0.032,1.778,-0.28));
#7670=CARTESIAN_POINT('',(0.,1.81,-0.28));
#7671=CARTESIAN_POINT('Origin',(0.,1.746,0.24));
#7672=CARTESIAN_POINT('',(-0.032,1.746,0.24));
#7673=CARTESIAN_POINT('',(0.032,1.746,0.24));
#7674=CARTESIAN_POINT('Origin',(-0.032,1.778,0.24));
#7675=CARTESIAN_POINT('',(-0.032,1.81,0.24));
#7676=CARTESIAN_POINT('Origin',(0.,1.81,0.24));
#7677=CARTESIAN_POINT('',(0.032,1.81,0.24));
#7678=CARTESIAN_POINT('Origin',(0.032,1.778,0.24));
#7679=CARTESIAN_POINT('Origin',(0.,2.032,0.76));
#7680=CARTESIAN_POINT('',(0.032,2.,0.76));
#7681=CARTESIAN_POINT('',(0.032,2.064,0.76));
#7682=CARTESIAN_POINT('',(0.032,2.032,0.76));
#7683=CARTESIAN_POINT('',(-0.032,2.064,0.76));
#7684=CARTESIAN_POINT('',(0.,2.064,0.76));
#7685=CARTESIAN_POINT('',(-0.032,2.,0.76));
#7686=CARTESIAN_POINT('',(-0.032,2.032,0.76));
#7687=CARTESIAN_POINT('',(0.,2.,0.76));
#7688=CARTESIAN_POINT('Origin',(0.,2.032,-0.28));
#7689=CARTESIAN_POINT('',(0.032,2.064,-0.28));
#7690=CARTESIAN_POINT('',(0.032,2.,-0.28));
#7691=CARTESIAN_POINT('',(0.032,2.032,-0.28));
#7692=CARTESIAN_POINT('',(-0.032,2.,-0.28));
#7693=CARTESIAN_POINT('',(0.,2.,-0.28));
#7694=CARTESIAN_POINT('',(-0.032,2.064,-0.28));
#7695=CARTESIAN_POINT('',(-0.032,2.032,-0.28));
#7696=CARTESIAN_POINT('',(0.,2.064,-0.28));
#7697=CARTESIAN_POINT('Origin',(0.,2.,0.24));
#7698=CARTESIAN_POINT('',(-0.032,2.,0.24));
#7699=CARTESIAN_POINT('',(0.032,2.,0.24));
#7700=CARTESIAN_POINT('Origin',(-0.032,2.032,0.24));
#7701=CARTESIAN_POINT('',(-0.032,2.064,0.24));
#7702=CARTESIAN_POINT('Origin',(0.,2.064,0.24));
#7703=CARTESIAN_POINT('',(0.032,2.064,0.24));
#7704=CARTESIAN_POINT('Origin',(0.032,2.032,0.24));
#7705=CARTESIAN_POINT('Origin',(0.,2.286,0.76));
#7706=CARTESIAN_POINT('',(0.032,2.254,0.76));
#7707=CARTESIAN_POINT('',(0.032,2.318,0.76));
#7708=CARTESIAN_POINT('',(0.032,2.286,0.76));
#7709=CARTESIAN_POINT('',(-0.032,2.318,0.76));
#7710=CARTESIAN_POINT('',(0.,2.318,0.76));
#7711=CARTESIAN_POINT('',(-0.032,2.254,0.76));
#7712=CARTESIAN_POINT('',(-0.032,2.286,0.76));
#7713=CARTESIAN_POINT('',(0.,2.254,0.76));
#7714=CARTESIAN_POINT('Origin',(0.,2.286,-0.28));
#7715=CARTESIAN_POINT('',(0.032,2.318,-0.28));
#7716=CARTESIAN_POINT('',(0.032,2.254,-0.28));
#7717=CARTESIAN_POINT('',(0.032,2.286,-0.28));
#7718=CARTESIAN_POINT('',(-0.032,2.254,-0.28));
#7719=CARTESIAN_POINT('',(0.,2.254,-0.28));
#7720=CARTESIAN_POINT('',(-0.032,2.318,-0.28));
#7721=CARTESIAN_POINT('',(-0.032,2.286,-0.28));
#7722=CARTESIAN_POINT('',(0.,2.318,-0.28));
#7723=CARTESIAN_POINT('Origin',(0.,2.254,0.24));
#7724=CARTESIAN_POINT('',(-0.032,2.254,0.24));
#7725=CARTESIAN_POINT('',(0.032,2.254,0.24));
#7726=CARTESIAN_POINT('Origin',(-0.032,2.286,0.24));
#7727=CARTESIAN_POINT('',(-0.032,2.318,0.24));
#7728=CARTESIAN_POINT('Origin',(0.,2.318,0.24));
#7729=CARTESIAN_POINT('',(0.032,2.318,0.24));
#7730=CARTESIAN_POINT('Origin',(0.032,2.286,0.24));
#7731=CARTESIAN_POINT('Origin',(0.,2.54,0.76));
#7732=CARTESIAN_POINT('',(0.032,2.508,0.76));
#7733=CARTESIAN_POINT('',(0.032,2.572,0.76));
#7734=CARTESIAN_POINT('',(0.032,2.54,0.76));
#7735=CARTESIAN_POINT('',(-0.032,2.572,0.76));
#7736=CARTESIAN_POINT('',(0.,2.572,0.76));
#7737=CARTESIAN_POINT('',(-0.032,2.508,0.76));
#7738=CARTESIAN_POINT('',(-0.032,2.54,0.76));
#7739=CARTESIAN_POINT('',(0.,2.508,0.76));
#7740=CARTESIAN_POINT('Origin',(0.,2.54,-0.28));
#7741=CARTESIAN_POINT('',(0.032,2.572,-0.28));
#7742=CARTESIAN_POINT('',(0.032,2.508,-0.28));
#7743=CARTESIAN_POINT('',(0.032,2.54,-0.28));
#7744=CARTESIAN_POINT('',(-0.032,2.508,-0.28));
#7745=CARTESIAN_POINT('',(0.,2.508,-0.28));
#7746=CARTESIAN_POINT('',(-0.032,2.572,-0.28));
#7747=CARTESIAN_POINT('',(-0.032,2.54,-0.28));
#7748=CARTESIAN_POINT('',(0.,2.572,-0.28));
#7749=CARTESIAN_POINT('Origin',(0.,2.508,0.24));
#7750=CARTESIAN_POINT('',(-0.032,2.508,0.24));
#7751=CARTESIAN_POINT('',(0.032,2.508,0.24));
#7752=CARTESIAN_POINT('Origin',(-0.032,2.54,0.24));
#7753=CARTESIAN_POINT('',(-0.032,2.572,0.24));
#7754=CARTESIAN_POINT('Origin',(0.,2.572,0.24));
#7755=CARTESIAN_POINT('',(0.032,2.572,0.24));
#7756=CARTESIAN_POINT('Origin',(0.032,2.54,0.24));
#7757=CARTESIAN_POINT('Origin',(0.,2.794,0.76));
#7758=CARTESIAN_POINT('',(0.032,2.762,0.76));
#7759=CARTESIAN_POINT('',(0.032,2.826,0.76));
#7760=CARTESIAN_POINT('',(0.032,2.794,0.76));
#7761=CARTESIAN_POINT('',(-0.032,2.826,0.76));
#7762=CARTESIAN_POINT('',(0.,2.826,0.76));
#7763=CARTESIAN_POINT('',(-0.032,2.762,0.76));
#7764=CARTESIAN_POINT('',(-0.032,2.794,0.76));
#7765=CARTESIAN_POINT('',(0.,2.762,0.76));
#7766=CARTESIAN_POINT('Origin',(0.,2.794,-0.28));
#7767=CARTESIAN_POINT('',(0.032,2.826,-0.28));
#7768=CARTESIAN_POINT('',(0.032,2.762,-0.28));
#7769=CARTESIAN_POINT('',(0.032,2.794,-0.28));
#7770=CARTESIAN_POINT('',(-0.032,2.762,-0.28));
#7771=CARTESIAN_POINT('',(0.,2.762,-0.28));
#7772=CARTESIAN_POINT('',(-0.032,2.826,-0.28));
#7773=CARTESIAN_POINT('',(-0.032,2.794,-0.28));
#7774=CARTESIAN_POINT('',(0.,2.826,-0.28));
#7775=CARTESIAN_POINT('Origin',(0.,2.762,0.24));
#7776=CARTESIAN_POINT('',(-0.032,2.762,0.24));
#7777=CARTESIAN_POINT('',(0.032,2.762,0.24));
#7778=CARTESIAN_POINT('Origin',(-0.032,2.794,0.24));
#7779=CARTESIAN_POINT('',(-0.032,2.826,0.24));
#7780=CARTESIAN_POINT('Origin',(0.,2.826,0.24));
#7781=CARTESIAN_POINT('',(0.032,2.826,0.24));
#7782=CARTESIAN_POINT('Origin',(0.032,2.794,0.24));
#7783=CARTESIAN_POINT('Origin',(0.,3.048,0.76));
#7784=CARTESIAN_POINT('',(0.032,3.016,0.76));
#7785=CARTESIAN_POINT('',(0.032,3.08,0.76));
#7786=CARTESIAN_POINT('',(0.032,3.048,0.76));
#7787=CARTESIAN_POINT('',(-0.032,3.08,0.76));
#7788=CARTESIAN_POINT('',(0.,3.08,0.76));
#7789=CARTESIAN_POINT('',(-0.032,3.016,0.76));
#7790=CARTESIAN_POINT('',(-0.032,3.048,0.76));
#7791=CARTESIAN_POINT('',(0.,3.016,0.76));
#7792=CARTESIAN_POINT('Origin',(0.,3.048,-0.28));
#7793=CARTESIAN_POINT('',(0.032,3.08,-0.28));
#7794=CARTESIAN_POINT('',(0.032,3.016,-0.28));
#7795=CARTESIAN_POINT('',(0.032,3.048,-0.28));
#7796=CARTESIAN_POINT('',(-0.032,3.016,-0.28));
#7797=CARTESIAN_POINT('',(0.,3.016,-0.28));
#7798=CARTESIAN_POINT('',(-0.032,3.08,-0.28));
#7799=CARTESIAN_POINT('',(-0.032,3.048,-0.28));
#7800=CARTESIAN_POINT('',(0.,3.08,-0.28));
#7801=CARTESIAN_POINT('Origin',(0.,3.016,0.24));
#7802=CARTESIAN_POINT('',(-0.032,3.016,0.24));
#7803=CARTESIAN_POINT('',(0.032,3.016,0.24));
#7804=CARTESIAN_POINT('Origin',(-0.032,3.048,0.24));
#7805=CARTESIAN_POINT('',(-0.032,3.08,0.24));
#7806=CARTESIAN_POINT('Origin',(0.,3.08,0.24));
#7807=CARTESIAN_POINT('',(0.032,3.08,0.24));
#7808=CARTESIAN_POINT('Origin',(0.032,3.048,0.24));
#7809=CARTESIAN_POINT('Origin',(0.,3.302,0.76));
#7810=CARTESIAN_POINT('',(0.032,3.27,0.76));
#7811=CARTESIAN_POINT('',(0.032,3.334,0.76));
#7812=CARTESIAN_POINT('',(0.032,3.302,0.76));
#7813=CARTESIAN_POINT('',(-0.032,3.334,0.76));
#7814=CARTESIAN_POINT('',(0.,3.334,0.76));
#7815=CARTESIAN_POINT('',(-0.032,3.27,0.76));
#7816=CARTESIAN_POINT('',(-0.032,3.302,0.76));
#7817=CARTESIAN_POINT('',(0.,3.27,0.76));
#7818=CARTESIAN_POINT('Origin',(0.,3.302,-0.28));
#7819=CARTESIAN_POINT('',(0.032,3.334,-0.28));
#7820=CARTESIAN_POINT('',(0.032,3.27,-0.28));
#7821=CARTESIAN_POINT('',(0.032,3.302,-0.28));
#7822=CARTESIAN_POINT('',(-0.032,3.27,-0.28));
#7823=CARTESIAN_POINT('',(0.,3.27,-0.28));
#7824=CARTESIAN_POINT('',(-0.032,3.334,-0.28));
#7825=CARTESIAN_POINT('',(-0.032,3.302,-0.28));
#7826=CARTESIAN_POINT('',(0.,3.334,-0.28));
#7827=CARTESIAN_POINT('Origin',(0.,3.27,0.24));
#7828=CARTESIAN_POINT('',(-0.032,3.27,0.24));
#7829=CARTESIAN_POINT('',(0.032,3.27,0.24));
#7830=CARTESIAN_POINT('Origin',(-0.032,3.302,0.24));
#7831=CARTESIAN_POINT('',(-0.032,3.334,0.24));
#7832=CARTESIAN_POINT('Origin',(0.,3.334,0.24));
#7833=CARTESIAN_POINT('',(0.032,3.334,0.24));
#7834=CARTESIAN_POINT('Origin',(0.032,3.302,0.24));
#7835=CARTESIAN_POINT('Origin',(0.,3.556,0.76));
#7836=CARTESIAN_POINT('',(0.032,3.524,0.76));
#7837=CARTESIAN_POINT('',(0.032,3.588,0.76));
#7838=CARTESIAN_POINT('',(0.032,3.556,0.76));
#7839=CARTESIAN_POINT('',(-0.032,3.588,0.76));
#7840=CARTESIAN_POINT('',(0.,3.588,0.76));
#7841=CARTESIAN_POINT('',(-0.032,3.524,0.76));
#7842=CARTESIAN_POINT('',(-0.032,3.556,0.76));
#7843=CARTESIAN_POINT('',(0.,3.524,0.76));
#7844=CARTESIAN_POINT('Origin',(0.,3.556,-0.28));
#7845=CARTESIAN_POINT('',(0.032,3.588,-0.28));
#7846=CARTESIAN_POINT('',(0.032,3.524,-0.28));
#7847=CARTESIAN_POINT('',(0.032,3.556,-0.28));
#7848=CARTESIAN_POINT('',(-0.032,3.524,-0.28));
#7849=CARTESIAN_POINT('',(0.,3.524,-0.28));
#7850=CARTESIAN_POINT('',(-0.032,3.588,-0.28));
#7851=CARTESIAN_POINT('',(-0.032,3.556,-0.28));
#7852=CARTESIAN_POINT('',(0.,3.588,-0.28));
#7853=CARTESIAN_POINT('Origin',(0.,3.524,0.24));
#7854=CARTESIAN_POINT('',(-0.032,3.524,0.24));
#7855=CARTESIAN_POINT('',(0.032,3.524,0.24));
#7856=CARTESIAN_POINT('Origin',(-0.032,3.556,0.24));
#7857=CARTESIAN_POINT('',(-0.032,3.588,0.24));
#7858=CARTESIAN_POINT('Origin',(0.,3.588,0.24));
#7859=CARTESIAN_POINT('',(0.032,3.588,0.24));
#7860=CARTESIAN_POINT('Origin',(0.032,3.556,0.24));
#7861=CARTESIAN_POINT('Origin',(0.,3.81,0.76));
#7862=CARTESIAN_POINT('',(0.032,3.778,0.76));
#7863=CARTESIAN_POINT('',(0.032,3.842,0.76));
#7864=CARTESIAN_POINT('',(0.032,3.81,0.76));
#7865=CARTESIAN_POINT('',(-0.032,3.842,0.76));
#7866=CARTESIAN_POINT('',(0.,3.842,0.76));
#7867=CARTESIAN_POINT('',(-0.032,3.778,0.76));
#7868=CARTESIAN_POINT('',(-0.032,3.81,0.76));
#7869=CARTESIAN_POINT('',(0.,3.778,0.76));
#7870=CARTESIAN_POINT('Origin',(0.,3.81,-0.28));
#7871=CARTESIAN_POINT('',(0.032,3.842,-0.28));
#7872=CARTESIAN_POINT('',(0.032,3.778,-0.28));
#7873=CARTESIAN_POINT('',(0.032,3.81,-0.28));
#7874=CARTESIAN_POINT('',(-0.032,3.778,-0.28));
#7875=CARTESIAN_POINT('',(0.,3.778,-0.28));
#7876=CARTESIAN_POINT('',(-0.032,3.842,-0.28));
#7877=CARTESIAN_POINT('',(-0.032,3.81,-0.28));
#7878=CARTESIAN_POINT('',(0.,3.842,-0.28));
#7879=CARTESIAN_POINT('Origin',(0.,3.778,0.24));
#7880=CARTESIAN_POINT('',(-0.032,3.778,0.24));
#7881=CARTESIAN_POINT('',(0.032,3.778,0.24));
#7882=CARTESIAN_POINT('Origin',(-0.032,3.81,0.24));
#7883=CARTESIAN_POINT('',(-0.032,3.842,0.24));
#7884=CARTESIAN_POINT('Origin',(0.,3.842,0.24));
#7885=CARTESIAN_POINT('',(0.032,3.842,0.24));
#7886=CARTESIAN_POINT('Origin',(0.032,3.81,0.24));
#7887=CARTESIAN_POINT('Origin',(0.,4.064,0.76));
#7888=CARTESIAN_POINT('',(0.032,4.032,0.76));
#7889=CARTESIAN_POINT('',(0.032,4.096,0.76));
#7890=CARTESIAN_POINT('',(0.032,4.064,0.76));
#7891=CARTESIAN_POINT('',(-0.032,4.096,0.76));
#7892=CARTESIAN_POINT('',(0.,4.096,0.76));
#7893=CARTESIAN_POINT('',(-0.032,4.032,0.76));
#7894=CARTESIAN_POINT('',(-0.032,4.064,0.76));
#7895=CARTESIAN_POINT('',(0.,4.032,0.76));
#7896=CARTESIAN_POINT('Origin',(0.,4.064,-0.28));
#7897=CARTESIAN_POINT('',(0.032,4.096,-0.28));
#7898=CARTESIAN_POINT('',(0.032,4.032,-0.28));
#7899=CARTESIAN_POINT('',(0.032,4.064,-0.28));
#7900=CARTESIAN_POINT('',(-0.032,4.032,-0.28));
#7901=CARTESIAN_POINT('',(0.,4.032,-0.28));
#7902=CARTESIAN_POINT('',(-0.032,4.096,-0.28));
#7903=CARTESIAN_POINT('',(-0.032,4.064,-0.28));
#7904=CARTESIAN_POINT('',(0.,4.096,-0.28));
#7905=CARTESIAN_POINT('Origin',(0.,4.032,0.24));
#7906=CARTESIAN_POINT('',(-0.032,4.032,0.24));
#7907=CARTESIAN_POINT('',(0.032,4.032,0.24));
#7908=CARTESIAN_POINT('Origin',(-0.032,4.064,0.24));
#7909=CARTESIAN_POINT('',(-0.032,4.096,0.24));
#7910=CARTESIAN_POINT('Origin',(0.,4.096,0.24));
#7911=CARTESIAN_POINT('',(0.032,4.096,0.24));
#7912=CARTESIAN_POINT('Origin',(0.032,4.064,0.24));
#7913=CARTESIAN_POINT('Origin',(0.,4.318,0.76));
#7914=CARTESIAN_POINT('',(0.032,4.286,0.76));
#7915=CARTESIAN_POINT('',(0.032,4.35,0.76));
#7916=CARTESIAN_POINT('',(0.032,4.318,0.76));
#7917=CARTESIAN_POINT('',(-0.032,4.35,0.76));
#7918=CARTESIAN_POINT('',(0.,4.35,0.76));
#7919=CARTESIAN_POINT('',(-0.032,4.286,0.76));
#7920=CARTESIAN_POINT('',(-0.032,4.318,0.76));
#7921=CARTESIAN_POINT('',(0.,4.286,0.76));
#7922=CARTESIAN_POINT('Origin',(0.,4.318,-0.28));
#7923=CARTESIAN_POINT('',(0.032,4.35,-0.28));
#7924=CARTESIAN_POINT('',(0.032,4.286,-0.28));
#7925=CARTESIAN_POINT('',(0.032,4.318,-0.28));
#7926=CARTESIAN_POINT('',(-0.032,4.286,-0.28));
#7927=CARTESIAN_POINT('',(0.,4.286,-0.28));
#7928=CARTESIAN_POINT('',(-0.032,4.35,-0.28));
#7929=CARTESIAN_POINT('',(-0.032,4.318,-0.28));
#7930=CARTESIAN_POINT('',(0.,4.35,-0.28));
#7931=CARTESIAN_POINT('Origin',(0.,4.286,0.24));
#7932=CARTESIAN_POINT('',(-0.032,4.286,0.24));
#7933=CARTESIAN_POINT('',(0.032,4.286,0.24));
#7934=CARTESIAN_POINT('Origin',(-0.032,4.318,0.24));
#7935=CARTESIAN_POINT('',(-0.032,4.35,0.24));
#7936=CARTESIAN_POINT('Origin',(0.,4.35,0.24));
#7937=CARTESIAN_POINT('',(0.032,4.35,0.24));
#7938=CARTESIAN_POINT('Origin',(0.032,4.318,0.24));
#7939=CARTESIAN_POINT('Origin',(0.,4.572,0.76));
#7940=CARTESIAN_POINT('',(0.032,4.54,0.76));
#7941=CARTESIAN_POINT('',(0.032,4.604,0.76));
#7942=CARTESIAN_POINT('',(0.032,4.572,0.76));
#7943=CARTESIAN_POINT('',(-0.032,4.604,0.76));
#7944=CARTESIAN_POINT('',(0.,4.604,0.76));
#7945=CARTESIAN_POINT('',(-0.032,4.54,0.76));
#7946=CARTESIAN_POINT('',(-0.032,4.572,0.76));
#7947=CARTESIAN_POINT('',(0.,4.54,0.76));
#7948=CARTESIAN_POINT('Origin',(0.,4.572,-0.28));
#7949=CARTESIAN_POINT('',(0.032,4.604,-0.28));
#7950=CARTESIAN_POINT('',(0.032,4.54,-0.28));
#7951=CARTESIAN_POINT('',(0.032,4.572,-0.28));
#7952=CARTESIAN_POINT('',(-0.032,4.54,-0.28));
#7953=CARTESIAN_POINT('',(0.,4.54,-0.28));
#7954=CARTESIAN_POINT('',(-0.032,4.604,-0.28));
#7955=CARTESIAN_POINT('',(-0.032,4.572,-0.28));
#7956=CARTESIAN_POINT('',(0.,4.604,-0.28));
#7957=CARTESIAN_POINT('Origin',(0.,4.54,0.24));
#7958=CARTESIAN_POINT('',(-0.032,4.54,0.24));
#7959=CARTESIAN_POINT('',(0.032,4.54,0.24));
#7960=CARTESIAN_POINT('Origin',(-0.032,4.572,0.24));
#7961=CARTESIAN_POINT('',(-0.032,4.604,0.24));
#7962=CARTESIAN_POINT('Origin',(0.,4.604,0.24));
#7963=CARTESIAN_POINT('',(0.032,4.604,0.24));
#7964=CARTESIAN_POINT('Origin',(0.032,4.572,0.24));
#7965=CARTESIAN_POINT('Origin',(2.54,2.286,0.6));
#7966=CARTESIAN_POINT('',(2.667,-0.127,0.6));
#7967=CARTESIAN_POINT('',(2.667,4.699,0.6));
#7968=CARTESIAN_POINT('',(2.667,2.286,0.6));
#7969=CARTESIAN_POINT('',(2.413,4.699,0.6));
#7970=CARTESIAN_POINT('',(2.54,4.699,0.6));
#7971=CARTESIAN_POINT('',(2.413,-0.127,0.6));
#7972=CARTESIAN_POINT('',(2.413,2.286,0.6));
#7973=CARTESIAN_POINT('',(2.54,-0.127,0.6));
#7974=CARTESIAN_POINT('Origin',(2.54,2.286,0.));
#7975=CARTESIAN_POINT('',(2.667,4.699,0.));
#7976=CARTESIAN_POINT('',(2.667,-0.127,0.));
#7977=CARTESIAN_POINT('',(2.667,2.286,0.));
#7978=CARTESIAN_POINT('',(2.413,-0.127,0.));
#7979=CARTESIAN_POINT('',(2.54,-0.127,0.));
#7980=CARTESIAN_POINT('',(2.413,4.699,0.));
#7981=CARTESIAN_POINT('',(2.413,2.286,0.));
#7982=CARTESIAN_POINT('',(2.54,4.699,0.));
#7983=CARTESIAN_POINT('Origin',(2.54,-0.127,0.3));
#7984=CARTESIAN_POINT('',(2.413,-0.127,0.3));
#7985=CARTESIAN_POINT('',(2.667,-0.127,0.3));
#7986=CARTESIAN_POINT('Origin',(2.413,2.286,0.3));
#7987=CARTESIAN_POINT('',(2.413,4.699,0.3));
#7988=CARTESIAN_POINT('Origin',(2.54,4.699,0.3));
#7989=CARTESIAN_POINT('',(2.667,4.699,0.3));
#7990=CARTESIAN_POINT('Origin',(2.667,2.286,0.3));
#7991=CARTESIAN_POINT('Origin',(2.54,0.,0.76));
#7992=CARTESIAN_POINT('',(2.572,-0.032,0.76));
#7993=CARTESIAN_POINT('',(2.572,0.032,0.76));
#7994=CARTESIAN_POINT('',(2.572,0.,0.76));
#7995=CARTESIAN_POINT('',(2.508,0.032,0.76));
#7996=CARTESIAN_POINT('',(2.54,0.032,0.76));
#7997=CARTESIAN_POINT('',(2.508,-0.032,0.76));
#7998=CARTESIAN_POINT('',(2.508,0.,0.76));
#7999=CARTESIAN_POINT('',(2.54,-0.032,0.76));
#8000=CARTESIAN_POINT('Origin',(2.54,0.,-0.28));
#8001=CARTESIAN_POINT('',(2.572,0.032,-0.28));
#8002=CARTESIAN_POINT('',(2.572,-0.032,-0.28));
#8003=CARTESIAN_POINT('',(2.572,0.,-0.28));
#8004=CARTESIAN_POINT('',(2.508,-0.032,-0.28));
#8005=CARTESIAN_POINT('',(2.54,-0.032,-0.28));
#8006=CARTESIAN_POINT('',(2.508,0.032,-0.28));
#8007=CARTESIAN_POINT('',(2.508,0.,-0.28));
#8008=CARTESIAN_POINT('',(2.54,0.032,-0.28));
#8009=CARTESIAN_POINT('Origin',(2.54,-0.032,0.24));
#8010=CARTESIAN_POINT('',(2.508,-0.032,0.24));
#8011=CARTESIAN_POINT('',(2.572,-0.032,0.24));
#8012=CARTESIAN_POINT('Origin',(2.508,0.,0.24));
#8013=CARTESIAN_POINT('',(2.508,0.032,0.24));
#8014=CARTESIAN_POINT('Origin',(2.54,0.032,0.24));
#8015=CARTESIAN_POINT('',(2.572,0.032,0.24));
#8016=CARTESIAN_POINT('Origin',(2.572,0.,0.24));
#8017=CARTESIAN_POINT('Origin',(2.54,0.254,0.76));
#8018=CARTESIAN_POINT('',(2.572,0.222,0.76));
#8019=CARTESIAN_POINT('',(2.572,0.286,0.76));
#8020=CARTESIAN_POINT('',(2.572,0.254,0.76));
#8021=CARTESIAN_POINT('',(2.508,0.286,0.76));
#8022=CARTESIAN_POINT('',(2.54,0.286,0.76));
#8023=CARTESIAN_POINT('',(2.508,0.222,0.76));
#8024=CARTESIAN_POINT('',(2.508,0.254,0.76));
#8025=CARTESIAN_POINT('',(2.54,0.222,0.76));
#8026=CARTESIAN_POINT('Origin',(2.54,0.254,-0.28));
#8027=CARTESIAN_POINT('',(2.572,0.286,-0.28));
#8028=CARTESIAN_POINT('',(2.572,0.222,-0.28));
#8029=CARTESIAN_POINT('',(2.572,0.254,-0.28));
#8030=CARTESIAN_POINT('',(2.508,0.222,-0.28));
#8031=CARTESIAN_POINT('',(2.54,0.222,-0.28));
#8032=CARTESIAN_POINT('',(2.508,0.286,-0.28));
#8033=CARTESIAN_POINT('',(2.508,0.254,-0.28));
#8034=CARTESIAN_POINT('',(2.54,0.286,-0.28));
#8035=CARTESIAN_POINT('Origin',(2.54,0.222,0.24));
#8036=CARTESIAN_POINT('',(2.508,0.222,0.24));
#8037=CARTESIAN_POINT('',(2.572,0.222,0.24));
#8038=CARTESIAN_POINT('Origin',(2.508,0.254,0.24));
#8039=CARTESIAN_POINT('',(2.508,0.286,0.24));
#8040=CARTESIAN_POINT('Origin',(2.54,0.286,0.24));
#8041=CARTESIAN_POINT('',(2.572,0.286,0.24));
#8042=CARTESIAN_POINT('Origin',(2.572,0.254,0.24));
#8043=CARTESIAN_POINT('Origin',(2.54,0.508,0.76));
#8044=CARTESIAN_POINT('',(2.572,0.476,0.76));
#8045=CARTESIAN_POINT('',(2.572,0.54,0.76));
#8046=CARTESIAN_POINT('',(2.572,0.508,0.76));
#8047=CARTESIAN_POINT('',(2.508,0.54,0.76));
#8048=CARTESIAN_POINT('',(2.54,0.54,0.76));
#8049=CARTESIAN_POINT('',(2.508,0.476,0.76));
#8050=CARTESIAN_POINT('',(2.508,0.508,0.76));
#8051=CARTESIAN_POINT('',(2.54,0.476,0.76));
#8052=CARTESIAN_POINT('Origin',(2.54,0.508,-0.28));
#8053=CARTESIAN_POINT('',(2.572,0.54,-0.28));
#8054=CARTESIAN_POINT('',(2.572,0.476,-0.28));
#8055=CARTESIAN_POINT('',(2.572,0.508,-0.28));
#8056=CARTESIAN_POINT('',(2.508,0.476,-0.28));
#8057=CARTESIAN_POINT('',(2.54,0.476,-0.28));
#8058=CARTESIAN_POINT('',(2.508,0.54,-0.28));
#8059=CARTESIAN_POINT('',(2.508,0.508,-0.28));
#8060=CARTESIAN_POINT('',(2.54,0.54,-0.28));
#8061=CARTESIAN_POINT('Origin',(2.54,0.476,0.24));
#8062=CARTESIAN_POINT('',(2.508,0.476,0.24));
#8063=CARTESIAN_POINT('',(2.572,0.476,0.24));
#8064=CARTESIAN_POINT('Origin',(2.508,0.508,0.24));
#8065=CARTESIAN_POINT('',(2.508,0.54,0.24));
#8066=CARTESIAN_POINT('Origin',(2.54,0.54,0.24));
#8067=CARTESIAN_POINT('',(2.572,0.54,0.24));
#8068=CARTESIAN_POINT('Origin',(2.572,0.508,0.24));
#8069=CARTESIAN_POINT('Origin',(2.54,0.762,0.76));
#8070=CARTESIAN_POINT('',(2.572,0.73,0.76));
#8071=CARTESIAN_POINT('',(2.572,0.794,0.76));
#8072=CARTESIAN_POINT('',(2.572,0.762,0.76));
#8073=CARTESIAN_POINT('',(2.508,0.794,0.76));
#8074=CARTESIAN_POINT('',(2.54,0.794,0.76));
#8075=CARTESIAN_POINT('',(2.508,0.73,0.76));
#8076=CARTESIAN_POINT('',(2.508,0.762,0.76));
#8077=CARTESIAN_POINT('',(2.54,0.73,0.76));
#8078=CARTESIAN_POINT('Origin',(2.54,0.762,-0.28));
#8079=CARTESIAN_POINT('',(2.572,0.794,-0.28));
#8080=CARTESIAN_POINT('',(2.572,0.73,-0.28));
#8081=CARTESIAN_POINT('',(2.572,0.762,-0.28));
#8082=CARTESIAN_POINT('',(2.508,0.73,-0.28));
#8083=CARTESIAN_POINT('',(2.54,0.73,-0.28));
#8084=CARTESIAN_POINT('',(2.508,0.794,-0.28));
#8085=CARTESIAN_POINT('',(2.508,0.762,-0.28));
#8086=CARTESIAN_POINT('',(2.54,0.794,-0.28));
#8087=CARTESIAN_POINT('Origin',(2.54,0.73,0.24));
#8088=CARTESIAN_POINT('',(2.508,0.73,0.24));
#8089=CARTESIAN_POINT('',(2.572,0.73,0.24));
#8090=CARTESIAN_POINT('Origin',(2.508,0.762,0.24));
#8091=CARTESIAN_POINT('',(2.508,0.794,0.24));
#8092=CARTESIAN_POINT('Origin',(2.54,0.794,0.24));
#8093=CARTESIAN_POINT('',(2.572,0.794,0.24));
#8094=CARTESIAN_POINT('Origin',(2.572,0.762,0.24));
#8095=CARTESIAN_POINT('Origin',(2.54,1.016,0.76));
#8096=CARTESIAN_POINT('',(2.572,0.984,0.76));
#8097=CARTESIAN_POINT('',(2.572,1.048,0.76));
#8098=CARTESIAN_POINT('',(2.572,1.016,0.76));
#8099=CARTESIAN_POINT('',(2.508,1.048,0.76));
#8100=CARTESIAN_POINT('',(2.54,1.048,0.76));
#8101=CARTESIAN_POINT('',(2.508,0.984,0.76));
#8102=CARTESIAN_POINT('',(2.508,1.016,0.76));
#8103=CARTESIAN_POINT('',(2.54,0.984,0.76));
#8104=CARTESIAN_POINT('Origin',(2.54,1.016,-0.28));
#8105=CARTESIAN_POINT('',(2.572,1.048,-0.28));
#8106=CARTESIAN_POINT('',(2.572,0.984,-0.28));
#8107=CARTESIAN_POINT('',(2.572,1.016,-0.28));
#8108=CARTESIAN_POINT('',(2.508,0.984,-0.28));
#8109=CARTESIAN_POINT('',(2.54,0.984,-0.28));
#8110=CARTESIAN_POINT('',(2.508,1.048,-0.28));
#8111=CARTESIAN_POINT('',(2.508,1.016,-0.28));
#8112=CARTESIAN_POINT('',(2.54,1.048,-0.28));
#8113=CARTESIAN_POINT('Origin',(2.54,0.984,0.24));
#8114=CARTESIAN_POINT('',(2.508,0.984,0.24));
#8115=CARTESIAN_POINT('',(2.572,0.984,0.24));
#8116=CARTESIAN_POINT('Origin',(2.508,1.016,0.24));
#8117=CARTESIAN_POINT('',(2.508,1.048,0.24));
#8118=CARTESIAN_POINT('Origin',(2.54,1.048,0.24));
#8119=CARTESIAN_POINT('',(2.572,1.048,0.24));
#8120=CARTESIAN_POINT('Origin',(2.572,1.016,0.24));
#8121=CARTESIAN_POINT('Origin',(2.54,1.27,0.76));
#8122=CARTESIAN_POINT('',(2.572,1.238,0.76));
#8123=CARTESIAN_POINT('',(2.572,1.302,0.76));
#8124=CARTESIAN_POINT('',(2.572,1.27,0.76));
#8125=CARTESIAN_POINT('',(2.508,1.302,0.76));
#8126=CARTESIAN_POINT('',(2.54,1.302,0.76));
#8127=CARTESIAN_POINT('',(2.508,1.238,0.76));
#8128=CARTESIAN_POINT('',(2.508,1.27,0.76));
#8129=CARTESIAN_POINT('',(2.54,1.238,0.76));
#8130=CARTESIAN_POINT('Origin',(2.54,1.27,-0.28));
#8131=CARTESIAN_POINT('',(2.572,1.302,-0.28));
#8132=CARTESIAN_POINT('',(2.572,1.238,-0.28));
#8133=CARTESIAN_POINT('',(2.572,1.27,-0.28));
#8134=CARTESIAN_POINT('',(2.508,1.238,-0.28));
#8135=CARTESIAN_POINT('',(2.54,1.238,-0.28));
#8136=CARTESIAN_POINT('',(2.508,1.302,-0.28));
#8137=CARTESIAN_POINT('',(2.508,1.27,-0.28));
#8138=CARTESIAN_POINT('',(2.54,1.302,-0.28));
#8139=CARTESIAN_POINT('Origin',(2.54,1.238,0.24));
#8140=CARTESIAN_POINT('',(2.508,1.238,0.24));
#8141=CARTESIAN_POINT('',(2.572,1.238,0.24));
#8142=CARTESIAN_POINT('Origin',(2.508,1.27,0.24));
#8143=CARTESIAN_POINT('',(2.508,1.302,0.24));
#8144=CARTESIAN_POINT('Origin',(2.54,1.302,0.24));
#8145=CARTESIAN_POINT('',(2.572,1.302,0.24));
#8146=CARTESIAN_POINT('Origin',(2.572,1.27,0.24));
#8147=CARTESIAN_POINT('Origin',(2.54,1.524,0.76));
#8148=CARTESIAN_POINT('',(2.572,1.492,0.76));
#8149=CARTESIAN_POINT('',(2.572,1.556,0.76));
#8150=CARTESIAN_POINT('',(2.572,1.524,0.76));
#8151=CARTESIAN_POINT('',(2.508,1.556,0.76));
#8152=CARTESIAN_POINT('',(2.54,1.556,0.76));
#8153=CARTESIAN_POINT('',(2.508,1.492,0.76));
#8154=CARTESIAN_POINT('',(2.508,1.524,0.76));
#8155=CARTESIAN_POINT('',(2.54,1.492,0.76));
#8156=CARTESIAN_POINT('Origin',(2.54,1.524,-0.28));
#8157=CARTESIAN_POINT('',(2.572,1.556,-0.28));
#8158=CARTESIAN_POINT('',(2.572,1.492,-0.28));
#8159=CARTESIAN_POINT('',(2.572,1.524,-0.28));
#8160=CARTESIAN_POINT('',(2.508,1.492,-0.28));
#8161=CARTESIAN_POINT('',(2.54,1.492,-0.28));
#8162=CARTESIAN_POINT('',(2.508,1.556,-0.28));
#8163=CARTESIAN_POINT('',(2.508,1.524,-0.28));
#8164=CARTESIAN_POINT('',(2.54,1.556,-0.28));
#8165=CARTESIAN_POINT('Origin',(2.54,1.492,0.24));
#8166=CARTESIAN_POINT('',(2.508,1.492,0.24));
#8167=CARTESIAN_POINT('',(2.572,1.492,0.24));
#8168=CARTESIAN_POINT('Origin',(2.508,1.524,0.24));
#8169=CARTESIAN_POINT('',(2.508,1.556,0.24));
#8170=CARTESIAN_POINT('Origin',(2.54,1.556,0.24));
#8171=CARTESIAN_POINT('',(2.572,1.556,0.24));
#8172=CARTESIAN_POINT('Origin',(2.572,1.524,0.24));
#8173=CARTESIAN_POINT('Origin',(2.54,1.778,0.76));
#8174=CARTESIAN_POINT('',(2.572,1.746,0.76));
#8175=CARTESIAN_POINT('',(2.572,1.81,0.76));
#8176=CARTESIAN_POINT('',(2.572,1.778,0.76));
#8177=CARTESIAN_POINT('',(2.508,1.81,0.76));
#8178=CARTESIAN_POINT('',(2.54,1.81,0.76));
#8179=CARTESIAN_POINT('',(2.508,1.746,0.76));
#8180=CARTESIAN_POINT('',(2.508,1.778,0.76));
#8181=CARTESIAN_POINT('',(2.54,1.746,0.76));
#8182=CARTESIAN_POINT('Origin',(2.54,1.778,-0.28));
#8183=CARTESIAN_POINT('',(2.572,1.81,-0.28));
#8184=CARTESIAN_POINT('',(2.572,1.746,-0.28));
#8185=CARTESIAN_POINT('',(2.572,1.778,-0.28));
#8186=CARTESIAN_POINT('',(2.508,1.746,-0.28));
#8187=CARTESIAN_POINT('',(2.54,1.746,-0.28));
#8188=CARTESIAN_POINT('',(2.508,1.81,-0.28));
#8189=CARTESIAN_POINT('',(2.508,1.778,-0.28));
#8190=CARTESIAN_POINT('',(2.54,1.81,-0.28));
#8191=CARTESIAN_POINT('Origin',(2.54,1.746,0.24));
#8192=CARTESIAN_POINT('',(2.508,1.746,0.24));
#8193=CARTESIAN_POINT('',(2.572,1.746,0.24));
#8194=CARTESIAN_POINT('Origin',(2.508,1.778,0.24));
#8195=CARTESIAN_POINT('',(2.508,1.81,0.24));
#8196=CARTESIAN_POINT('Origin',(2.54,1.81,0.24));
#8197=CARTESIAN_POINT('',(2.572,1.81,0.24));
#8198=CARTESIAN_POINT('Origin',(2.572,1.778,0.24));
#8199=CARTESIAN_POINT('Origin',(2.54,2.032,0.76));
#8200=CARTESIAN_POINT('',(2.572,2.,0.76));
#8201=CARTESIAN_POINT('',(2.572,2.064,0.76));
#8202=CARTESIAN_POINT('',(2.572,2.032,0.76));
#8203=CARTESIAN_POINT('',(2.508,2.064,0.76));
#8204=CARTESIAN_POINT('',(2.54,2.064,0.76));
#8205=CARTESIAN_POINT('',(2.508,2.,0.76));
#8206=CARTESIAN_POINT('',(2.508,2.032,0.76));
#8207=CARTESIAN_POINT('',(2.54,2.,0.76));
#8208=CARTESIAN_POINT('Origin',(2.54,2.032,-0.28));
#8209=CARTESIAN_POINT('',(2.572,2.064,-0.28));
#8210=CARTESIAN_POINT('',(2.572,2.,-0.28));
#8211=CARTESIAN_POINT('',(2.572,2.032,-0.28));
#8212=CARTESIAN_POINT('',(2.508,2.,-0.28));
#8213=CARTESIAN_POINT('',(2.54,2.,-0.28));
#8214=CARTESIAN_POINT('',(2.508,2.064,-0.28));
#8215=CARTESIAN_POINT('',(2.508,2.032,-0.28));
#8216=CARTESIAN_POINT('',(2.54,2.064,-0.28));
#8217=CARTESIAN_POINT('Origin',(2.54,2.,0.24));
#8218=CARTESIAN_POINT('',(2.508,2.,0.24));
#8219=CARTESIAN_POINT('',(2.572,2.,0.24));
#8220=CARTESIAN_POINT('Origin',(2.508,2.032,0.24));
#8221=CARTESIAN_POINT('',(2.508,2.064,0.24));
#8222=CARTESIAN_POINT('Origin',(2.54,2.064,0.24));
#8223=CARTESIAN_POINT('',(2.572,2.064,0.24));
#8224=CARTESIAN_POINT('Origin',(2.572,2.032,0.24));
#8225=CARTESIAN_POINT('Origin',(2.54,2.286,0.76));
#8226=CARTESIAN_POINT('',(2.572,2.254,0.76));
#8227=CARTESIAN_POINT('',(2.572,2.318,0.76));
#8228=CARTESIAN_POINT('',(2.572,2.286,0.76));
#8229=CARTESIAN_POINT('',(2.508,2.318,0.76));
#8230=CARTESIAN_POINT('',(2.54,2.318,0.76));
#8231=CARTESIAN_POINT('',(2.508,2.254,0.76));
#8232=CARTESIAN_POINT('',(2.508,2.286,0.76));
#8233=CARTESIAN_POINT('',(2.54,2.254,0.76));
#8234=CARTESIAN_POINT('Origin',(2.54,2.286,-0.28));
#8235=CARTESIAN_POINT('',(2.572,2.318,-0.28));
#8236=CARTESIAN_POINT('',(2.572,2.254,-0.28));
#8237=CARTESIAN_POINT('',(2.572,2.286,-0.28));
#8238=CARTESIAN_POINT('',(2.508,2.254,-0.28));
#8239=CARTESIAN_POINT('',(2.54,2.254,-0.28));
#8240=CARTESIAN_POINT('',(2.508,2.318,-0.28));
#8241=CARTESIAN_POINT('',(2.508,2.286,-0.28));
#8242=CARTESIAN_POINT('',(2.54,2.318,-0.28));
#8243=CARTESIAN_POINT('Origin',(2.54,2.254,0.24));
#8244=CARTESIAN_POINT('',(2.508,2.254,0.24));
#8245=CARTESIAN_POINT('',(2.572,2.254,0.24));
#8246=CARTESIAN_POINT('Origin',(2.508,2.286,0.24));
#8247=CARTESIAN_POINT('',(2.508,2.318,0.24));
#8248=CARTESIAN_POINT('Origin',(2.54,2.318,0.24));
#8249=CARTESIAN_POINT('',(2.572,2.318,0.24));
#8250=CARTESIAN_POINT('Origin',(2.572,2.286,0.24));
#8251=CARTESIAN_POINT('Origin',(2.54,2.54,0.76));
#8252=CARTESIAN_POINT('',(2.572,2.508,0.76));
#8253=CARTESIAN_POINT('',(2.572,2.572,0.76));
#8254=CARTESIAN_POINT('',(2.572,2.54,0.76));
#8255=CARTESIAN_POINT('',(2.508,2.572,0.76));
#8256=CARTESIAN_POINT('',(2.54,2.572,0.76));
#8257=CARTESIAN_POINT('',(2.508,2.508,0.76));
#8258=CARTESIAN_POINT('',(2.508,2.54,0.76));
#8259=CARTESIAN_POINT('',(2.54,2.508,0.76));
#8260=CARTESIAN_POINT('Origin',(2.54,2.54,-0.28));
#8261=CARTESIAN_POINT('',(2.572,2.572,-0.28));
#8262=CARTESIAN_POINT('',(2.572,2.508,-0.28));
#8263=CARTESIAN_POINT('',(2.572,2.54,-0.28));
#8264=CARTESIAN_POINT('',(2.508,2.508,-0.28));
#8265=CARTESIAN_POINT('',(2.54,2.508,-0.28));
#8266=CARTESIAN_POINT('',(2.508,2.572,-0.28));
#8267=CARTESIAN_POINT('',(2.508,2.54,-0.28));
#8268=CARTESIAN_POINT('',(2.54,2.572,-0.28));
#8269=CARTESIAN_POINT('Origin',(2.54,2.508,0.24));
#8270=CARTESIAN_POINT('',(2.508,2.508,0.24));
#8271=CARTESIAN_POINT('',(2.572,2.508,0.24));
#8272=CARTESIAN_POINT('Origin',(2.508,2.54,0.24));
#8273=CARTESIAN_POINT('',(2.508,2.572,0.24));
#8274=CARTESIAN_POINT('Origin',(2.54,2.572,0.24));
#8275=CARTESIAN_POINT('',(2.572,2.572,0.24));
#8276=CARTESIAN_POINT('Origin',(2.572,2.54,0.24));
#8277=CARTESIAN_POINT('Origin',(2.54,2.794,0.76));
#8278=CARTESIAN_POINT('',(2.572,2.762,0.76));
#8279=CARTESIAN_POINT('',(2.572,2.826,0.76));
#8280=CARTESIAN_POINT('',(2.572,2.794,0.76));
#8281=CARTESIAN_POINT('',(2.508,2.826,0.76));
#8282=CARTESIAN_POINT('',(2.54,2.826,0.76));
#8283=CARTESIAN_POINT('',(2.508,2.762,0.76));
#8284=CARTESIAN_POINT('',(2.508,2.794,0.76));
#8285=CARTESIAN_POINT('',(2.54,2.762,0.76));
#8286=CARTESIAN_POINT('Origin',(2.54,2.794,-0.28));
#8287=CARTESIAN_POINT('',(2.572,2.826,-0.28));
#8288=CARTESIAN_POINT('',(2.572,2.762,-0.28));
#8289=CARTESIAN_POINT('',(2.572,2.794,-0.28));
#8290=CARTESIAN_POINT('',(2.508,2.762,-0.28));
#8291=CARTESIAN_POINT('',(2.54,2.762,-0.28));
#8292=CARTESIAN_POINT('',(2.508,2.826,-0.28));
#8293=CARTESIAN_POINT('',(2.508,2.794,-0.28));
#8294=CARTESIAN_POINT('',(2.54,2.826,-0.28));
#8295=CARTESIAN_POINT('Origin',(2.54,2.762,0.24));
#8296=CARTESIAN_POINT('',(2.508,2.762,0.24));
#8297=CARTESIAN_POINT('',(2.572,2.762,0.24));
#8298=CARTESIAN_POINT('Origin',(2.508,2.794,0.24));
#8299=CARTESIAN_POINT('',(2.508,2.826,0.24));
#8300=CARTESIAN_POINT('Origin',(2.54,2.826,0.24));
#8301=CARTESIAN_POINT('',(2.572,2.826,0.24));
#8302=CARTESIAN_POINT('Origin',(2.572,2.794,0.24));
#8303=CARTESIAN_POINT('Origin',(2.54,3.048,0.76));
#8304=CARTESIAN_POINT('',(2.572,3.016,0.76));
#8305=CARTESIAN_POINT('',(2.572,3.08,0.76));
#8306=CARTESIAN_POINT('',(2.572,3.048,0.76));
#8307=CARTESIAN_POINT('',(2.508,3.08,0.76));
#8308=CARTESIAN_POINT('',(2.54,3.08,0.76));
#8309=CARTESIAN_POINT('',(2.508,3.016,0.76));
#8310=CARTESIAN_POINT('',(2.508,3.048,0.76));
#8311=CARTESIAN_POINT('',(2.54,3.016,0.76));
#8312=CARTESIAN_POINT('Origin',(2.54,3.048,-0.28));
#8313=CARTESIAN_POINT('',(2.572,3.08,-0.28));
#8314=CARTESIAN_POINT('',(2.572,3.016,-0.28));
#8315=CARTESIAN_POINT('',(2.572,3.048,-0.28));
#8316=CARTESIAN_POINT('',(2.508,3.016,-0.28));
#8317=CARTESIAN_POINT('',(2.54,3.016,-0.28));
#8318=CARTESIAN_POINT('',(2.508,3.08,-0.28));
#8319=CARTESIAN_POINT('',(2.508,3.048,-0.28));
#8320=CARTESIAN_POINT('',(2.54,3.08,-0.28));
#8321=CARTESIAN_POINT('Origin',(2.54,3.016,0.24));
#8322=CARTESIAN_POINT('',(2.508,3.016,0.24));
#8323=CARTESIAN_POINT('',(2.572,3.016,0.24));
#8324=CARTESIAN_POINT('Origin',(2.508,3.048,0.24));
#8325=CARTESIAN_POINT('',(2.508,3.08,0.24));
#8326=CARTESIAN_POINT('Origin',(2.54,3.08,0.24));
#8327=CARTESIAN_POINT('',(2.572,3.08,0.24));
#8328=CARTESIAN_POINT('Origin',(2.572,3.048,0.24));
#8329=CARTESIAN_POINT('Origin',(2.54,3.302,0.76));
#8330=CARTESIAN_POINT('',(2.572,3.27,0.76));
#8331=CARTESIAN_POINT('',(2.572,3.334,0.76));
#8332=CARTESIAN_POINT('',(2.572,3.302,0.76));
#8333=CARTESIAN_POINT('',(2.508,3.334,0.76));
#8334=CARTESIAN_POINT('',(2.54,3.334,0.76));
#8335=CARTESIAN_POINT('',(2.508,3.27,0.76));
#8336=CARTESIAN_POINT('',(2.508,3.302,0.76));
#8337=CARTESIAN_POINT('',(2.54,3.27,0.76));
#8338=CARTESIAN_POINT('Origin',(2.54,3.302,-0.28));
#8339=CARTESIAN_POINT('',(2.572,3.334,-0.28));
#8340=CARTESIAN_POINT('',(2.572,3.27,-0.28));
#8341=CARTESIAN_POINT('',(2.572,3.302,-0.28));
#8342=CARTESIAN_POINT('',(2.508,3.27,-0.28));
#8343=CARTESIAN_POINT('',(2.54,3.27,-0.28));
#8344=CARTESIAN_POINT('',(2.508,3.334,-0.28));
#8345=CARTESIAN_POINT('',(2.508,3.302,-0.28));
#8346=CARTESIAN_POINT('',(2.54,3.334,-0.28));
#8347=CARTESIAN_POINT('Origin',(2.54,3.27,0.24));
#8348=CARTESIAN_POINT('',(2.508,3.27,0.24));
#8349=CARTESIAN_POINT('',(2.572,3.27,0.24));
#8350=CARTESIAN_POINT('Origin',(2.508,3.302,0.24));
#8351=CARTESIAN_POINT('',(2.508,3.334,0.24));
#8352=CARTESIAN_POINT('Origin',(2.54,3.334,0.24));
#8353=CARTESIAN_POINT('',(2.572,3.334,0.24));
#8354=CARTESIAN_POINT('Origin',(2.572,3.302,0.24));
#8355=CARTESIAN_POINT('Origin',(2.54,3.556,0.76));
#8356=CARTESIAN_POINT('',(2.572,3.524,0.76));
#8357=CARTESIAN_POINT('',(2.572,3.588,0.76));
#8358=CARTESIAN_POINT('',(2.572,3.556,0.76));
#8359=CARTESIAN_POINT('',(2.508,3.588,0.76));
#8360=CARTESIAN_POINT('',(2.54,3.588,0.76));
#8361=CARTESIAN_POINT('',(2.508,3.524,0.76));
#8362=CARTESIAN_POINT('',(2.508,3.556,0.76));
#8363=CARTESIAN_POINT('',(2.54,3.524,0.76));
#8364=CARTESIAN_POINT('Origin',(2.54,3.556,-0.28));
#8365=CARTESIAN_POINT('',(2.572,3.588,-0.28));
#8366=CARTESIAN_POINT('',(2.572,3.524,-0.28));
#8367=CARTESIAN_POINT('',(2.572,3.556,-0.28));
#8368=CARTESIAN_POINT('',(2.508,3.524,-0.28));
#8369=CARTESIAN_POINT('',(2.54,3.524,-0.28));
#8370=CARTESIAN_POINT('',(2.508,3.588,-0.28));
#8371=CARTESIAN_POINT('',(2.508,3.556,-0.28));
#8372=CARTESIAN_POINT('',(2.54,3.588,-0.28));
#8373=CARTESIAN_POINT('Origin',(2.54,3.524,0.24));
#8374=CARTESIAN_POINT('',(2.508,3.524,0.24));
#8375=CARTESIAN_POINT('',(2.572,3.524,0.24));
#8376=CARTESIAN_POINT('Origin',(2.508,3.556,0.24));
#8377=CARTESIAN_POINT('',(2.508,3.588,0.24));
#8378=CARTESIAN_POINT('Origin',(2.54,3.588,0.24));
#8379=CARTESIAN_POINT('',(2.572,3.588,0.24));
#8380=CARTESIAN_POINT('Origin',(2.572,3.556,0.24));
#8381=CARTESIAN_POINT('Origin',(2.54,3.81,0.76));
#8382=CARTESIAN_POINT('',(2.572,3.778,0.76));
#8383=CARTESIAN_POINT('',(2.572,3.842,0.76));
#8384=CARTESIAN_POINT('',(2.572,3.81,0.76));
#8385=CARTESIAN_POINT('',(2.508,3.842,0.76));
#8386=CARTESIAN_POINT('',(2.54,3.842,0.76));
#8387=CARTESIAN_POINT('',(2.508,3.778,0.76));
#8388=CARTESIAN_POINT('',(2.508,3.81,0.76));
#8389=CARTESIAN_POINT('',(2.54,3.778,0.76));
#8390=CARTESIAN_POINT('Origin',(2.54,3.81,-0.28));
#8391=CARTESIAN_POINT('',(2.572,3.842,-0.28));
#8392=CARTESIAN_POINT('',(2.572,3.778,-0.28));
#8393=CARTESIAN_POINT('',(2.572,3.81,-0.28));
#8394=CARTESIAN_POINT('',(2.508,3.778,-0.28));
#8395=CARTESIAN_POINT('',(2.54,3.778,-0.28));
#8396=CARTESIAN_POINT('',(2.508,3.842,-0.28));
#8397=CARTESIAN_POINT('',(2.508,3.81,-0.28));
#8398=CARTESIAN_POINT('',(2.54,3.842,-0.28));
#8399=CARTESIAN_POINT('Origin',(2.54,3.778,0.24));
#8400=CARTESIAN_POINT('',(2.508,3.778,0.24));
#8401=CARTESIAN_POINT('',(2.572,3.778,0.24));
#8402=CARTESIAN_POINT('Origin',(2.508,3.81,0.24));
#8403=CARTESIAN_POINT('',(2.508,3.842,0.24));
#8404=CARTESIAN_POINT('Origin',(2.54,3.842,0.24));
#8405=CARTESIAN_POINT('',(2.572,3.842,0.24));
#8406=CARTESIAN_POINT('Origin',(2.572,3.81,0.24));
#8407=CARTESIAN_POINT('Origin',(2.54,4.064,0.76));
#8408=CARTESIAN_POINT('',(2.572,4.032,0.76));
#8409=CARTESIAN_POINT('',(2.572,4.096,0.76));
#8410=CARTESIAN_POINT('',(2.572,4.064,0.76));
#8411=CARTESIAN_POINT('',(2.508,4.096,0.76));
#8412=CARTESIAN_POINT('',(2.54,4.096,0.76));
#8413=CARTESIAN_POINT('',(2.508,4.032,0.76));
#8414=CARTESIAN_POINT('',(2.508,4.064,0.76));
#8415=CARTESIAN_POINT('',(2.54,4.032,0.76));
#8416=CARTESIAN_POINT('Origin',(2.54,4.064,-0.28));
#8417=CARTESIAN_POINT('',(2.572,4.096,-0.28));
#8418=CARTESIAN_POINT('',(2.572,4.032,-0.28));
#8419=CARTESIAN_POINT('',(2.572,4.064,-0.28));
#8420=CARTESIAN_POINT('',(2.508,4.032,-0.28));
#8421=CARTESIAN_POINT('',(2.54,4.032,-0.28));
#8422=CARTESIAN_POINT('',(2.508,4.096,-0.28));
#8423=CARTESIAN_POINT('',(2.508,4.064,-0.28));
#8424=CARTESIAN_POINT('',(2.54,4.096,-0.28));
#8425=CARTESIAN_POINT('Origin',(2.54,4.032,0.24));
#8426=CARTESIAN_POINT('',(2.508,4.032,0.24));
#8427=CARTESIAN_POINT('',(2.572,4.032,0.24));
#8428=CARTESIAN_POINT('Origin',(2.508,4.064,0.24));
#8429=CARTESIAN_POINT('',(2.508,4.096,0.24));
#8430=CARTESIAN_POINT('Origin',(2.54,4.096,0.24));
#8431=CARTESIAN_POINT('',(2.572,4.096,0.24));
#8432=CARTESIAN_POINT('Origin',(2.572,4.064,0.24));
#8433=CARTESIAN_POINT('Origin',(2.54,4.318,0.76));
#8434=CARTESIAN_POINT('',(2.572,4.286,0.76));
#8435=CARTESIAN_POINT('',(2.572,4.35,0.76));
#8436=CARTESIAN_POINT('',(2.572,4.318,0.76));
#8437=CARTESIAN_POINT('',(2.508,4.35,0.76));
#8438=CARTESIAN_POINT('',(2.54,4.35,0.76));
#8439=CARTESIAN_POINT('',(2.508,4.286,0.76));
#8440=CARTESIAN_POINT('',(2.508,4.318,0.76));
#8441=CARTESIAN_POINT('',(2.54,4.286,0.76));
#8442=CARTESIAN_POINT('Origin',(2.54,4.318,-0.28));
#8443=CARTESIAN_POINT('',(2.572,4.35,-0.28));
#8444=CARTESIAN_POINT('',(2.572,4.286,-0.28));
#8445=CARTESIAN_POINT('',(2.572,4.318,-0.28));
#8446=CARTESIAN_POINT('',(2.508,4.286,-0.28));
#8447=CARTESIAN_POINT('',(2.54,4.286,-0.28));
#8448=CARTESIAN_POINT('',(2.508,4.35,-0.28));
#8449=CARTESIAN_POINT('',(2.508,4.318,-0.28));
#8450=CARTESIAN_POINT('',(2.54,4.35,-0.28));
#8451=CARTESIAN_POINT('Origin',(2.54,4.286,0.24));
#8452=CARTESIAN_POINT('',(2.508,4.286,0.24));
#8453=CARTESIAN_POINT('',(2.572,4.286,0.24));
#8454=CARTESIAN_POINT('Origin',(2.508,4.318,0.24));
#8455=CARTESIAN_POINT('',(2.508,4.35,0.24));
#8456=CARTESIAN_POINT('Origin',(2.54,4.35,0.24));
#8457=CARTESIAN_POINT('',(2.572,4.35,0.24));
#8458=CARTESIAN_POINT('Origin',(2.572,4.318,0.24));
#8459=CARTESIAN_POINT('Origin',(2.54,4.572,0.76));
#8460=CARTESIAN_POINT('',(2.572,4.54,0.76));
#8461=CARTESIAN_POINT('',(2.572,4.604,0.76));
#8462=CARTESIAN_POINT('',(2.572,4.572,0.76));
#8463=CARTESIAN_POINT('',(2.508,4.604,0.76));
#8464=CARTESIAN_POINT('',(2.54,4.604,0.76));
#8465=CARTESIAN_POINT('',(2.508,4.54,0.76));
#8466=CARTESIAN_POINT('',(2.508,4.572,0.76));
#8467=CARTESIAN_POINT('',(2.54,4.54,0.76));
#8468=CARTESIAN_POINT('Origin',(2.54,4.572,-0.28));
#8469=CARTESIAN_POINT('',(2.572,4.604,-0.28));
#8470=CARTESIAN_POINT('',(2.572,4.54,-0.28));
#8471=CARTESIAN_POINT('',(2.572,4.572,-0.28));
#8472=CARTESIAN_POINT('',(2.508,4.54,-0.28));
#8473=CARTESIAN_POINT('',(2.54,4.54,-0.28));
#8474=CARTESIAN_POINT('',(2.508,4.604,-0.28));
#8475=CARTESIAN_POINT('',(2.508,4.572,-0.28));
#8476=CARTESIAN_POINT('',(2.54,4.604,-0.28));
#8477=CARTESIAN_POINT('Origin',(2.54,4.54,0.24));
#8478=CARTESIAN_POINT('',(2.508,4.54,0.24));
#8479=CARTESIAN_POINT('',(2.572,4.54,0.24));
#8480=CARTESIAN_POINT('Origin',(2.508,4.572,0.24));
#8481=CARTESIAN_POINT('',(2.508,4.604,0.24));
#8482=CARTESIAN_POINT('Origin',(2.54,4.604,0.24));
#8483=CARTESIAN_POINT('',(2.572,4.604,0.24));
#8484=CARTESIAN_POINT('Origin',(2.572,4.572,0.24));
#8485=UNCERTAINTY_MEASURE_WITH_UNIT(LENGTH_MEASURE(0.001),#8489,
'DISTANCE_ACCURACY_VALUE',
'Maximum model space distance between geometric entities at asserted c
onnectivities');
#8486=UNCERTAINTY_MEASURE_WITH_UNIT(LENGTH_MEASURE(0.001),#8489,
'DISTANCE_ACCURACY_VALUE',
'Maximum model space distance between geometric entities at asserted c
onnectivities');
#8487=(
GEOMETRIC_REPRESENTATION_CONTEXT(3)
GLOBAL_UNCERTAINTY_ASSIGNED_CONTEXT((#8485))
GLOBAL_UNIT_ASSIGNED_CONTEXT((#8489,#8491,#8492))
REPRESENTATION_CONTEXT('','3D')
);
#8488=(
GEOMETRIC_REPRESENTATION_CONTEXT(3)
GLOBAL_UNCERTAINTY_ASSIGNED_CONTEXT((#8486))
GLOBAL_UNIT_ASSIGNED_CONTEXT((#8489,#8491,#8492))
REPRESENTATION_CONTEXT('','3D')
);
#8489=(
LENGTH_UNIT()
NAMED_UNIT(*)
SI_UNIT(.CENTI.,.METRE.)
);
#8490=(
LENGTH_UNIT()
NAMED_UNIT(*)
SI_UNIT($,.METRE.)
);
#8491=(
NAMED_UNIT(*)
PLANE_ANGLE_UNIT()
SI_UNIT($,.RADIAN.)
);
#8492=(
NAMED_UNIT(*)
SI_UNIT($,.STERADIAN.)
SOLID_ANGLE_UNIT()
);
#8493=SHAPE_DEFINITION_REPRESENTATION(#8494,#8495);
#8494=PRODUCT_DEFINITION_SHAPE('',$,#8497);
#8495=SHAPE_REPRESENTATION('',(#5345),#8487);
#8496=PRODUCT_DEFINITION_CONTEXT('part definition',#8501,'design');
#8497=PRODUCT_DEFINITION('2026-10-02-22-14-16-167','RevG_model_U1',#8498,
#8496);
#8498=PRODUCT_DEFINITION_FORMATION('',$,#8503);
#8499=PRODUCT_RELATED_PRODUCT_CATEGORY('RevG_model_U1','RevG_model_U1',
(#8503));
#8500=APPLICATION_PROTOCOL_DEFINITION('international standard',
'automotive_design',2009,#8501);
#8501=APPLICATION_CONTEXT(
'Core Data for Automotive Mechanical Design Process');
#8502=PRODUCT_CONTEXT('part definition',#8501,'mechanical');
#8503=PRODUCT('2026-10-02-22-14-16-167','RevG_model_U1',$,(#8502));
#8504=PRESENTATION_STYLE_ASSIGNMENT((#8508));
#8505=PRESENTATION_STYLE_ASSIGNMENT((#8509));
#8506=PRESENTATION_STYLE_ASSIGNMENT((#8510));
#8507=PRESENTATION_STYLE_ASSIGNMENT((#8511));
#8508=SURFACE_STYLE_USAGE(.BOTH.,#8512);
#8509=SURFACE_STYLE_USAGE(.BOTH.,#8513);
#8510=SURFACE_STYLE_USAGE(.BOTH.,#8514);
#8511=SURFACE_STYLE_USAGE(.BOTH.,#8515);
#8512=SURFACE_SIDE_STYLE('',(#8516));
#8513=SURFACE_SIDE_STYLE('',(#8517));
#8514=SURFACE_SIDE_STYLE('',(#8518));
#8515=SURFACE_SIDE_STYLE('',(#8519));
#8516=SURFACE_STYLE_FILL_AREA(#8520);
#8517=SURFACE_STYLE_FILL_AREA(#8521);
#8518=SURFACE_STYLE_FILL_AREA(#8522);
#8519=SURFACE_STYLE_FILL_AREA(#8523);
#8520=FILL_AREA_STYLE('Steel - Satin',(#8524));
#8521=FILL_AREA_STYLE('Opaque(10,10,10)',(#8525));
#8522=FILL_AREA_STYLE('Opaque(192,192,192)',(#8526));
#8523=FILL_AREA_STYLE('Opaque(228,180,12)',(#8527));
#8524=FILL_AREA_STYLE_COLOUR('Steel - Satin',#8528);
#8525=FILL_AREA_STYLE_COLOUR('Opaque(10,10,10)',#8529);
#8526=FILL_AREA_STYLE_COLOUR('Opaque(192,192,192)',#8530);
#8527=FILL_AREA_STYLE_COLOUR('Opaque(228,180,12)',#8531);
#8528=COLOUR_RGB('Steel - Satin',0.627450980392157,0.627450980392157,0.627450980392157);
#8529=COLOUR_RGB('Opaque(10,10,10)',0.0392156862745098,0.0392156862745098,
0.0392156862745098);
#8530=COLOUR_RGB('Opaque(192,192,192)',0.752941176470588,0.752941176470588,
0.752941176470588);
#8531=COLOUR_RGB('Opaque(228,180,12)',0.894117647058824,0.705882352941177,
0.0470588235294118);
ENDSEC;
END-ISO-10303-21;
